magnitude_bin,episode_id,anchor_event_id,anchor_time_utc,anchor_magnitude,maximum_magnitude,member_count,member_time_min_utc,member_time_max_utc,member_event_ids_sha256,member_event_ids
m5_6,b67f288577d895961116fbb54c8f28be70c6a000131f52d967e29a28745998cc,eqv1_6enunqlbx5f3lfkywpcv2xadmb,1970-01-04T17:32:40Z,5.2,5.9,8,1970-01-04T17:32:40Z,1970-01-14T10:14:17Z,78852679ef4937df3a26007a3d03bb1b94d2ece0bda5ad277ac48fa650f9f40d,eqv1_6enunqlbx5f3lfkywpcv2xadmb|eqv1_5xzjzb6wh6skcgctoc4uvrhvrz|eqv1_zskgo2bhjuizf5yqxiaajfgcwh|eqv1_p63xekqrdar4ueegkbb2zm6463|eqv1_j6krvewunyfggu6pwigpmi264f|eqv1_7njjbybgrxgfnmfs4r3zgppkrg|eqv1_qpwopwchoauhzv62xwzs2zdz3m|eqv1_usluqtfdv27ytmuvvh44f2djjp
m5_6,7ae4a6dd84db3027e247a2b33aa67a3b675601aabc2e734bff40cb2a2c386c5f,eqv1_yhidjuid7s4ryhy3pblkngblzi,1970-02-05T03:40:00Z,5.7,5.7,1,1970-02-05T03:40:00Z,1970-02-05T03:40:00Z,88a7601dd0f6d36cc80e8179f244efe3e189daacb7f50ba441a871d58e335dc6,eqv1_yhidjuid7s4ryhy3pblkngblzi
m5_6,51e90a7f46ac8dce36f1a5eb39b28769cc37a40eb798fa60edabd24fcfcc341a,eqv1_t7pcj3tskqvu7iahel2uvmpsmo,1970-02-06T22:32:39Z,5.5,5.5,1,1970-02-06T22:32:39Z,1970-02-06T22:32:39Z,e42dee16c3940ab9508b6cf587ceaff1a9a7ed8e0a1adb926094546e5df7d32f,eqv1_t7pcj3tskqvu7iahel2uvmpsmo
m5_6,f8ac8629370aec5d2ca79796c76716b6a5734ceb147230462536d5f6a38a072f,eqv1_iklkbpft5vm4zcgnuxwjdgi5z6,1970-03-11T01:37:20Z,5.2,5.9,3,1970-03-11T01:37:20Z,1970-03-12T18:09:53Z,29bb08c24ca01c63ced0b55c90843c437b97d3a593059445dab9ecd0c025ef76,eqv1_iklkbpft5vm4zcgnuxwjdgi5z6|eqv1_hywlvsxg7p3t5yvw6pzyimakj7|eqv1_vjnsmajak3h7kvqxgqsd5kyu46
m5_6,e6f8a2119416f1a0c1d066c2b7fe837546acceebe1e7e7ffae4d47f744ba9b8f,eqv1_4gmmaxhbu32rd734etnm7amrol,1970-03-29T03:48:48Z,5.0,5.0,1,1970-03-29T03:48:48Z,1970-03-29T03:48:48Z,8d331a18d4afcb5c035dd88f6ade0decb8346247f478c4fabc1963b07d1325bc,eqv1_4gmmaxhbu32rd734etnm7amrol
m5_6,30510c890c70121e50996441e6af477487404bcf297599fdb91078ed1eb1bdaf,eqv1_iosncihmayqcrb6zczllca3a7r,1970-07-29T05:50:57Z,5.9,5.9,2,1970-07-29T05:50:57Z,1970-07-29T05:50:57Z,eb6586ac23549adda20483e9e76c51d328161772c191b28628fe42fcf6848132,eqv1_iosncihmayqcrb6zczllca3a7r|eqv1_pyhyfc2o6uapapzga5ni7rkif4
m5_6,075feff495e14f09cbe539a734f164963992730a25bf7265bd1d1dbcf9b19da3,eqv1_c6l5vhvlrnn7sbyzt7dy23x5mn,1970-07-31T13:10:49Z,5.4,5.4,1,1970-07-31T13:10:49Z,1970-07-31T13:10:49Z,9a8250ce8b7769f8f5505ec5aa5a776b94d3a80efd634216e446623cfecd7b6b,eqv1_c6l5vhvlrnn7sbyzt7dy23x5mn
m5_6,fd492e6f03d4a236bb1972d88526c0746626fcae37b9cbd044dd6a05c5cdb756,eqv1_fdk7eh5vvq4bizx5gxzcukov7a,1970-09-05T13:37:33Z,5.5,5.5,2,1970-09-05T13:37:33Z,1970-09-05T13:37:33Z,9d63648b98139d592866a6f0feaf6a7dc8e100fe7fa3b2a7b6e57936bfe2b231,eqv1_fdk7eh5vvq4bizx5gxzcukov7a|eqv1_zmfaa65pibrk54s544r7pkh7vb
m5_6,d28873d96a077165f9432101803dd1dbd58399285216c06b059d10d2f9ed07ca,eqv1_34nb6uuhkrow4dffnl2qumcbsn,1970-11-08T09:15:56Z,5.5,5.5,2,1970-11-08T09:15:56Z,1970-11-08T09:15:56Z,b872ca97abdcabd6c3e96615ccbfeb666b60945b3afaf3bf4f5fdd85802c67fe,eqv1_34nb6uuhkrow4dffnl2qumcbsn|eqv1_xjngnvwlg6i7v6xfayzj3oh2yn
m5_6,b241d8b26296b9a88aca59c491bc1a2ebc71c63504b419c746ca4eb938a03aa8,eqv1_qlrearxz43t5w4k5vfkadzdv5u,1970-11-16T04:57:31Z,5.4,5.4,1,1970-11-16T04:57:31Z,1970-11-16T04:57:31Z,0974a0367b7da8a1bf963998d71886a68c8ae54cadeb75855b69b8d03455bc23,eqv1_qlrearxz43t5w4k5vfkadzdv5u
m5_6,ac2864e2526b5713ba7d178429b356966fe3199b58a5779f0dc7d9ee3715529e,eqv1_aymhdfjwune3e76b4qim6flgyg,1970-11-29T02:03:37Z,5.0,5.0,1,1970-11-29T02:03:37Z,1970-11-29T02:03:37Z,f7c2f1bc6d34f318e27b4beae3655084416a7e27eaf81a220b41faef83f2a8ec,eqv1_aymhdfjwune3e76b4qim6flgyg
m5_6,f52ed5e80808f90e72ff61299175ed8918d34b93f61ce4ea3492c84e17fdf7eb,eqv1_hqbhz43lfr5wlqdbioxnycydt2,1970-12-02T19:12:50Z,5.1,5.1,1,1970-12-02T19:12:50Z,1970-12-02T19:12:50Z,8a30bad6799d1412c373b46a45957a48d3166e77d912af405e35f89ff7cefcf3,eqv1_hqbhz43lfr5wlqdbioxnycydt2
m5_6,d258b251ad66dc34a5d5df138dd2d32ba8132945084726094494f7cd26860f45,eqv1_rbcoqobhyw7rirjjzkob2g435s,1971-02-05T09:10:33Z,5.8,5.8,1,1971-02-05T09:10:33Z,1971-02-05T09:10:33Z,5698807c403a61ca380a528de46fcdc0b977ebe6957330202a21fcbb288db4ff,eqv1_rbcoqobhyw7rirjjzkob2g435s
m5_6,6612cadd9abcfe7946832efc457afd7f6fb0bba26bf9e2bd2a888d56b674d487,eqv1_2yy2mnrjzxgut562vzpaqns6qe,1971-03-24T20:54:31Z,5.0,5.0,2,1971-03-24T20:54:31Z,1971-03-24T21:01:59Z,e6b478fa068f5133512e099cdfcfaf46590e333fd9ad6187bb1a3d7582e7a931,eqv1_2yy2mnrjzxgut562vzpaqns6qe|eqv1_qvrak4hllcwaztzrhyirlnqjx4
m5_6,e0306432f29dfaf861cedea4f618e5f53c9bc5b3c24ea512ca0ce0ff308f5ba1,eqv1_yq5ghjryz34gdntsuzuanxandv,1971-05-03T00:33:24Z,5.4,5.4,1,1971-05-03T00:33:24Z,1971-05-03T00:33:24Z,0e82e6e65a926cfe002c2b11fab1e666642084cf580442c477f364caf9e67f71,eqv1_yq5ghjryz34gdntsuzuanxandv
m5_6,db11561870e5eb4defb361dd3a3e35a2437d48bd8bce696a1e1c9008faff8daa,eqv1_sti2lscv42ee6lc4fdvaety2ju,1971-06-15T07:39:38Z,5.2,5.8,5,1971-06-15T07:39:38Z,1971-06-19T17:23:00Z,8347b212aaa9601aa730e96bbaa8c09b284c6091463a05aa7792ae5433641269,eqv1_sti2lscv42ee6lc4fdvaety2ju|eqv1_5zgotmetmveb44zrbgq7jahc7x|eqv1_rakyycvtimz3zka4fv4gggxhpy|eqv1_k7nhfqgttdswx4d4hg6pmjgn27|eqv1_kotck4j6dvl26uuyzhf562jaey
m5_6,8ab095b318914746ff71f174383854818cb78801133928a41141b47067acbf23,eqv1_ea3x3gevqyimfvgnpxwepjoxbq,1971-06-28T05:01:47Z,5.1,5.1,1,1971-06-28T05:01:47Z,1971-06-28T05:01:47Z,2ed93531c30939cc3e72d66b94a9ff72a9946fa521fda964faa735c80a9b9559,eqv1_ea3x3gevqyimfvgnpxwepjoxbq
m5_6,4c8e282e9f49d052baee8f04af5ffbb13df71d42832859097b62155b0241709e,eqv1_55ahjcd52h2kgp3nt3sykv2ls7,1971-07-26T01:48:35Z,5.7,5.7,1,1971-07-26T01:48:35Z,1971-07-26T01:48:35Z,a81a1803788b63022cbf561d1b070fa1caf11abe1c9b96bf2287d1f80c753a3c,eqv1_55ahjcd52h2kgp3nt3sykv2ls7
m5_6,a66d8ab16a3d6e5508b48a1cb5a59ae3703db66a28d00335c220bf2a37fd3f74,eqv1_svm3aclugceqippg2scyrp63tj,1971-08-16T04:57:59Z,5.9,5.9,6,1971-08-16T04:57:59Z,1971-08-23T05:36:04Z,d5868c526b8c0fdf5bc584afc286eaecd7ded18819a25efa312c0c0ba30952a5,eqv1_svm3aclugceqippg2scyrp63tj|eqv1_r3abh2jbw4ux77bowzwojix355|eqv1_s7nv226bwbhnq4ovou4k23xtfh|eqv1_2x77rrdqe7jrbcofzwqhy2ukls|eqv1_dgfjlsifrgjgy4ulwvokkr2dn7|eqv1_bxh2jazpmfm34q5c2gpl7lr4gc
m5_6,2fbfb1efb00dfaf4588e0b568424ebba7b29a836af6e8b1e40741336600faca1,eqv1_oslg4yefe76h6xllugqkp4naav,1971-09-21T09:13:52Z,5.1,5.1,1,1971-09-21T09:13:52Z,1971-09-21T09:13:52Z,da957f29c5c482b60d6eba1ffe7edceb0480a83eafd36db717df07ce71ac1b04,eqv1_oslg4yefe76h6xllugqkp4naav
m5_6,c04bbaf0acc78723e1494b3507fcb90c7f1d6e7abd1c9cfa599a76ca29598f1b,eqv1_vzxhjmtskthcrdix63qgra27xj,1971-10-24T08:59:06Z,5.0,5.0,1,1971-10-24T08:59:06Z,1971-10-24T08:59:06Z,24e5848b37709a51dad126cddfecdf638de9cc43157c28c0b2c1a88519c8e241,eqv1_vzxhjmtskthcrdix63qgra27xj
m5_6,31e30e79f1958a4c39653141f96f16af11bbde9bf0872a0ebb3c8bd40b4516ac,eqv1_emdurqggluwnuyapbd3fxwqojy,1971-11-01T05:30:00Z,5.0,5.0,1,1971-11-01T05:30:00Z,1971-11-01T05:30:00Z,962103b0e36541fd84202c28ff9e50e7d818d2cae0c7c343599e7ef6e031920d,eqv1_emdurqggluwnuyapbd3fxwqojy
m5_6,47691ca5a37edd01ddb004bee3a75b3961af82922f873ac66773f6650e3bb2d9,eqv1_cb7m3hozzzmiuqqtsc76ktawei,1972-01-12T18:37:21Z,5.4,5.4,1,1972-01-12T18:37:21Z,1972-01-12T18:37:21Z,f999d028dbd54ac0c4c5b253b8c0a525a4a12992d492b63d5adec5b917af3afb,eqv1_cb7m3hozzzmiuqqtsc76ktawei
m5_6,706e749b26c4e68dff0684821530d0fbe05464af33ba8d3ccc0298972c33db0d,eqv1_cj5cgj4qntbt2dlx36xuchmdd2,1972-01-23T02:05:56Z,5.6,5.6,1,1972-01-23T02:05:56Z,1972-01-23T02:05:56Z,6205f6c2f412865fdfb54f388362585e4e5c838dd18c1755b2f5a8948b5456f9,eqv1_cj5cgj4qntbt2dlx36xuchmdd2
m5_6,7a103cfd32966287843b8df0133c4c6790b40a664e705b6cf87aac0872afc779,eqv1_murhrvcn7cicf6hhq3uynak3f4,1972-04-08T09:33:39Z,5.2,5.2,1,1972-04-08T09:33:39Z,1972-04-08T09:33:39Z,70755f98093de124e4356e508cf1f8c4d08bbe4d5635489367a913fccc20f35e,eqv1_murhrvcn7cicf6hhq3uynak3f4
m5_6,1e4cf5eae2de9d12c4acce75514227ad5c179f8559a2df5e906e195d9717a496,eqv1_tutqqc72kctkvfzqyuocozc75d,1972-04-09T04:10:50Z,5.6,5.6,1,1972-04-09T04:10:50Z,1972-04-09T04:10:50Z,61e6a4cf24c953def3f9b8f82ce2193e29021df5268eeb4255b96c3d119cc7c4,eqv1_tutqqc72kctkvfzqyuocozc75d
m5_6,40533270270d4f8a41304643739e72b820bfbc0a72374ce9d8475f44af48bfc2,eqv1_q4j4rx3mknirrst5ogoujpcwbk,1972-08-27T14:49:32Z,5.4,5.4,1,1972-08-27T14:49:32Z,1972-08-27T14:49:32Z,4b6985d6cab2abae549cff6568ff8bd265d7eaf88ef31509fb3054d250afd40c,eqv1_q4j4rx3mknirrst5ogoujpcwbk
m5_6,244ec888914ced3410bc67f5c2191a67af4e33b7b024220497f07da897728de6,eqv1_2e3auknplckxa7z3apyvyyivl7,1972-08-30T15:14:06Z,5.5,5.5,3,1972-08-30T15:14:06Z,1972-08-30T18:51:32Z,b9dea3e762a2411d9484887b69e6a04899a4c119a61dfa5a3d1633de7f22332c,eqv1_2e3auknplckxa7z3apyvyyivl7|eqv1_d26sdrnnxs4cxzqr3oh5zpaze7|eqv1_h7weirqft2kxpllux7calbdlqr
m5_6,db628f10c0e8fd1cf698b73da487cdc771ef2a6f5e0753f1f5cd915e25c327da,eqv1_p452n2wiqx5gzitdwm6bgxhlfg,1972-09-27T00:08:31Z,5.6,5.7,3,1972-09-27T00:08:31Z,1972-09-29T20:24:41Z,f981b81d9af5705b3356a3a7a14f0be2be7820294d887dc0c4a77fc2dd649a32,eqv1_p452n2wiqx5gzitdwm6bgxhlfg|eqv1_i5gsuxrv4dklxylizaewoqhhd5|eqv1_dswcahoxnqvpkcgiply6imvsfi
m5_6,efa185d67da3836a4dae202f8d007c7f19ecf05e4cb611d55764bf9ecda55929,eqv1_v5nz5cz5gjmnjwjrurxczjy62t,1972-12-30T23:54:05Z,5.2,5.2,1,1972-12-30T23:54:05Z,1972-12-30T23:54:05Z,4aba475e89be265c5db7730418253fdbc75223dc50450e6cf4920842858b38bf,eqv1_v5nz5cz5gjmnjwjrurxczjy62t
m5_6,3b48b987baada3358e43042bdded2e90145dfcc05d8f2324845a34302d63f59f,eqv1_hgjvfw644aiszsmkynjzvx35si,1973-02-06T10:47:00Z,5.0,5.0,2,1973-02-06T10:47:00Z,1973-02-07T09:20:57Z,978ac8fb7ff48f730abe5759f886e41057cafe215a7ed5892b2ef60a0ac5dbad,eqv1_hgjvfw644aiszsmkynjzvx35si|eqv1_bpqu4xt4yc7lks6bc423qwezsi
m5_6,4521c763b341e5d2a881d496f069481e0a4d89d0c461f6af6ba3f7f1e6f1bc86,eqv1_esn3v3737bo5d3ymncipuokb42,1973-03-22T01:06:57Z,5.3,5.3,1,1973-03-22T01:06:57Z,1973-03-22T01:06:57Z,573ff47bd1902e0e6b99c01d55af50329e39b160522b82b0ba1a1616a5d3610a,eqv1_esn3v3737bo5d3ymncipuokb42
m5_6,028079b0750a4d3a371eb3f57a6891dca517aadbfed61049d835dce58ffa46b5,eqv1_4udhuolnn7u72r6o64gcc4d7va,1973-03-22T06:10:24Z,5.5,5.5,1,1973-03-22T06:10:24Z,1973-03-22T06:10:24Z,22554fd1a5b9627eba8516483955402d9047552cac52d846afba0ed592e313a0,eqv1_4udhuolnn7u72r6o64gcc4d7va
m5_6,7d2f597a3cc2a811aee0f0824d2ca01e688aabced8572bffc09554c857aa4d8b,eqv1_ccksxz65cb7tdjnw4nqwgoc5gm,1973-03-23T19:14:54Z,5.5,5.5,1,1973-03-23T19:14:54Z,1973-03-23T19:14:54Z,7ff383f222e2284e371e048ff52528221208dcfe44c0ce1c3485718a08218619,eqv1_ccksxz65cb7tdjnw4nqwgoc5gm
m5_6,aac319510efc287ec89c90d70af957cfc9bc3092c5955f03841b655088bcf821,eqv1_fksdra54g6povaqihkd2cx2j64,1973-04-22T05:46:21Z,5.1,5.1,1,1973-04-22T05:46:21Z,1973-04-22T05:46:21Z,3bfbfdcffd5145693ed1262fb1b3c876b0ebe53c8891dcc80a2a87828eb8a363,eqv1_fksdra54g6povaqihkd2cx2j64
m5_6,a62175d8e4f35d07f36bee81089c279a1df60a09bf9a80ed82cf98bccfdfe43d,eqv1_f57e3nvtuqdd4vr26vpr7seacw,1973-05-08T10:01:35Z,5.1,5.1,1,1973-05-08T10:01:35Z,1973-05-08T10:01:35Z,abe19f210528bcfa9ba39b89df23ddc9b878f66a8f36826998481d30d39130d9,eqv1_f57e3nvtuqdd4vr26vpr7seacw
m5_6,35ecbd92ee8f37c8a502ae82aafa6f59e42b7b3918e04d98046540454d0a25a7,eqv1_b7dlmzz5ldo3t6nqr5h55sxlik,1973-05-17T09:38:09Z,5.1,5.1,1,1973-05-17T09:38:09Z,1973-05-17T09:38:09Z,5ae5674cdbc79eb1feaf14a7af0a397d0c7b3a57fed5e5ea27fad0d53eef8676,eqv1_b7dlmzz5ldo3t6nqr5h55sxlik
m5_6,fd0556871d8665e81e53874a1d9a3165a15787192d2f03e4c0d90c96a7bea45c,eqv1_6zey4lzwm2zckuhx422tx736mu,1973-06-01T16:39:49Z,5.0,5.0,1,1973-06-01T16:39:49Z,1973-06-01T16:39:49Z,773e2b69ec139a6ed6cd2536f71300c9e8c508f5f79cb76f2c3e70240cd3fe63,eqv1_6zey4lzwm2zckuhx422tx736mu
m5_6,80c528a1e54ce29317159965d6c8060776e4507abae168d759309a91b0352882,eqv1_52wqhf3bbpzualbzjgvccdm44k,1973-06-10T16:08:44Z,5.0,5.0,1,1973-06-10T16:08:44Z,1973-06-10T16:08:44Z,e40122c63a97eb4013019687a29c975d43d571810197a48042eda8b06e2b2980,eqv1_52wqhf3bbpzualbzjgvccdm44k
m5_6,520cc0e5357d3e668a1d73e6cf29f65b965200f3dd9f8102e214ca264204178e,eqv1_yzrnmuczzdux7lkqxvgg5nam5u,1973-06-16T07:22:50Z,5.1,5.1,1,1973-06-16T07:22:50Z,1973-06-16T07:22:50Z,eeea35fb0232e0ac2301c0673ba9ba88773c665e2a1fdcc422885c67fb1807de,eqv1_yzrnmuczzdux7lkqxvgg5nam5u
m5_6,58ba3b3a52a66134d9dcbcabe523aa13a36de65e4fcfbe2badb6536fdc4e703a,eqv1_k5xajsp22zwzai2hxusudm4fyh,1973-06-28T21:59:27Z,5.4,5.4,2,1973-06-28T21:59:27Z,1973-06-29T17:52:01Z,24112405d235b1f80e31798ce3c450654e19c6cf5391cbbef1dacc4eb2dcf9a0,eqv1_k5xajsp22zwzai2hxusudm4fyh|eqv1_m2ylymd3m7re2jr6rkxxmh57da
m5_6,b2ee9b8e1c77257a6505c3948eb838383ddd6feb3c23fb6861bbbd5a0febabbf,eqv1_hx2vbnxoq3memnym5j3dd7li6r,1973-07-14T09:12:45Z,5.2,5.2,3,1973-07-14T09:12:45Z,1973-07-21T19:50:03Z,0771586ac417c231cf0fdd54d181518a0794cb49fbe90387da3a1a88faa14463,eqv1_hx2vbnxoq3memnym5j3dd7li6r|eqv1_zridcok3iwwgxlqo643fnukl4m|eqv1_7iso3ajexn6kdbhf6a6jzwxnfr
m5_6,85d417ac61de60b2da1c4cb5db62e006cba26493509d514e7c0d5c6ccbd427a8,eqv1_bhklnfwgfjdoeyykb3st2azzug,1973-08-02T08:58:16Z,5.4,5.4,1,1973-08-02T08:58:16Z,1973-08-02T08:58:16Z,bfa5c56032aa1f805768ee5c6de9e125a946a8ac771bda56a5c5f831217d0bd8,eqv1_bhklnfwgfjdoeyykb3st2azzug
m5_6,ec59cbbbd17b7277f5733cfcf1ef051b345249549d30021352837899a82ebfc4,eqv1_bgtm3hvlr4r7lu7h3g5q2g65ur,1973-08-16T06:05:29Z,5.2,5.2,1,1973-08-16T06:05:29Z,1973-08-16T06:05:29Z,3716fecdef09e30722fa3c4438ffad2bdc56cb4cba7e77d3dd4cd92f3939fc12,eqv1_bgtm3hvlr4r7lu7h3g5q2g65ur
m5_6,07e7486d165e3b10cdffe6910e78440dcc7df34bfc6a8283c49bccaa8b466939,eqv1_e63lyvfg7swarcny2tkfuf4mcf,1973-08-16T08:02:50Z,5.5,5.5,2,1973-08-16T08:02:50Z,1973-09-08T07:59:32Z,303308028b6bad0d76fb870165b8ad7c68ae165aa7178041130c2ede83a8fa94,eqv1_e63lyvfg7swarcny2tkfuf4mcf|eqv1_jwk4ub5loep35zmkxr3365jujd
m5_6,88ea94fecb3aab455ca31f82ef4210712cb15f810f7f16aad2a8d2dd9ce9cddc,eqv1_57rnvgqyvy24s2rxny2ywwdkgd,1973-09-09T02:13:41Z,5.8,5.8,2,1973-09-09T02:13:41Z,1973-09-09T02:42:29Z,28651d2454060e1615188fecd8205d4184506864197c3a958f2136eb1a74f5d3,eqv1_57rnvgqyvy24s2rxny2ywwdkgd|eqv1_27773pvh4w7gdfms3i7m7jg464
m5_6,f97d68af5c5a8042ae2c266ad552317bd9e30733b976ce05a38a08329457bbc1,eqv1_sdeg224xurvfdqkp5k4pagizl4,1973-11-21T19:47:56Z,5.1,5.1,1,1973-11-21T19:47:56Z,1973-11-21T19:47:56Z,387c7a61b0d03e5f4a4299e8cec86b34f161adb9e2101f067932d3948d184fcc,eqv1_sdeg224xurvfdqkp5k4pagizl4
m5_6,7ac4c17f57cdffe2c05e3ac706c6ac6fb57bc8cc4edb9dc69eb5ce36e248ad15,eqv1_b3ttezqtzzlh74qw7xg6rtoaly,1973-11-28T15:55:18Z,5.0,5.0,1,1973-11-28T15:55:18Z,1973-11-28T15:55:18Z,c59a4f475cfb3185d9c26b77c90cdafb1d74f40f878dd6541f09add96571c68d,eqv1_b3ttezqtzzlh74qw7xg6rtoaly
m5_6,68319fbb2b1d7f6aec349b4d80b479e353523b830ad0605d401817f36bdb26dc,eqv1_l7gic3sqoywdrxkpfpjixzar7i,1973-12-31T11:00:55Z,5.3,5.3,1,1973-12-31T11:00:55Z,1973-12-31T11:00:55Z,093fa0f6358bba7cf659693296f7f3768124e3412ad79a8b9c0c7c9fc68601e0,eqv1_l7gic3sqoywdrxkpfpjixzar7i
m5_6,eab02a979b55d256c8044f11e4fa4afa99e17fcb3871eed667d6fbfda159fc56,eqv1_pmqesptvjwbroyutcy3qh26rva,1974-01-15T22:50:26Z,5.7,5.7,1,1974-01-15T22:50:26Z,1974-01-15T22:50:26Z,fe08aaead5fb5f4e375b9d95ad12d57ec352481e0dbcc3ba6b6fe1cd5fcec2d2,eqv1_pmqesptvjwbroyutcy3qh26rva
m5_6,60fc6dc645ae76caa475b93f36550cded1354f157e85ad304d4f1fd52091b989,eqv1_ykaoj26dl4sdyotcg6s2rooshi,1974-03-03T04:53:15Z,5.7,5.7,1,1974-03-03T04:53:15Z,1974-03-03T04:53:15Z,fa127a61d920d2fe425ebf859fa254f12b1303a425e9768f333f4661e50ecfdc,eqv1_ykaoj26dl4sdyotcg6s2rooshi
m5_6,93d0e4fed913bc102186861fbe4bbd050c26cb9ed361bcdd4b9c17e5baf18622,eqv1_x2ozz6htlpf2tfxeu3fds54dur,1974-04-22T00:29:17Z,5.5,5.5,1,1974-04-22T00:29:17Z,1974-04-22T00:29:17Z,c3916faf4f0a81fce56f49ec13aa9a12877c6d97325f1dd696ca415daf899280,eqv1_x2ozz6htlpf2tfxeu3fds54dur
m5_6,51e6559b1ca58d3b621b6c8bc54b0cde80c455bccd941fd46247867b7bb30fca,eqv1_ltevtxtytnixl4efp7rvzejsaq,1974-06-05T00:02:08Z,5.2,5.2,1,1974-06-05T00:02:08Z,1974-06-05T00:02:08Z,734faf4db39f910893f33e8ed6773f2f785104c539529cc91cef54cdb45d6d95,eqv1_ltevtxtytnixl4efp7rvzejsaq
m5_6,99f679e4ca92c294e672bef73cbce0bfc7e3144aef9926312bae89edf5674562,eqv1_md45fckuxu2eockdwpuvmkb3ar,1974-06-05T12:30:22Z,5.0,5.7,3,1974-06-05T12:30:22Z,1974-06-15T14:27:33Z,a4fd27c3bc80a40057aea0ddeb2b9af5a337c1c9e9da8777ced4cb88e010e621,eqv1_md45fckuxu2eockdwpuvmkb3ar|eqv1_iadjlchslvtgob4bewcgnmyddt|eqv1_n4lyiaudc4nnotcoa4znfqi6v3
m5_6,247fdf4c3c0dde9b66a15d4d9dcfefd265f4fcb7740263a70f1d16b99f12c733,eqv1_2pnn3pzvq3tkpaqkosr3wypije,1974-06-15T10:19:28Z,5.0,5.0,1,1974-06-15T10:19:28Z,1974-06-15T10:19:28Z,17e5ab1e7d7768b592d00c67b59b74e1be9cf8dbc118b80945df49ef84edd5c7,eqv1_2pnn3pzvq3tkpaqkosr3wypije
m5_6,da5cf3cc98917c87abf529d9041f8b20c89f9ee83bcdf2904b062da7cbf78b60,eqv1_5xlc7irh7megst5k75qci27dgw,1974-07-09T16:20:28Z,5.2,5.2,1,1974-07-09T16:20:28Z,1974-07-09T16:20:28Z,b8b5ac86987fb42f01e2da0989f917dc97c23a7045765801549d7acd56313a91,eqv1_5xlc7irh7megst5k75qci27dgw
m5_6,e9fd63b5b4139dae4bfba855f0708db9678ca99d9c12fbe9bd58f091dfb33062,eqv1_v3epaastf6cduj77552743tggl,1974-08-03T04:08:17Z,5.0,5.0,1,1974-08-03T04:08:17Z,1974-08-03T04:08:17Z,f1f8463c5928db187dea6b6814b510c3def1132d813854fd9df10914c232de80,eqv1_v3epaastf6cduj77552743tggl
m5_6,6eb772fb888bf2887c5be60c44edebd1b2964b664da4f441a82734c02956b9ef,eqv1_jxfj4ge2jf7uztwoyp6pp5r5ma,1974-08-11T05:12:34Z,5.4,5.5,9,1974-08-11T05:12:34Z,1974-09-03T19:41:15Z,8c9d86044810d4d5b6295a8f9ca2bc96006b860d0f1d15c1342587a9c2ae131e,eqv1_jxfj4ge2jf7uztwoyp6pp5r5ma|eqv1_exfqtuijkwiwovdeenak2y5zjh|eqv1_qxvc7eaz3fswjgglhfpjovpwgw|eqv1_6cuk6c7xlylo2dgtvjxmsnh7g6|eqv1_zfkckkzwkvdzftm4utt3pv2kd2|eqv1_v5kravk7idfhf7a2lkuerkwm2c|eqv1_tot7pvru6xppwiyisoara66ao6|eqv1_ehqpmw66vnpnycuybkjhbt7jrl|eqv1_hhpcw7ct2leuscgi6tvxogvbvc
m5_6,134864a7111fe3f0af0df88e4e9f6adeeee1e37bd195222dfc261ac2053be599,eqv1_vdmyxgd2drwm5nkd6l47jd7nep,1974-09-23T14:51:06Z,5.6,5.6,1,1974-09-23T14:51:06Z,1974-09-23T14:51:06Z,d37e38311e8ed7258c901408306bfe3b9ff8ccd0f63968a287c3282325e3b3b7,eqv1_vdmyxgd2drwm5nkd6l47jd7nep
m5_6,6417f052adddc893a5dfa087df3f92624e910330ec47e6fb2fb2f43c484154f7,eqv1_hicga2mafjlomfd5ekpzdvuh7r,1974-09-27T05:26:36Z,5.5,5.5,1,1974-09-27T05:26:36Z,1974-09-27T05:26:36Z,4f2c470112d3c58bd12c898195c214ffe91c0d44bd87cc9fd9af4cce423a0f3b,eqv1_hicga2mafjlomfd5ekpzdvuh7r
m5_6,a4e05cc285c69d0dd4073e7fec78bdbb6a1c1361831660f23e53637335a2dd2b,eqv1_t7bxbbjfb7uvra4qfjoo2qohh5,1974-09-29T15:51:50Z,5.5,5.5,1,1974-09-29T15:51:50Z,1974-09-29T15:51:50Z,07ce39be23f6e5d63cfd83f47bba56271bcfa387853d56adee101ec2feb446ea,eqv1_t7bxbbjfb7uvra4qfjoo2qohh5
m5_6,2db94b9fb848fcceab9adfccf136408b6d0a85db04b061d90ec2d8e935f679ae,eqv1_ixwzwohhmbkjj5nj3igxawhj5q,1974-10-13T21:29:50Z,5.3,5.3,1,1974-10-13T21:29:50Z,1974-10-13T21:29:50Z,5a5d9b5066d6f6a2e2625a44fe6876a18f5c9ae2d5e3250af53a7529a34fafeb,eqv1_ixwzwohhmbkjj5nj3igxawhj5q
m5_6,8e4872291c5baaeedfa6e04b8d954ea4cebc80772a4a1b496ecd4cac5cafe348,eqv1_ffdssdidhwd5kczitgzmdu4uqm,1974-11-16T16:25:53Z,5.7,5.7,1,1974-11-16T16:25:53Z,1974-11-16T16:25:53Z,2a8c576c8d1c7f397c617a6122e5d59ccade17b39f24756d679f73b3cd392ff0,eqv1_ffdssdidhwd5kczitgzmdu4uqm
m5_6,241b994ab9ac13b415045e4eb37099e6a5069b07352283824094b69f25f820c1,eqv1_ocacytmbld6jffhrx4d5acwuj3,1975-01-04T12:28:41Z,5.3,5.3,1,1975-01-04T12:28:41Z,1975-01-04T12:28:41Z,e045eab1cbc1c78c2378be17d2b6261027f2639963bbec9e529c15aed805cca0,eqv1_ocacytmbld6jffhrx4d5acwuj3
m5_6,3d452dc9254ba7f0b3af78d383ef4824f4a90488aa3bd683f715c85fa27d91d9,eqv1_6w2qge5b7syvfiie44gazutr5s,1975-01-11T21:22:28Z,5.4,5.4,1,1975-01-11T21:22:28Z,1975-01-11T21:22:28Z,3afb6848064b8ef5e8ac29acf5e1b269771197bfe01c2c6983c6b97f21ae060b,eqv1_6w2qge5b7syvfiie44gazutr5s
m5_6,894b9ec50cc00ad9e370b3b81882b2779c29265398ad78a7683d7ad3a6964e20,eqv1_otjrtpbaj36tdvbwfck5llme36,1975-01-19T08:00:23Z,5.3,5.3,2,1975-01-19T08:00:23Z,1975-01-20T11:06:53Z,daef6dc3189cd57db95e7e4eec98d98a222772dec7f3adfa8ccb0c4fb9daed63,eqv1_otjrtpbaj36tdvbwfck5llme36|eqv1_4z7wtmvyuw6kb6tcd67oj5au2q
m5_6,fb41e997fe0e546105506839ac91c2e0e4f6c3b5b4a389633ad4865426f0d64f,eqv1_z3n64qnvaaqgcgafdwjq65vbfg,1975-02-04T11:48:08Z,5.1,5.5,7,1975-02-04T11:48:08Z,1975-02-16T14:01:20Z,f2bd40c34bfc74d0d1566ac214331a952c68ad2ff3e506b7acd21b5a48d92f59,eqv1_z3n64qnvaaqgcgafdwjq65vbfg|eqv1_fqbxmgaia3xizq4kuda5xihhlc|eqv1_zun2rses52lmvtemk4jq2btlcd|eqv1_xmqbupbo2axr7ejjrw2j52oqi5|eqv1_jhc5v6ko43wckqo6es7l7ik55h|eqv1_q7xfqj7yp3jeyiwu6z3bjn7vp7|eqv1_vc6y4cxyermozfqksqgaeu4swd
m5_6,f528dedd625a2162a73ef0e5a68c97a5653dab96bd3274b92472cb66c0e4caaa,eqv1_3sir57p4d4njx7nrh35lbqhmv2,1975-02-11T20:30:19Z,5.1,5.1,1,1975-02-11T20:30:19Z,1975-02-11T20:30:19Z,20a9d647f0bc8fd9c4a208e147198e07bbcf1212e692007b8f07ef4b53fd0822,eqv1_3sir57p4d4njx7nrh35lbqhmv2
m5_6,1a398daa0948215b4dc1df6eabf45c3ab1560c1156f6858f85f1e3cbc83a2163,eqv1_pidoiyioktkhdmryin5fw6z6l3,1975-03-07T17:36:09Z,5.3,5.3,1,1975-03-07T17:36:09Z,1975-03-07T17:36:09Z,6dfde316622b9ec50ed1ba6d7dba8731fd891e904727fb55c468aab2d0b658e9,eqv1_pidoiyioktkhdmryin5fw6z6l3
m5_6,6ff1a7f4d81521fc5660282487d659007ad1827dc2a566e6b57d5362c2fd601d,eqv1_yybcvjofqtwez2yiwcdkmyr66w,1975-04-28T11:58:34Z,5.1,5.1,1,1975-04-28T11:58:34Z,1975-04-28T11:58:34Z,bcf75eebe2ba6138bb6943d6a5c72d62409b81e2611d2f05b0abc7e87552b4d3,eqv1_yybcvjofqtwez2yiwcdkmyr66w
m5_6,48b4f12d74ac20a26a4e552aa193838a6cef7fd9bc841a7a6bdf68341dd838bf,eqv1_dhjpmkvmpprpmo3sxzvvr2edzr,1975-05-13T12:24:27Z,5.1,5.1,1,1975-05-13T12:24:27Z,1975-05-13T12:24:27Z,2a717e59f6dc4329dcef81052f6e127e41770f260078e34284049d22f461a16b,eqv1_dhjpmkvmpprpmo3sxzvvr2edzr
m5_6,0073b7d1d810ce96f3a5d5cd8d3d3e94dc14d18998ad451811c66e97cf109e15,eqv1_h2cxqpkac7a5aicl7jb56sxnli,1975-05-19T19:47:44Z,5.4,5.4,1,1975-05-19T19:47:44Z,1975-05-19T19:47:44Z,c0797ab88590e2af5feaf0d19c3f56373b1069c48c05c18e6adbfd074d13f38f,eqv1_h2cxqpkac7a5aicl7jb56sxnli
m5_6,b85797e891d5759281dd896584a8288fd5dd42a3d07af42379a1634e92d49ccf,eqv1_bphrm3okadp5v5u5ybcqqajmji,1975-05-26T18:01:34Z,5.0,5.0,1,1975-05-26T18:01:34Z,1975-05-26T18:01:34Z,b68e0b1b0b76f101233ae66518166c10f9f2ebc318990027a639b155de2994f5,eqv1_bphrm3okadp5v5u5ybcqqajmji
m5_6,e8af85b25109eb61e8e843789d18a459feb2f3d241c04217591f653df3ab0b21,eqv1_apn7ve5lzsmf6rjmbvjublizn6,1975-07-08T14:51:28Z,5.1,5.1,1,1975-07-08T14:51:28Z,1975-07-08T14:51:28Z,93620db89242ce0c667c92d097be651d3cc34bdd8e055ad6e6c49c3495225d23,eqv1_apn7ve5lzsmf6rjmbvjublizn6
m5_6,a870d31cb9950cb7425a38bd615569d10d7e7127aefa1dd7de93003c68b25f8b,eqv1_j74zz2pewe7z7wpcq424h4ehzw,1975-07-09T13:55:42Z,5.3,5.3,1,1975-07-09T13:55:42Z,1975-07-09T13:55:42Z,cddcc0b1c124caf0cce35fc7b01638ef22672d53a6af7d1e0fe3d49a8bc94f45,eqv1_j74zz2pewe7z7wpcq424h4ehzw
m5_6,3627b61e79d5566b47609d9d4bbdf7a4d9cda9830622b09e359ac1975e640a45,eqv1_b24cg7eddhs6do4trm4jgghtql,1975-09-03T21:50:30Z,5.0,5.0,1,1975-09-03T21:50:30Z,1975-09-03T21:50:30Z,1628d4aac5ae7c32815ddbcecb3365ed6a08f010ee698d8f40ec355f8c35af64,eqv1_b24cg7eddhs6do4trm4jgghtql
m5_6,b05475365ab5e0f17e28d50725a16c68676a129221c1839148fdd38bb37b39b9,eqv1_c5ortyphmgxa3kasqaokvkcy4h,1975-09-09T18:32:31Z,5.3,5.3,1,1975-09-09T18:32:31Z,1975-09-09T18:32:31Z,1c816b543f46bdafa103a6328388c6dfeccb9763ee4acf815f9cd3f7863bf8b4,eqv1_c5ortyphmgxa3kasqaokvkcy4h
m5_6,f9a6a62ed27ac1ba9169a80f36b2b040d546802e56d8025c54579acbeab8e665,eqv1_yht7nd6pdc3nucbxew72kmvsd3,1975-10-27T14:27:12Z,5.2,5.2,1,1975-10-27T14:27:12Z,1975-10-27T14:27:12Z,9052998f74fa68bc7fb71fce8078d7947d321100a91990a225b2b6de627e9be9,eqv1_yht7nd6pdc3nucbxew72kmvsd3
m5_6,244e61d3b879f47a3a1bbba1cf39eb745cd0c6caa2a4344b9d68205dca7fa5a6,eqv1_5ik4pe5jpw25hzw4nkgxtjxpkr,1975-11-05T00:35:57Z,5.0,5.0,1,1975-11-05T00:35:57Z,1975-11-05T00:35:57Z,a019f4eb955912bc7a78c9c2ebcb04869db7615fed4bdbf5727d558784093bf0,eqv1_5ik4pe5jpw25hzw4nkgxtjxpkr
m5_6,2054486845163234144a3e372e919e13d36421d68551b548fd8c0a4498a6ffe2,eqv1_gu4n67yev4xlikyueyqq2qyhsi,1975-11-26T15:02:31Z,5.0,5.0,1,1975-11-26T15:02:31Z,1975-11-26T15:02:31Z,b48cc91d4abbc9885c5a7c4cc40c017ad7650880b61c05583f72c88285a644f1,eqv1_gu4n67yev4xlikyueyqq2qyhsi
m5_6,60d5ccf7f2b92155e21ef676ec92bb46c45362c913bdcfb6f9a258f673c07e9b,eqv1_i2jwbkumrkb63xzmugxldiv5hh,1975-12-18T08:27:09Z,5.2,5.2,1,1975-12-18T08:27:09Z,1975-12-18T08:27:09Z,85a9d264ab48bbfa36360795a630e810ace787086397b6c835799af9d2911948,eqv1_i2jwbkumrkb63xzmugxldiv5hh
m5_6,d822c692fe765634fe3f0ffeca3c15974d870a832178661e07e10866529a72b7,eqv1_pdaupp3kjnuidyqha3skvay6wu,1976-01-10T12:51:28Z,5.8,5.8,1,1976-01-10T12:51:28Z,1976-01-10T12:51:28Z,16e31dc3a98edc948985e71cfb096089f89499bbc2e11d2be35957ba9b933074,eqv1_pdaupp3kjnuidyqha3skvay6wu
m5_6,ec5831cdc3a6546623a0220d2be080575162a523fced19a10c4c2b1f001ecba3,eqv1_bqgu373xuymk7o4muhpuuetcsa,1976-02-16T14:45:39Z,5.8,5.8,2,1976-02-16T14:45:39Z,1976-02-19T09:38:32Z,185224d59c22f4e2bcfe564f82e8327a4d6a585ee9ef30216ab732463a9eb353,eqv1_bqgu373xuymk7o4muhpuuetcsa|eqv1_gnh3idsa5rzw7iwrpxytehhzt2
m5_6,f122dc6e1879b254f2c62845f4fcf00034203f7e43e50a4efd899fb6ddc205c2,eqv1_qujgn7iudogfyexlp6acjapgjh,1976-05-29T11:58:15Z,5.2,5.7,10,1976-05-29T11:58:15Z,1976-06-20T02:33:05Z,472c6d6518bd8421fb05fdf118b2d1a1fce6b919483e520db767e972c3714be3,eqv1_qujgn7iudogfyexlp6acjapgjh|eqv1_2gq7tbmedn4klausiwr3oa2ghz|eqv1_lb4gfkw433n7fob7ibwgvkxscw|eqv1_grcrjfurnubxff6wr4f5su5wiy|eqv1_ytoi6hnephofv2up3aajfolirn|eqv1_qqlmtlxsmt7kslqo57x7fkkmns|eqv1_yuymfxd5tgp2t4bekob3o4yldf|eqv1_gf7sag4vttqakyeegf7rnbnzll|eqv1_wizstm45eiud25mvbgvvn5ff5r|eqv1_kopgaowba2rorv2nci35zau5xw
m5_6,b3fa0a75fabe71509ee0724ac7765df5f0fe8684737d4bbf9c27e7f56742fdcf,eqv1_u25cmoc6vemxcnliaohfba34z3,1976-07-23T01:44:00Z,5.5,5.5,2,1976-07-23T01:44:00Z,1976-08-01T18:02:16Z,337abec8191af81d4229250121f6d56d0a6de4039c2923447e8419138b7d257f,eqv1_u25cmoc6vemxcnliaohfba34z3|eqv1_abgh4heg6ufaqul2zjbeszolfp
m5_6,5970589a62cfc26b953d56d4cf4b1226a027c1ab4681b008d1a742869a16f3e3,eqv1_z4p6vmqcldtrqrgnzcixr5yjmq,1976-07-27T21:04:00Z,5.0,5.2,6,1976-07-27T21:04:00Z,1976-07-28T09:48:20Z,a2f9118bd4257d04b4f997eaea23716eebc2cf9226dd3d11f2c8acdd59c1fe67,eqv1_z4p6vmqcldtrqrgnzcixr5yjmq|eqv1_e6inznxdm46dk7xbgty5h4qc74|eqv1_63lgbrdhdoxfxuseixjmcz4qvs|eqv1_viwbr2zg44n6lienbblb3rlhqc|eqv1_rd27kx3hrx7tkhggo6wv7jocz5|eqv1_ijoybhqurj5wrvuhzb2ltsvgpm
m5_6,48dc9eda8ac84340d37d013f43bce7eeaf7b50d033d06ffdb19c0ffc6bde330b,eqv1_efxezxqzqockyrfnvg4vjwamb6,1976-07-28T10:46:00Z,5.1,5.5,9,1976-07-28T10:46:00Z,1976-08-08T22:41:33Z,17f3dc0e4c96fe63fdb8f87bfd5ff29aaadf5976db5854def1366c396909c620,eqv1_efxezxqzqockyrfnvg4vjwamb6|eqv1_mjidea4hjhjyvjuc7caao4c2fz|eqv1_bquhilg6ay2pekfcyazyurofie|eqv1_nli2ord6jepv7p6oqy4j6pazqo|eqv1_wz7axcygzmnp5pogead4cbgxgf|eqv1_jievdzia4c4v7oxonajfopf5fh|eqv1_sjr2f2zieopvz6k3h4r63yjeis|eqv1_6ykbxbdjbezyw7zmqgbxaosrna|eqv1_octtlvchzn4bc3eghmfie75mb5
m5_6,e6bf08c4f1cef345625621be855de14d8e6be8de7205fde37acb78d55df2f1db,eqv1_6yoxqjddathh7k4zn4thjrgwr6,1976-08-03T07:50:19Z,5.2,5.2,1,1976-08-03T07:50:19Z,1976-08-03T07:50:19Z,ede5ce295751797bb171c30be1ec71cc2fb97a3676907378872f011bc3589245,eqv1_6yoxqjddathh7k4zn4thjrgwr6
m5_6,253fbaed85998a2d81623921783309fef5be35134cd3acd7c1cac55d3745fc05,eqv1_ltfplgexqouquth5pff62m2kxq,1976-08-16T14:56:37Z,5.0,5.9,3,1976-08-16T14:56:37Z,1976-09-01T01:06:51Z,16496ffd61d94de93df856ca37754bb7f82a12f3a6eda0e90fd2160860d5bd5d,eqv1_ltfplgexqouquth5pff62m2kxq|eqv1_ulouhpgaym35sl4s3ku7h6c657|eqv1_7tvnnz5sbcgoaqc2jlxqxhfkh6
m5_6,14d9cbc881f7a792efeedaa23d973008bfdc62af831150d1bccf458dea75b69f,eqv1_xuxg64ctil7tm4rdtza56aw5up,1976-08-31T03:25:27Z,5.6,5.6,3,1976-08-31T03:25:27Z,1976-09-25T11:50:25Z,e6ea2b03d472a6d888b1f1bfa71fae2d08e8d88981e128137434a7dc849a60e3,eqv1_xuxg64ctil7tm4rdtza56aw5up|eqv1_qv7b5n5ra6aajtq4bycrmk7ohp|eqv1_zt3weyp3sovpf6ha6txzongltk
m5_6,1bb2ede4371dddbf2651c5282b8a52513cc10599f6a7bb23efa33f132dafcd9f,eqv1_e324xxba3tcp4vj5dycohowvr4,1976-09-03T09:57:28Z,5.2,5.2,1,1976-09-03T09:57:28Z,1976-09-03T09:57:28Z,b1f2c19b624b2411b319fd1f9c7618e347ec3aaaf324ac463a603f2fd259f47b,eqv1_e324xxba3tcp4vj5dycohowvr4
m5_6,7621fdd1ca488e321d5c0f8e10715e31bda0243b5404a37e259bff2e8f47e688,eqv1_bbhyl7fdelgzqh43zlifqxk5zk,1976-09-08T20:13:01Z,5.0,5.0,1,1976-09-08T20:13:01Z,1976-09-08T20:13:01Z,a3eb16ecf0178937477ad8c91034ee6286f763639fde26e3ef9882652148d3bb,eqv1_bbhyl7fdelgzqh43zlifqxk5zk
m5_6,6a2c7944b098f3bc5db136b2111141385c59de760d1629b493e4cd7876b427d5,eqv1_5mpkrusa4lnk6msogo3bkbqrma,1976-09-14T06:43:51Z,5.3,5.3,1,1976-09-14T06:43:51Z,1976-09-14T06:43:51Z,119c2266224282ded2e029ba2f8deb5e88db183dafcd1e3b874a6cdde0336967,eqv1_5mpkrusa4lnk6msogo3bkbqrma
m5_6,867c33345be1b3d4fb198ceeb714790b605bca195478059465a40f96807b531f,eqv1_7yoql3uy3kyq2vrtzbdlwwce56,1976-09-19T13:56:11Z,5.2,5.2,1,1976-09-19T13:56:11Z,1976-09-19T13:56:11Z,59ccdee7af2ca9a8e1dc93ee25981b624ecd8e9fb51aa5581ce25ec80396f6cf,eqv1_7yoql3uy3kyq2vrtzbdlwwce56
m5_6,480a34d774a032ca82db6f4dd55de525894edec6768d7f20127b9d9e7c94d9ff,eqv1_m5m3gbdhw2hhpvmm33ogz2wdfx,1976-09-20T22:45:25Z,5.2,5.2,1,1976-09-20T22:45:25Z,1976-09-20T22:45:25Z,ae09c1f969a9247ec204379038b733b28d986a5026fe1e9a128ed0660a256325,eqv1_m5m3gbdhw2hhpvmm33ogz2wdfx
m5_6,ff4fe50d573ba4c2aa2cee7ab8fcaed997cb2fd580462098af987730cfdc302f,eqv1_7hfy2tyusznaraocicokqiuqxl,1976-10-01T11:27:25Z,5.1,5.1,1,1976-10-01T11:27:25Z,1976-10-01T11:27:25Z,ceb98fa467bc41fe1741746677b235a924e78b438281c31ce1f78d5831adf178,eqv1_7hfy2tyusznaraocicokqiuqxl
m5_6,996add0961945f87680a4a60cb6b3bca5bc47a27177647b8f8258c366be45af6,eqv1_saftknyt4hzia4akc37o4tvtbg,1976-10-09T06:11:35Z,5.3,5.3,1,1976-10-09T06:11:35Z,1976-10-09T06:11:35Z,c0481fcb530860fb2538c921cfc0f770ed3cd66d2b5a83b3dc8bd312a4cb3453,eqv1_saftknyt4hzia4akc37o4tvtbg
m5_6,420fdcd6020bb87a0859faa77aff482233eaa28018fb7d992fbccbaf37ccb7ba,eqv1_izeksyji4n6l5oqmnr5sgjw4gt,1976-10-12T15:19:30Z,5.7,5.7,1,1976-10-12T15:19:30Z,1976-10-12T15:19:30Z,84ecae30f5c8e277db1eaa447d951f999d79597792cfe1296ed5787b98240062,eqv1_izeksyji4n6l5oqmnr5sgjw4gt
m5_6,ecef3326bd28b132403755f812ef14c5a389020afa5ecb78339683c8a5275eb0,eqv1_rkv5q3lprhwp5s4syh7jvky6gp,1976-10-16T23:24:49Z,5.1,5.1,1,1976-10-16T23:24:49Z,1976-10-16T23:24:49Z,d12064e3ee155eb7c23bba7d96cc337e837b9dffa8a468887a94a72db5dcdfef,eqv1_rkv5q3lprhwp5s4syh7jvky6gp
m5_6,787f79194f32fa03f5c3cda9eab469d6c5b50298edbab84df1d107beabd5f630,eqv1_i5oqmrqedeh2co4hrtuuv5vgst,1976-11-03T05:41:03Z,5.2,5.2,1,1976-11-03T05:41:03Z,1976-11-03T05:41:03Z,faaf46d8ef990758af104c67c60a854a9371006d13ba18299fdf135dace8d765,eqv1_i5oqmrqedeh2co4hrtuuv5vgst
m5_6,3b90230c3699843bbc5f62c65649daaaa11a7614590173fed19a206b87121338,eqv1_qertjn5d5pnrtgvwtcoqknvykj,1976-11-06T18:50:13Z,5.6,5.6,2,1976-11-06T18:50:13Z,1976-11-07T01:57:44Z,fb9df75c0b9795136726374034f021f2ececc3db773ab70f6e9c98e007f684ba,eqv1_qertjn5d5pnrtgvwtcoqknvykj|eqv1_md3l4vsakku7e72bt2ge4oizkw
m5_6,67be546d81aeecdc218f365cbf63ee3d4ab16ff05af82d63cf0607c1ffe7ef6a,eqv1_aihbjj2ge6ntfhaocudwasd6ri,1976-11-12T13:13:39Z,5.0,5.0,1,1976-11-12T13:13:39Z,1976-11-12T13:13:39Z,c33b205ccb26482494f6bed6c8d10c9b8849b27c9dc9f55d5431cb80c464a2ef,eqv1_aihbjj2ge6ntfhaocudwasd6ri
m5_6,beb72d24c6799de034c844b0891d273e84c3822b2ba8a4e15322403ad658b789,eqv1_wjlyumnoz3rpxxwcsjl6tojakq,1976-12-13T07:23:45Z,5.0,5.0,1,1976-12-13T07:23:45Z,1976-12-13T07:23:45Z,4fd89b95b047a2dae96b811d208bd2c19ec2070585f2c97f3e813321fe8192e8,eqv1_wjlyumnoz3rpxxwcsjl6tojakq
m5_6,df78ff575e9112149c32109e7908222483068964333954f9fe99e67fde66103c,eqv1_vpcgiz7g6eucu4z2jdahjjr3ck,1977-01-06T21:50:08Z,5.0,5.0,1,1977-01-06T21:50:08Z,1977-01-06T21:50:08Z,fef7aed875b87a9825e93917a42d57214a56dcf7a230a39ec28dbb1dcc3f2267,eqv1_vpcgiz7g6eucu4z2jdahjjr3ck
m5_6,d361843198fd88e859632535cceb648fe0f5ed196d3fb16e8b6a6525579b3a8d,eqv1_jrm76ytnktoxm7ixgwqnqmruda,1977-01-07T21:02:52Z,5.2,5.2,1,1977-01-07T21:02:52Z,1977-01-07T21:02:52Z,4ee5d5708db79e94822815cc10cf0620202bf7c45a5831b1b48a5de838a66c64,eqv1_jrm76ytnktoxm7ixgwqnqmruda
m5_6,a81f72652835dc2e7ed7853d9defe2e42e37954eed940db7bbca1111ced4eddc,eqv1_rdng2lxqm5m4r52ptrgqpdae4t,1977-01-14T12:09:33Z,5.2,5.2,1,1977-01-14T12:09:33Z,1977-01-14T12:09:33Z,ff4313bf53b763498f045a28f8b17ebe8ebdfc4c16caec4928c50204974cde74,eqv1_rdng2lxqm5m4r52ptrgqpdae4t
m5_6,7dcf6a7ae86e5fe7c21546e77646cdbd62ad715abf34db99686455ba7c52ff76,eqv1_w7hx5shxwyz3irp5xldbp6h3zw,1977-02-07T00:57:30Z,5.1,5.1,1,1977-02-07T00:57:30Z,1977-02-07T00:57:30Z,8268e483dd6f954c4ecadf7858fede97a20460ce63c1690f0a481feed329a3f7,eqv1_w7hx5shxwyz3irp5xldbp6h3zw
m5_6,01646f8f56646d18640c9b99979fadbc483cd3796347324723ade0b1ecebdf70,eqv1_zjxlefq5ujuj5r2xffj6sziyv3,1977-02-19T23:43:28Z,5.6,5.6,1,1977-02-19T23:43:28Z,1977-02-19T23:43:28Z,2becc8687c8dfea4618ca075a6938e319b8bd3a5821bea2dc3053e18a99b80c6,eqv1_zjxlefq5ujuj5r2xffj6sziyv3
m5_6,ed2a6ebdbf5dfc4e1cfcfd621e17c016f5cb9d2c637e4a431454d01b50e4bd31,eqv1_j74qnwvxsqhnhxhryjqdkl6lwu,1977-03-07T00:28:41Z,5.7,5.7,1,1977-03-07T00:28:41Z,1977-03-07T00:28:41Z,3dcf32e1765032ee2012cd4f3834acd86de2ba8dabd66f28bd6ddbe2a5191d8d,eqv1_j74qnwvxsqhnhxhryjqdkl6lwu
m5_6,905a270129e24e7e6ee998e1fc395a7520f0c505b515c09b7ce32169323a8a36,eqv1_4xcgsju3iw5pc725wbaexs2kne,1977-03-15T01:01:38Z,5.2,5.2,2,1977-03-15T01:01:38Z,1977-03-16T12:56:52Z,17b0077a177d7df0368e11f5a40f44365f96184917a69c95f8da2e2ae606ea69,eqv1_4xcgsju3iw5pc725wbaexs2kne|eqv1_whvb6a5qyctgykpt3int7kt5js
m5_6,b48c51a87e448030b6f3667815de684661aec389758ea35922a8f3131374c058,eqv1_3d7ofeiieurjtj6piysja6eqeo,1977-03-16T23:54:53Z,5.4,5.4,4,1977-03-16T23:54:53Z,1977-03-16T23:57:28Z,e80d06d8de719e1380779a5a9afa967538d1a87f0c99b3da704b3839b89ba205,eqv1_3d7ofeiieurjtj6piysja6eqeo|eqv1_6s6vwpyzej2pyp7xym7dgre5mv|eqv1_2qauqlapjfygpfcqthhf5wz4mp|eqv1_ydbdtkirnebbsmzsetcoce7acx
m5_6,323ae11fead822994c40adfaec660a624389eba3dfed4f9303741dd4b15e80ec,eqv1_etynhgdmno2fb7vzcqxw57prjk,1977-05-03T12:26:31Z,5.1,5.1,1,1977-05-03T12:26:31Z,1977-05-03T12:26:31Z,336424132fb4cdc6b5d45f6d707c8eeb86c652a9eb85484f1877e9f05c91537e,eqv1_etynhgdmno2fb7vzcqxw57prjk
m5_6,b6ef773080a757669ced70161e3e8f39a6ff6f9376353980e927dc45b87ffc16,eqv1_j2dzin7vh67qqcxa2adlrijzko,1977-07-23T06:57:03Z,5.4,5.4,1,1977-07-23T06:57:03Z,1977-07-23T06:57:03Z,1f6989c58c80331234ad835fff43e2bc63a6ebbf4e636cb9e3e74f26dd066a12,eqv1_j2dzin7vh67qqcxa2adlrijzko
m5_6,38cd26726690c1619871b0a6e9f2f7f75489b106a7d3de478bd17952f2ea588b,eqv1_2jvbulvzmwwcx4v2asn7b3mloc,1977-07-29T09:14:10Z,5.3,5.3,1,1977-07-29T09:14:10Z,1977-07-29T09:14:10Z,7a02961f8adf5e55d2a22689a091e12f7369f9b05f85606110a58479e583eff7,eqv1_2jvbulvzmwwcx4v2asn7b3mloc
m5_6,bd8d56a24746fb40bda3d4bb4950fb5366975c26eb58993bead6a927bf59ce5f,eqv1_wrpu7g6lqlflqnz23xu4ikd77w,1977-10-19T02:44:47Z,5.0,5.0,1,1977-10-19T02:44:47Z,1977-10-19T02:44:47Z,6101654204d3137ab423f3744949ee899dbd1b417d09d527d3b0fc9ddcbb1b6d,eqv1_wrpu7g6lqlflqnz23xu4ikd77w
m5_6,9840dea189962f69292b2017ec647085302e8049972a3462da406a016aab5b98,eqv1_pe4p22kn22azwyjbcrc5vgxmh3,1977-10-19T17:29:21Z,5.1,5.1,1,1977-10-19T17:29:21Z,1977-10-19T17:29:21Z,e49a4b8bd00abe5ddde42b71b440d4efa2784ce084d8f7323239b6ff8dd7dae5,eqv1_pe4p22kn22azwyjbcrc5vgxmh3
m5_6,2f2b5cef8a4adf64dcafc4c42b6c1499ed357e06805fc95ff708a2497f2d6cb4,eqv1_xbjeqi67n7j765p2kh7cnqoot2,1977-11-18T17:23:23Z,5.2,5.2,1,1977-11-18T17:23:23Z,1977-11-18T17:23:23Z,9c5afc4322df2f0205fb4d89851835b95c20ee10e24c0aa068379bf1ddb471c8,eqv1_xbjeqi67n7j765p2kh7cnqoot2
m5_6,afaca18bef7f23288f93a0baefe0b6d3ff75f970e427d0c92a5360ead2b5ba8f,eqv1_75it77eufjqsh7ikwmemgzkqmp,1977-11-26T22:46:49Z,5.1,5.1,1,1977-11-26T22:46:49Z,1977-11-26T22:46:49Z,b22ba8c032cf0dabe52c5adb347306c908de649ce28f3ce15ba684d6f6b59a1d,eqv1_75it77eufjqsh7ikwmemgzkqmp
m5_6,fcfedab59253500eb9bf5a2a14eed36ed19871a3c6cbfbd8435224458b62dabb,eqv1_wgrc3wwbxhagksfploseij7gyw,1977-12-16T10:15:21Z,5.3,5.3,1,1977-12-16T10:15:21Z,1977-12-16T10:15:21Z,4c76cc5d92a1a51a35e3562849ca58f4e67d1ebdf18cb885544f50592d2dee81,eqv1_wgrc3wwbxhagksfploseij7gyw
m5_6,5905156aabdbdc317e353377ef8a427115b8e6470ddb507a7d627a31cda9ad03,eqv1_l3b72amofm6gfxqrphe2e2a6qj,1978-02-21T12:43:14Z,5.1,5.1,1,1978-02-21T12:43:14Z,1978-02-21T12:43:14Z,615dd7534cb9c66017c30e4dce190c8fc7409e94bda544578890af683b87fe2c,eqv1_l3b72amofm6gfxqrphe2e2a6qj
m5_6,c35efd4190d4c948a29a5ef16aad321f118231f7e4102aa01f625421b08d9a58,eqv1_qj4h2xpgipswti24hbabavclvf,1978-03-12T08:29:18Z,5.5,5.5,1,1978-03-12T08:29:18Z,1978-03-12T08:29:18Z,f3da5cd4700ac9ee1c1939b83afe5bff1a9a552e6caabd3a30267057a3a06ff1,eqv1_qj4h2xpgipswti24hbabavclvf
m5_6,04997e239f16f713e9474554545fcbdb4761e29f395d256c8754417752ad6933,eqv1_7pnqtsdhwzwn3eyfyk2r4o54ac,1978-04-22T15:04:20Z,5.4,5.4,1,1978-04-22T15:04:20Z,1978-04-22T15:04:20Z,15a5f350711dcc02288dc8925dc651b27597c841894dfc970367dacfdf08e7e2,eqv1_7pnqtsdhwzwn3eyfyk2r4o54ac
m5_6,7d2b412df7dc12c9ed22d56031a906a243beebf97b2c1161652b876196debb58,eqv1_4kbemaduw7jkzl4vtoskg6w2y6,1978-05-18T12:33:31Z,5.9,5.9,2,1978-05-18T12:33:31Z,1978-05-20T06:01:44Z,7378bcff5c597e7591fc23480caa2551325488be881c40b2f5b724d11a00ad14,eqv1_4kbemaduw7jkzl4vtoskg6w2y6|eqv1_epidfpldmghhgu2ftigq4pnfzh
m5_6,304b2a75efbe7d81eec757d79e183636be92c43e2cea4177da86f9dcbb33c8db,eqv1_rbz4r4c57srtuzzi7jocwucnsh,1978-05-19T12:58:56Z,5.1,5.1,1,1978-05-19T12:58:56Z,1978-05-19T12:58:56Z,78e08835a612a3a9d0e018b165d0d5a3ff48d04d218e309b6f5f819a63f5bf74,eqv1_rbz4r4c57srtuzzi7jocwucnsh
m5_6,a447094dfe1fdecbddd1a73f50c415d838b4b04bc6c16b5e7213c76b23c85c6a,eqv1_fc6fcvza4qnvcrronp4unsxygk,1978-07-03T08:46:35Z,5.3,5.3,1,1978-07-03T08:46:35Z,1978-07-03T08:46:35Z,f52139cfc346afb42fb69f499024afde88ef5dcaad50ebd9b9311ab11f5457c1,eqv1_fc6fcvza4qnvcrronp4unsxygk
m5_6,9ab93eed3ee589a1e570ef19c3c55ca2383a4f399d81a16a7790d38d8f607c21,eqv1_2wljf6tjywejbl7rirmqc4fd6m,1978-07-12T21:49:55Z,5.4,5.4,2,1978-07-12T21:49:55Z,1978-07-12T21:49:55Z,75fc2a4de12968fa184663b1ccbcfc79cc654efc802438fee8c9f0ded8c0225c,eqv1_2wljf6tjywejbl7rirmqc4fd6m|eqv1_yksdncdv6jsfqpfvlre3bjb5kg
m5_6,1c9db2eb0e889ccf412fce69a35962a44e72f5ae64e9e64f9a953ccada0f9a8a,eqv1_3przr5mt66vcun7hucnrdrlny3,1978-07-31T11:55:41Z,5.5,5.5,1,1978-07-31T11:55:41Z,1978-07-31T11:55:41Z,f6536b96c5dea5e4548782e4c7f42d1258d0e710c745f72a21ac0044bb143bb9,eqv1_3przr5mt66vcun7hucnrdrlny3
m5_6,4a31f4d0880e3a1dea47fdb4138fe7a7e82b4e6ebaa82cf3904bcecfb5a4633c,eqv1_ofatktckupsmxt4zesdm3iff4h,1978-08-08T10:12:29Z,5.3,5.3,1,1978-08-08T10:12:29Z,1978-08-08T10:12:29Z,90355494426264e5fb9edf536ded6080702a47736010d46b4a5249b4850bd099,eqv1_ofatktckupsmxt4zesdm3iff4h
m5_6,6101078e7ed696499237616aa74554554a0f21c621957cb79402f837da617a05,eqv1_mimyerhup7wrvlmtnestn4sazn,1978-08-31T03:26:43Z,5.6,5.6,1,1978-08-31T03:26:43Z,1978-08-31T03:26:43Z,d283a6b898f9ffa53a5555dbc56d53c3e95ddc0fba193f4780eb38d983393d40,eqv1_mimyerhup7wrvlmtnestn4sazn
m5_6,1f114937e3fe0c4fcd50f7f0a25fa88698ab12399f71678d4e217422bc575878,eqv1_5whneyttvzpw2qmhfin5vrjyat,1978-09-09T23:11:07Z,5.8,5.8,2,1978-09-09T23:11:07Z,1978-09-09T23:11:07Z,45b705b576dad4c784c8149dccfdb545a040b887fb1625b6a4cb5d26f7491aa2,eqv1_5whneyttvzpw2qmhfin5vrjyat|eqv1_yete5c4hlcxaufpsmhoxoisvyc
m5_6,177d3b545303d85dc1203a76e80c28a46b2cb76f6468eb737ff3ac5a9a9426f8,eqv1_thb5hfj7g4vhiuhzvgw24lyqej,1979-05-21T22:46:58Z,5.1,5.1,1,1979-05-21T22:46:58Z,1979-05-21T22:46:58Z,57002a87f9f44caebf85976f72942577f7e892de76f0c66689a1160973a4c482,eqv1_thb5hfj7g4vhiuhzvgw24lyqej
m5_6,3200d331a8522e3ec467e40a2fbe1d32017268c1817b5212bd7cc756861d6536,eqv1_mymc4ollhicykgbebbxpuerwan,1979-06-19T04:15:15Z,5.2,5.2,1,1979-06-19T04:15:15Z,1979-06-19T04:15:15Z,e28852953d16c4e0f309141572633fed61c98a501a6afef393b33c21ace69447,eqv1_mymc4ollhicykgbebbxpuerwan
m5_6,7fe467aa7d11ed819cbb02f314b7aa257afea31bdb420f7cf7cadba007fac8e4,eqv1_je5mwzsg3m425biip7go7tppyu,1979-08-08T17:00:48Z,5.0,5.0,1,1979-08-08T17:00:48Z,1979-08-08T17:00:48Z,015d927b4fcdf4a3ec36361681c97777aca0f8b8a7f4360cfd89a56256127fd1,eqv1_je5mwzsg3m425biip7go7tppyu
m5_6,ca5df05b51a5a5c702984a2ce31b14fc1a25a298e32b5c996e3d2cb589d5329f,eqv1_ce7atxnjoy55vetuddzrq4prv2,1979-08-24T17:03:12Z,5.2,5.2,2,1979-08-24T17:03:12Z,1979-08-24T17:03:12Z,a68c2e174aca459d93684ad0fbbbba04c21cd0fadf603dcec17b796599981b18,eqv1_ce7atxnjoy55vetuddzrq4prv2|eqv1_k2wjsqopqv4biwquxr2usoa3tc
m5_6,fe627da396c1e79179a09c3db08797840e048ed8d94d9a5a409d50ea4614cadd,eqv1_sanj2e2txfvk4carwukiq7ofxx,1979-09-02T03:22:33Z,5.0,5.0,1,1979-09-02T03:22:33Z,1979-09-02T03:22:33Z,08fbf8996b4e9c00882c56494f9266abb3b7804c10e27475dd506a59a71aa3d9,eqv1_sanj2e2txfvk4carwukiq7ofxx
m5_6,e55d0f6715c08fda2ff0d22fd4537396739ec4e2f68f5c977b0374e60a185c6e,eqv1_j7eozcz3fm2yyd7v7bfnwic5od,1979-09-06T02:53:04Z,5.4,5.4,1,1979-09-06T02:53:04Z,1979-09-06T02:53:04Z,6de3f560c27f0ef9f9752042b72d269f0c46576ee4987d95c209eb2c8ecc5e62,eqv1_j7eozcz3fm2yyd7v7bfnwic5od
m5_6,2e9b4af6ecc819bcfa47947385ef171f8008b5cc658bc5d3975c985e8984194f,eqv1_6x7iq2ei6b5uysfmk6hm5vv3qq,1979-11-05T19:16:12Z,5.0,5.0,1,1979-11-05T19:16:12Z,1979-11-05T19:16:12Z,22d33a27304280f68e22867a38faaceabe883546bb0f86aa0e8b63ff2c5b66cb,eqv1_6x7iq2ei6b5uysfmk6hm5vv3qq
m5_6,7c8dba0a90c196729e110cfbfa8607d80d075c01fc337a388d40a3bcfcd39c55,eqv1_ibmj7bzkmwbmnd5c45wdu567ou,1979-12-02T01:37:11Z,5.7,5.7,1,1979-12-02T01:37:11Z,1979-12-02T01:37:11Z,8766021cc605e1a598a66c0ed8139c31c4c011b689b62175cb6e05171b36a316,eqv1_ibmj7bzkmwbmnd5c45wdu567ou
m5_6,f53f1d12cc8d242c0b2314179f7fec4c0346c37e137ee059f15b6ba92098bedc,eqv1_gen3idvdt65scricc5e5urkfkm,1979-12-06T09:48:55Z,5.1,5.1,1,1979-12-06T09:48:55Z,1979-12-06T09:48:55Z,8b769f336c0b7bb9022b649b74f865619f994eaafb24b99f4523f8402e33f87d,eqv1_gen3idvdt65scricc5e5urkfkm
m5_6,d9a2c396d8a10febe1ebb81c4baea795be092af6b6037e5ecd2fcdb53f0bd08b,eqv1_vqt232lxvxxdrio3k5oawkf7qt,1979-12-25T03:36:37Z,5.5,5.5,1,1979-12-25T03:36:37Z,1979-12-25T03:36:37Z,44f17adec594fb7eb0e3e25d4c7a110fbbce73e08c7e744001a7f278dc756010,eqv1_vqt232lxvxxdrio3k5oawkf7qt
m5_6,a8107871002f09d0877f88b8cafa41a97c5ba2273f4709422377dd82db7b8541,eqv1_yxiycihqbvz5he3sczzcdjj43y,1980-02-02T12:29:14Z,5.8,5.8,1,1980-02-02T12:29:14Z,1980-02-02T12:29:14Z,97a10bc72c1c8c58ffac51d56a4f56840642ce5bfaf52e893fe7ee10d6a4d1d9,eqv1_yxiycihqbvz5he3sczzcdjj43y
m5_6,0f1823e5d7ca42bd32c8379f11e0bf916892ce8f40a269dcba03a12e013d8037,eqv1_7zxympsoqrvq5he7ed6g3ihtor,1980-02-06T05:32:10Z,5.0,5.0,1,1980-02-06T05:32:10Z,1980-02-06T05:32:10Z,990cbe5d3610672bd9d7195f98f69e6059a712687dbd02d040ca6691a46437b6,eqv1_7zxympsoqrvq5he7ed6g3ihtor
m5_6,c7780da268661c65eb862023d70f0a155a121a3e9b1fd70aa4e962cde02f0e8c,eqv1_4zkbwz4rz3jdnhrvtrkvmozlna,1980-02-10T04:46:00Z,5.6,5.6,1,1980-02-10T04:46:00Z,1980-02-10T04:46:00Z,dd55989d1a5f4563d02dcb86456943acca5d6d1d8a61e0f8fd644d46a673f9b7,eqv1_4zkbwz4rz3jdnhrvtrkvmozlna
m5_6,7d2dd30ac5a767b8779ad5701419b74c1dc2b2106d30010e2c64d332e4b53eca,eqv1_hmwzqvxq3iy4sfq54i24eg3ou5,1980-02-13T22:09:34Z,5.8,5.8,1,1980-02-13T22:09:34Z,1980-02-13T22:09:34Z,ef2e439a2cb96b439269be41240d7d727edf8275e0a6ca1e48480e70ac5b6165,eqv1_hmwzqvxq3iy4sfq54i24eg3ou5
m5_6,a2670f5091f1b3e72deb903611eac13636a47af3a106dc2e491812accab576ec,eqv1_q3xxqxxuaoqthr7c2o6jfc2dhf,1980-03-06T21:00:16Z,5.6,5.6,1,1980-03-06T21:00:16Z,1980-03-06T21:00:16Z,8ba6017dea3ce4b7101b9fba4972cd52dca3972c4f9dfa9911cac93e7f03ce3b,eqv1_q3xxqxxuaoqthr7c2o6jfc2dhf
m5_6,7cd52394ce53eb2fad5bb0438e9b432eb3ecc04e7f2ac653e200ec93c71bcd83,eqv1_qtdr4dag3im3s4zd75lf56lj3d,1980-03-13T13:24:39Z,5.1,5.1,1,1980-03-13T13:24:39Z,1980-03-13T13:24:39Z,df624dfc91dcbbc682a2a7e784ebec934605b3679ef2e47f9dee3610621481ef,eqv1_qtdr4dag3im3s4zd75lf56lj3d
m5_6,8d6a550cb0415393a93a4c593f33d550c19bb6905605601d7e582137b3a0474f,eqv1_rn5ovf7vmq5twyytdrho2oilei,1980-04-17T19:25:32Z,5.2,5.2,1,1980-04-17T19:25:32Z,1980-04-17T19:25:32Z,2c47aa075edf9b600433e1b104c322c8535f459e580b84ff86022aed4f32ceeb,eqv1_rn5ovf7vmq5twyytdrho2oilei
m5_6,aa28b86f502e3b4e4e78dc4d83130cee480ae895a6efa87978cd2485b0e4ccff,eqv1_cd6q4cw5tzrewla7eri2si3ntr,1980-06-01T06:18:57Z,5.6,5.6,1,1980-06-01T06:18:57Z,1980-06-01T06:18:57Z,2c4685fa2116a1c33e390bfbc226e1e565389934a0ab5d0ad176e43abb3a2528,eqv1_cd6q4cw5tzrewla7eri2si3ntr
m5_6,2423ee77d55427a7bbc203c1ad11f86b4bf80f7d2121d12cfc5ec25d8a5be21d,eqv1_ujgmvbca36nwigwmuw2q4jl5o6,1980-06-03T20:32:11Z,5.6,5.6,1,1980-06-03T20:32:11Z,1980-06-03T20:32:11Z,6ebea782988adcb0bf21362184a808b2a0c38e6ce2e43a5464fa37759563bef4,eqv1_ujgmvbca36nwigwmuw2q4jl5o6
m5_6,783688a8c183b08f51572fc188e1577378abdf312862928088464b02668b8ec0,eqv1_mcqle7yztpqz6j3thlocmtyvkm,1980-06-17T21:45:53Z,5.8,5.8,1,1980-06-17T21:45:53Z,1980-06-17T21:45:53Z,0ad5faf4c17e69babf79f506000e602329aa89b78503f06ff919381a056dd802,eqv1_mcqle7yztpqz6j3thlocmtyvkm
m5_6,29bf17741f48936ba6e16087c37233309aa2ce7adcbb78c6f3e46c303b6fcddc,eqv1_4ch56npizuagy7hhfadw3323bo,1980-06-25T02:53:56Z,5.2,5.2,1,1980-06-25T02:53:56Z,1980-06-25T02:53:56Z,552cc8b0218ca53447c5f18949249ae9ce0f454b51b2f7c69b154206c5475c4d,eqv1_4ch56npizuagy7hhfadw3323bo
m5_6,ee5422d232c0c9682d02e7186585a897c839bb098a422fa8d2e0fd92a50ed583,eqv1_rgvf2nwpql3wxs5utor67obxqj,1980-07-12T20:39:35Z,5.1,5.1,1,1980-07-12T20:39:35Z,1980-07-12T20:39:35Z,288b0961c52365ca3acffe94a924520588645d8ac8de6f81bd34105f0e98bc98,eqv1_rgvf2nwpql3wxs5utor67obxqj
m5_6,1d4dddb9bde97683361dea436a95afc2954eef2fcc5fcff1d75f9ece5516ae51,eqv1_j65smylzc4bqsofrfql2b3srib,1980-07-31T19:03:06Z,5.3,5.3,1,1980-07-31T19:03:06Z,1980-07-31T19:03:06Z,0faf301caf68671d5119a38b1f5b2d380d9333a00b7f62858c5a52b9e6e9cced,eqv1_j65smylzc4bqsofrfql2b3srib
m5_6,75ea794877102b566cd9a6839c756774c59cb41f4c28243ea334d229bd2d2d7c,eqv1_tblobetalgy7peqb75bkidk74o,1980-08-14T21:45:02Z,5.2,5.2,1,1980-08-14T21:45:02Z,1980-08-14T21:45:02Z,2174ce9f8ead16580245c565a2fc7cae2a3c5de5fdd253bd5a948912e886e1ce,eqv1_tblobetalgy7peqb75bkidk74o
m5_6,44403fd2e4b652cd169e2243f9618952de4de31cc602bfb90dacce0f0e09e1bb,eqv1_5ndhgsqohrtyrhob7s6h3zags5,1980-10-07T09:32:09Z,5.8,5.8,1,1980-10-07T09:32:09Z,1980-10-07T09:32:09Z,ad46a81ed6eaa27fe83c6543dd90c24ae925fa7223d97321ae14bb6a010c976e,eqv1_5ndhgsqohrtyrhob7s6h3zags5
m5_6,9dcccc918539d38667a5d7eafd82d57fb2f3ffa7397897eb5c66a5c2e81708c9,eqv1_f4txhtpxld4mc5dybovhmap7rr,1980-11-06T01:34:25Z,5.7,5.7,1,1980-11-06T01:34:25Z,1980-11-06T01:34:25Z,8a27337616dee1e9da16b40c0d5fb0d413017dc84bfbd60b6a218cbc5ac01e05,eqv1_f4txhtpxld4mc5dybovhmap7rr
m5_6,8e7096377d288cabd5a96310efce925d9bd6a68097e9777716643d65ce15527d,eqv1_yiop5mbxm4wjun5qtxebh2v5dq,1980-12-06T02:45:29Z,5.3,5.3,1,1980-12-06T02:45:29Z,1980-12-06T02:45:29Z,4f0dbbb530dc95c3992e2465ca39fb3f29271955bd75d5f1dc6227dadd28c147,eqv1_yiop5mbxm4wjun5qtxebh2v5dq
m5_6,b88a94e835cb408edcd82ffdfc0c91d5cf266836051f1339197bb9aad9a3646e,eqv1_l5y4dhggpefxoq75uf3zds722o,1980-12-15T22:11:50Z,5.8,5.8,1,1980-12-15T22:11:50Z,1980-12-15T22:11:50Z,696c13b866e0e3871b184d0da119ab10e6b5aa015aff5e0cf8e452c813f7cc2a,eqv1_l5y4dhggpefxoq75uf3zds722o
m5_6,d59b2ab2f0e42abe103ad1cf7530a9d877088549ec940a876cc376081d21d5a0,eqv1_iqfgkzlgn3r5oblo42ztt3354r,1981-02-09T23:13:07Z,5.3,5.3,1,1981-02-09T23:13:07Z,1981-02-09T23:13:07Z,81b9a8c07a3ecc5551c573f5db367d5bdcac54c2b4bb9dcee9bed304b7f19426,eqv1_iqfgkzlgn3r5oblo42ztt3354r
m5_6,323f1b955bb9cced4305afa75f42a351afc8f46f4ca3f02543a5f16ea938bc75,eqv1_imunj6flaevo3pjdexbt5trjvj,1981-04-25T23:06:10Z,5.1,5.1,1,1981-04-25T23:06:10Z,1981-04-25T23:06:10Z,d1cbe0be91c1952117e711c8993377c0fc4ecb9370a777b372baf1d1e093aa72,eqv1_imunj6flaevo3pjdexbt5trjvj
m5_6,f7c41793438aef0996099588408964fc2432273d2a1f068f63382a8daf72050a,eqv1_htaktycqdpxuasqtm5ntcnigye,1981-05-13T02:07:53Z,5.4,5.4,1,1981-05-13T02:07:53Z,1981-05-13T02:07:53Z,73c3035642f7b331cec2f42ef8e358d264cb40c1311cd4e1b75e52db39eaa766,eqv1_htaktycqdpxuasqtm5ntcnigye
m5_6,90b9fed27064f4ddd0af5d7a0f2b08ae23494894301bf1b82d50deefaeb56027,eqv1_rwar3tejbf5v2xejeras3qka7o,1981-05-22T11:36:21Z,5.0,5.0,1,1981-05-22T11:36:21Z,1981-05-22T11:36:21Z,b15fe117e5453e772e3a0697356172f71259d4eddd2762a9586263f284f1be31,eqv1_rwar3tejbf5v2xejeras3qka7o
m5_6,e932d814d626c08ddd681fe456750841561f137756c677a146b80f1f6fd33183,eqv1_kg3yw7wpeusgn7uazsk5t272nz,1981-08-13T03:01:35Z,5.6,5.6,1,1981-08-13T03:01:35Z,1981-08-13T03:01:35Z,aed494299b77a238bdaca86d2702117f42b22acdb6321240dbc1bf2dda1fa5cb,eqv1_kg3yw7wpeusgn7uazsk5t272nz
m5_6,a47670d0fd4a65bbc5684e8eceeffba01be94128eeed26877f06dc32bda129f8,eqv1_hbajbyvsrnwdu4mfsice5hkqe4,1981-10-23T23:44:49Z,5.4,5.4,2,1981-10-23T23:44:49Z,1981-10-24T01:39:28Z,f4133a775733f5822dbca669e4c5237252887453841720a5a34144d5b702243a,eqv1_hbajbyvsrnwdu4mfsice5hkqe4|eqv1_bkvsy4dbtlf2akevl3povpfrwr
m5_6,f3b2e36fba2f0dc61308722325443498e903be0e98eac6d4e5b270aff98dbd54,eqv1_34ptoj4tf5zu4qlfyv4d2nh4l3,1981-11-08T18:01:03Z,5.8,5.8,1,1981-11-08T18:01:03Z,1981-11-08T18:01:03Z,8fa440ce4810ec05fe08e1d2b9a7c00adea3bf5d3a77b47628054d0a43f42f85,eqv1_34ptoj4tf5zu4qlfyv4d2nh4l3
m5_6,6a5effc59b8e795fba407344ba33b83770ac31aa7a144f6d4df7742ac436790a,eqv1_3futst3qrpxfovrmcdnljscjdv,1982-01-22T04:30:01Z,5.7,5.7,1,1982-01-22T04:30:01Z,1982-01-22T04:30:01Z,7c68961fa02c86ffb3c6048780dce8ce393144d68bc33c0ec3fa2e33487b2a56,eqv1_3futst3qrpxfovrmcdnljscjdv
m5_6,23b87ab8993047654e21530edf07118277784dd431d0a730d556d37071f73f34,eqv1_4lxw6s2yzerlvrqgcjm63yaa6g,1982-01-23T18:19:46Z,5.0,5.0,1,1982-01-23T18:19:46Z,1982-01-23T18:19:46Z,d2d35e4494c506ce0c7af61e1b8cc359035974c1c00f43ab9321e9ca907ac54c,eqv1_4lxw6s2yzerlvrqgcjm63yaa6g
m5_6,7d464a53057400bc5d52d3bfe03aebb3bd5fd4db8b341d180772e1930fb06b23,eqv1_j22gnizq3nnwilbhpnhp7lptmk,1982-03-07T11:48:45Z,5.1,5.1,1,1982-03-07T11:48:45Z,1982-03-07T11:48:45Z,c4c2719f22852804d8361acde994ea169ba7c963dc4325adea665f29d3a3ec5b,eqv1_j22gnizq3nnwilbhpnhp7lptmk
m5_6,5ef62add4859f9cb1f51a93568a4da45a86c91ef75fd56942b61f1ac305b7f25,eqv1_mspjxhicit6p4qlmqjr3knuzcb,1982-04-05T02:19:45Z,5.2,5.2,1,1982-04-05T02:19:45Z,1982-04-05T02:19:45Z,7a87a459db87b25c2148226dbbcb661db1cc2d25ba12144ea2b8bfba2724e22c,eqv1_mspjxhicit6p4qlmqjr3knuzcb
m5_6,f4d98bf63fe5aa7e874793f5fb5c976c2405e022d0a50fc8cf93490aa0d2fd08,eqv1_fh6kxtwx24yv4d454ln5ckslhd,1982-04-14T06:36:56Z,5.5,5.5,1,1982-04-14T06:36:56Z,1982-04-14T06:36:56Z,5204b7f069765691e36f9eee126fcef7879c600a20d8d8bf61e216b19924432c,eqv1_fh6kxtwx24yv4d454ln5ckslhd
m5_6,9733cbf7854951aeb49bd375384d63d33ed964aef3c3ea2a3fdec73108568101,eqv1_nbdnhm2d4z3sejcdn5ljyqh42m,1982-04-22T16:39:35Z,5.4,5.4,1,1982-04-22T16:39:35Z,1982-04-22T16:39:35Z,670d0f3fdb1688557498ef7cce56a13182e0772637ad5dc1a3b669bcc4b916ff,eqv1_nbdnhm2d4z3sejcdn5ljyqh42m
m5_6,695bd3c2caa866e5db33383c538513822bf341c341d303ffe4a9fa20e29a31dc,eqv1_bmd5cbfyllsndxakxh75ukhqqc,1982-07-03T08:13:34Z,5.4,5.4,1,1982-07-03T08:13:34Z,1982-07-03T08:13:34Z,240fdf03e9b694804182b0d154375765bbaf6418b771cf3208540bff812caaad,eqv1_bmd5cbfyllsndxakxh75ukhqqc
m5_6,87ebea2811e617de00f58ebc6206ad0df2ae44238341c85ce3a22e9263d35a30,eqv1_b2nkfd4ms336h6roxqnjjtsepv,1982-10-08T13:34:57Z,5.1,5.1,1,1982-10-08T13:34:57Z,1982-10-08T13:34:57Z,16089e6a270e30df23b90b7ddadc0b4f1ae5f6ebab4cdea62ac182afc212b92d,eqv1_b2nkfd4ms336h6roxqnjjtsepv
m5_6,7223eac783e855d519b53658320deda57147e91393966a28a5dac8132f6f6ed6,eqv1_umjq4qjvxw3zbkylekcksq6d6c,1982-10-27T15:36:32Z,5.8,5.8,1,1982-10-27T15:36:32Z,1982-10-27T15:36:32Z,3fddb5215c16e94f17af3ae71d94cdfc1d0c7eec9f987264e19e4a4201a39140,eqv1_umjq4qjvxw3zbkylekcksq6d6c
m5_6,d04fc427130dade3433677756a3f2c8d96a72507d1bed6f96736b0c2cb0f6ef3,eqv1_76zfok365geosqm7h437jsm2z2,1982-10-31T18:40:50Z,5.5,5.5,1,1982-10-31T18:40:50Z,1982-10-31T18:40:50Z,6830cc861bfc09c8d120dc6d366f29b9c6679ff4b313f7fcbd2fa750f1cf1c6e,eqv1_76zfok365geosqm7h437jsm2z2
m5_6,7f810cd309d1ef3e7adae306b6a9ad197563620d15f1871b350a7314a74e1487,eqv1_6rmudoqkzhs35gdqpqfn47wxnb,1982-12-28T07:30:05Z,5.3,5.3,1,1982-12-28T07:30:05Z,1982-12-28T07:30:05Z,f73afc2874008586f0bba88551e174cc11b3e96eabbd11261efc29a3128c5583,eqv1_6rmudoqkzhs35gdqpqfn47wxnb
m5_6,c288dc6193c2a521443404a6c68742ff6ab7347d3ee6cba75c73a3f633a57892,eqv1_p25iyz5zaeb7gfz6l7pq7b5oeu,1982-12-28T08:00:01Z,5.4,5.4,1,1982-12-28T08:00:01Z,1982-12-28T08:00:01Z,0c7b9978b9ce482a78e5f306678974a20a600c4027bd2e0ef82124901a68047d,eqv1_p25iyz5zaeb7gfz6l7pq7b5oeu
m5_6,415b37664c61111278c47343c930cfa74508cbb55f8664b7f366bf9a5e66b05c,eqv1_7e6wlorols4ydtggcoqklgvknp,1983-02-13T01:52:45Z,5.4,5.4,1,1983-02-13T01:52:45Z,1983-02-13T01:52:45Z,26e1cfdb4152078c2a997479723c667e3a5f3b13e00247c220a6b72798d627b4,eqv1_7e6wlorols4ydtggcoqklgvknp
m5_6,308b2a554bd56edf709d907239cc4315e9b86de93359780f8b7aea69cbb5ce33,eqv1_wei6wtnfaoby44wg2opuxcma7g,1983-02-27T20:33:01Z,5.2,5.2,1,1983-02-27T20:33:01Z,1983-02-27T20:33:01Z,21e86737ade41599d6a79f6adad75de94a174f0523b403787a376a24816ac99a,eqv1_wei6wtnfaoby44wg2opuxcma7g
m5_6,414e22201ebe1f3b4e7a100522d1f7e19359d9c77b8a2bd1443a3f66e8122625,eqv1_o5skfuz6yba55cu6pccqdjwra2,1983-03-30T06:46:20Z,5.3,5.3,1,1983-03-30T06:46:20Z,1983-03-30T06:46:20Z,5c60f306520e991a4e45317f1520ae18d0f98e2f9ce30e3847641d8612232832,eqv1_o5skfuz6yba55cu6pccqdjwra2
m5_6,4935a3ef998794ee1eefc7da4e61da17e2164e0284da15be5e056cc3d58094bb,eqv1_3lvita2qzurlv2ltbh6o7yydbm,1983-05-26T12:07:13Z,5.1,5.2,2,1983-05-26T12:07:13Z,1983-05-28T03:28:06Z,373213b77da8163d4ace1ad80ec5ae37193f00397324b23f79011ebbf446a539,eqv1_3lvita2qzurlv2ltbh6o7yydbm|eqv1_qroltwiinbfubbmccbtuuwlu4w
m5_6,8dd586c074a6246172359f06f66c449bb769c6188cf25439ee35a4d627da59a7,eqv1_jsr56bbc2f55wcq3dog37s3hgg,1983-06-04T09:34:44Z,5.0,5.0,1,1983-06-04T09:34:44Z,1983-06-04T09:34:44Z,e476d13786383198de3354aa29ab98730163a5dfb9b3ab3e09086f6528a00137,eqv1_jsr56bbc2f55wcq3dog37s3hgg
m5_6,305801b244db10b4f736d8272f1eb61e6c7fe9c833c8e78064fbceb2209466b1,eqv1_mtjptimbxzwmk2scztifneut42,1983-06-05T10:39:38Z,5.0,5.0,1,1983-06-05T10:39:38Z,1983-06-05T10:39:38Z,268b2d5888c2a7f50ef61fd50f2c1cf4c70cf2a2963d135224c32161e7cd4490,eqv1_mtjptimbxzwmk2scztifneut42
m5_6,396a3b21b88d8c4605473ee5b53ec893911f83d0194257867428b2fb4556baa0,eqv1_3vd5iu2agp2lmjlibkflsxfy65,1983-06-15T06:05:52Z,5.6,5.6,1,1983-06-15T06:05:52Z,1983-06-15T06:05:52Z,429f2ebbf131160010d4a0f2656ead3e9a7a4560db71b41b186149b7f8ecf623,eqv1_3vd5iu2agp2lmjlibkflsxfy65
m5_6,edc8880cfe7040595e2f7e02bb68d101031d900be1a8488bb41b79a014e27fc3,eqv1_hb6hudz5nycbcbt7fm5wal6mos,1983-08-25T11:05:32Z,5.1,5.1,1,1983-08-25T11:05:32Z,1983-08-25T11:05:32Z,5136a9a66e08d69d1172242718140fe102fe427142ddd3d328a373540b230a2b,eqv1_hb6hudz5nycbcbt7fm5wal6mos
m5_6,a38afd75a1fa09713a7899b308c0d86af72fa4f6427e3d7f93e6597478d6f5e6,eqv1_z7leosaghrg36q2udoibvyze4r,1984-01-05T23:34:00Z,5.3,5.3,1,1984-01-05T23:34:00Z,1984-01-05T23:34:00Z,638add46226d4deb027b6eca9540b2023b22090d710658cf1b45f58ce0d45b08,eqv1_z7leosaghrg36q2udoibvyze4r
m5_6,4a210e4d1321e17c27897adf53dbe7ed4f39e96b81f447e1e9e23b2f9a157d74,eqv1_3dxqnheovmfjryek7xkc5xu3i6,1984-01-21T20:47:20Z,5.1,5.1,1,1984-01-21T20:47:20Z,1984-01-21T20:47:20Z,71352cc2e18a218aa1f1cba5f29a918a166cbe6b2794394fa3af9a1c5e80273d,eqv1_3dxqnheovmfjryek7xkc5xu3i6
m5_6,b4aa204fca5ff859ea72b3b35949562a839703bf643272ec6ce87820f9b17833,eqv1_aiqicfqikajob5alvtrmgaxefl,1984-02-17T02:37:26Z,5.3,5.3,1,1984-02-17T02:37:26Z,1984-02-17T02:37:26Z,76cdc7542b0550b8dfe5a2b184b0258da320db7afadf5220dc27cc81b3063aae,eqv1_aiqicfqikajob5alvtrmgaxefl
m5_6,4e592fee02b67ab8be256266a363c86f5ae786bba3860153c301f0e1a98d6537,eqv1_xwambtbac6mqrsncs64nfnxgmz,1984-04-07T06:28:26Z,5.1,5.1,1,1984-04-07T06:28:26Z,1984-04-07T06:28:26Z,143414b7036aaa40c9942d90a31a65ad6816106c28ff53bed001bb258fad0416,eqv1_xwambtbac6mqrsncs64nfnxgmz
m5_6,3d3baa4d62e1a76bc8c0c07e3b5662f4193f3dd0e3fc441bdb6884acc49efea4,eqv1_gzffgsp3j4m2wqyjb2hucqdufk,1984-11-23T09:45:24Z,5.3,5.3,1,1984-11-23T09:45:24Z,1984-11-23T09:45:24Z,ab3931fc7d72a83289086413a64a87614e14aec113b119e0e4bd80db956aff0f,eqv1_gzffgsp3j4m2wqyjb2hucqdufk
m5_6,3c7d2bb1d346419df3943f488d5cf9e44e8ae1b39b3fea4b72944a43e0a8a597,eqv1_sqmpqcbii2etbgnkjcr3jm7m24,1985-01-16T08:45:36Z,5.2,5.2,1,1985-01-16T08:45:36Z,1985-01-16T08:45:36Z,354a8190e33ee65b1f07b58d599b0e34b1a7538f47246bfa0568812fc464b759,eqv1_sqmpqcbii2etbgnkjcr3jm7m24
m5_6,ddeade74dac41c04ba023560e0a7af6ea3f1657c39e50a50c5671aaa700c649f,eqv1_7lkzrc7jp6xqq2jg2ajysi4ixb,1985-04-21T13:21:27Z,5.8,5.8,1,1985-04-21T13:21:27Z,1985-04-21T13:21:27Z,a88ab080e752cdfe7b9bf4ac0d4ba371909c88f1bc67c32e500c9c422889a437,eqv1_7lkzrc7jp6xqq2jg2ajysi4ixb
m5_6,8c551fd43b37b683ee7e69eaa8dced22940aa79542e281cbbed60bc3c88d330a,eqv1_vygoubfki2oeuh22i2ionog3rv,1985-06-15T15:17:40Z,5.4,5.4,1,1985-06-15T15:17:40Z,1985-06-15T15:17:40Z,4a2d9bffb140c501dd312168508329fc124a315b392a8266c0c0b9f4e18c80f0,eqv1_vygoubfki2oeuh22i2ionog3rv
m5_6,65073b2102ea28f1a80f13016dd2c617ed020c131d36440b4102b171b9172a7b,eqv1_6pdewp4o2o67ahaja22f7dvfs3,1985-08-01T12:13:44Z,5.7,5.7,1,1985-08-01T12:13:44Z,1985-08-01T12:13:44Z,483792e186d7324041c084d1208bf546cb8ab15b7a84e535e081586af8d33c72,eqv1_6pdewp4o2o67ahaja22f7dvfs3
m5_6,bfed65d0371bafbe7931053ba759c5a068ad8aed512e2e82f58ff41bb3048715,eqv1_lvezkmzx2ksiczsro4f2ivba6o,1985-08-11T16:06:00Z,5.2,5.2,1,1985-08-11T16:06:00Z,1985-08-11T16:06:00Z,12a17a98000e5486326a107a202fe734cf748ae043173588221089470fe1b91a,eqv1_lvezkmzx2ksiczsro4f2ivba6o
m5_6,7ed433e8a524571e632aace1091120aba20cec2bca66afe60238bd2b7fc2cefd,eqv1_6itkl35szlozsulittn5ldzggr,1985-08-23T08:32:54Z,5.0,5.0,2,1985-08-23T08:32:54Z,1985-08-29T23:39:48Z,75016cfbb1872e7ef5b3a63f076bfaeaa54faabd98fec005f133e77a8da64660,eqv1_6itkl35szlozsulittn5ldzggr|eqv1_kylh6lcgcimw5xgnal57noo3fs
m5_6,dd91e7a79a0bc83aeaf3959da1af2e77a3889d2ff0840c6ac5001e988a51db17,eqv1_oy2zwrxlsec766sx6ybts5c2j6,1985-09-01T19:07:42Z,5.4,5.4,1,1985-09-01T19:07:42Z,1985-09-01T19:07:42Z,cb10aa00bf64dfd4e7beb58c75397ac3a136b3db17ebb85cd1a79f8ac146d7af,eqv1_oy2zwrxlsec766sx6ybts5c2j6
m5_6,a1419c0af1985e6a44130ee3664d86459f22939fdd367fcdc1a6ec081a14a21e,eqv1_kwd576kohpdnqyffyadztbekac,1985-10-12T18:22:36Z,5.0,5.0,1,1985-10-12T18:22:36Z,1985-10-12T18:22:36Z,63bf724481cb9526c54446c8a2b8e7d14046fb713a0b1e18b9579f4938e3feee,eqv1_kwd576kohpdnqyffyadztbekac
m5_6,1f4de7912694dbc6dcafb4be3384d6f29b86c9ca73744fe3e1b4c5961f405693,eqv1_wa3rsz7jkmiaayjayvql4k4cku,1986-01-28T09:28:22Z,5.2,5.2,1,1986-01-28T09:28:22Z,1986-01-28T09:28:22Z,3c4f03e964141d976e8bd0a2cd037891defd4850937afe68206c7639b899c832,eqv1_wa3rsz7jkmiaayjayvql4k4cku
m5_6,04dc78915ac803669b444c2bc16f9a9b32211f1f17f47e2e6e48d36d1e130ec9,eqv1_flu5yoxm6e6mhp6e4gizrpqjky,1986-02-05T21:59:33Z,5.0,5.0,1,1986-02-05T21:59:33Z,1986-02-05T21:59:33Z,53c1f5440d765121b45dd33cc860af00535875002138ea7cd6e03fb976700544,eqv1_flu5yoxm6e6mhp6e4gizrpqjky
m5_6,b8e0384b624119ae60b77c9ad8f0479417000e5db2109aed3ed2059484581dd4,eqv1_xbse6ufahuy6a7g2xnxv44vpdv,1986-02-28T17:07:26Z,5.3,5.3,1,1986-02-28T17:07:26Z,1986-02-28T17:07:26Z,310adc9cbe7683e2109100aad678d0c3e7ed43ff53ad237bfb14029b65ea2d66,eqv1_xbse6ufahuy6a7g2xnxv44vpdv
m5_6,db6fa59a12ccd0a603fcb5c5b4582ae741591333471e37ee5e52b1add3ad1275,eqv1_gunorzumdk44yc733r3rknzag4,1986-03-13T08:41:18Z,5.4,5.4,1,1986-03-13T08:41:18Z,1986-03-13T08:41:18Z,1314ce811c575cf43ad0d4317af7948de28ced4670b96f65e82f8b03499f73f2,eqv1_gunorzumdk44yc733r3rknzag4
m5_6,0ca33851668791da752fdf892f30c0e9401ae0d1ba00dcbcd603bc4f9e0474eb,eqv1_avf3abvqxeqvqtzopyb2boa6vu,1986-04-04T11:23:22Z,5.1,5.1,1,1986-04-04T11:23:22Z,1986-04-04T11:23:22Z,67f799c13da6c4a945fd77d5f5116ec66393581616f734b6230198e1037f6675,eqv1_avf3abvqxeqvqtzopyb2boa6vu
m5_6,d5e675f6e0b275971d315941ea1c8b4366fb9abf65454023fd879db3f0b29db0,eqv1_jh4zeeq54khijf753tbisjnglt,1986-04-13T21:28:26Z,5.0,5.0,1,1986-04-13T21:28:26Z,1986-04-13T21:28:26Z,507dfc0281bf4d656a4cdd5b6fb198cf8bb94e8300b1a0c3da9f07a11302290d,eqv1_jh4zeeq54khijf753tbisjnglt
m5_6,4ef6128a25deef8ab29f7754b8b9473a6a1cba01df7c507edae7849c7fb2902b,eqv1_sv6hrwrrrlvl2a2oics5khc5s2,1986-04-24T00:22:15Z,5.1,5.1,1,1986-04-24T00:22:15Z,1986-04-24T00:22:15Z,4fb8abb796ed73fa9ae00e788af0b8c69d8dc5b49131fc8acfc1004d1208426f,eqv1_sv6hrwrrrlvl2a2oics5khc5s2
m5_6,c8c9352803884afbfac4727e15c55acae118697c7e39bffe44f3f08ecc671edb,eqv1_ukkuxdd2m6ig6mdii66ieryal3,1986-04-25T16:12:33Z,5.4,5.4,1,1986-04-25T16:12:33Z,1986-04-25T16:12:33Z,85bec4f109fc6d0a11b992ab49e14bc3fc8b7d26eab02a6d9f7ec6f7c905c4a5,eqv1_ukkuxdd2m6ig6mdii66ieryal3
m5_6,11cc6c53d451730983c475f2ff702ef7992211bc10c3d60d45a2d660d6376805,eqv1_jjyvr6deu6f6miwpf63xyy5rf4,1986-07-19T20:12:55Z,5.1,5.1,1,1986-07-19T20:12:55Z,1986-07-19T20:12:55Z,4ffb1a1fc494e811df59fcc746f064e87945abba6f8bb69fff9163516d96acfb,eqv1_jjyvr6deu6f6miwpf63xyy5rf4
m5_6,36e111d738546fdcf9e5145bf979b4d16a92d5d25d002b2247bc33d44bd616f4,eqv1_nwe37fqxjr4ubqss6zj6hzgytd,1986-08-06T19:55:13Z,5.5,5.5,1,1986-08-06T19:55:13Z,1986-08-06T19:55:13Z,8739b2d6b93e205f9d4b0763df6c738a067c0dac7dec27adc2b3d6e5f32f53c0,eqv1_nwe37fqxjr4ubqss6zj6hzgytd
m5_6,3b36ea19e31b5865c543d3972d1bbff1b16a8810b08090d230197d3b76216b85,eqv1_rzf7yivkpamf22ar3ig26no2lk,1986-08-12T10:45:51Z,5.4,5.4,1,1986-08-12T10:45:51Z,1986-08-12T10:45:51Z,dd0833479856b0b48f3a289d8cc5c54c1aecf607f55d88bb97afb58008ab3f53,eqv1_rzf7yivkpamf22ar3ig26no2lk
m5_6,76eb65103b342fbeec5a854d250a71ae24398886ca3f712f3b58b3ca1e331ae0,eqv1_vku4pkkssw3kk7ercrq6opnps6,1986-08-15T20:20:37Z,5.5,5.5,1,1986-08-15T20:20:37Z,1986-08-15T20:20:37Z,bb4cf2994ff7181e4502da99954331511c06f5655458e3a9eb8159bae33dad78,eqv1_vku4pkkssw3kk7ercrq6opnps6
m5_6,11c127f400b2789ad9742bc9bb58520c3c8e89bc9c1ef95258ff51ebfb79667a,eqv1_ux2dg6bxz7hc5nveuvdjo4vnkl,1986-08-20T22:32:05Z,5.3,5.3,3,1986-08-20T22:32:05Z,1986-09-12T14:08:53Z,0519895099638b45406c562bb0f2113d84255cd59e664daf2ff7a20722eec25b,eqv1_ux2dg6bxz7hc5nveuvdjo4vnkl|eqv1_wlnd7ptje7ehciv7sz6kuk6ats|eqv1_wlhn57vhxrg2lpd4tvb45w4yd3
m5_6,2449f95b5f96600fb29d7be8e0b0ece13770a3b90e38e021a771954f8cdf2ae8,eqv1_jvie65tteq2qycttnjseq6xeli,1986-09-09T16:22:51Z,5.0,5.0,1,1986-09-09T16:22:51Z,1986-09-09T16:22:51Z,4d2e5339362dd95a005a4df661089ec83173f8b5f7c60e67c97824a5c692d94f,eqv1_jvie65tteq2qycttnjseq6xeli
m5_6,a609df3392021fe62dc1ea3306662b6ab51847e02bb3f14a5fd9e05d2248559f,eqv1_a6ndvgiqlbddzgcglihih3yl5z,1986-09-16T20:11:24Z,5.4,5.4,1,1986-09-16T20:11:24Z,1986-09-16T20:11:24Z,77fb287a68ec65169afb043e715c3a0f1928c7027207ff2263c8d09ea8357bc2,eqv1_a6ndvgiqlbddzgcglihih3yl5z
m5_6,a9b036e51bcbd4a4763e489d1ceb6909ed874c2bea281778509f5db88bd84973,eqv1_6vdodcl3hixdb76gosuf2ysnrc,1986-10-06T23:28:07Z,5.2,5.2,1,1986-10-06T23:28:07Z,1986-10-06T23:28:07Z,3c9009ce6807c9b6f5a454402069eb882cb910675f598d106c59b9913904c2a2,eqv1_6vdodcl3hixdb76gosuf2ysnrc
m5_6,db76b84700cf1c9ff99fc69c5917d276bb30c5a9c96687051fb51551d4f488b5,eqv1_bu4ojiy3c3ki3zgjca3zfvjhbb,1986-11-20T13:04:15Z,5.0,5.0,1,1986-11-20T13:04:15Z,1986-11-20T13:04:15Z,e665ca0552991ab3674b61b3e81056e74063c2d86424d07d29d84c8e77e9304e,eqv1_bu4ojiy3c3ki3zgjca3zfvjhbb
m5_6,501f20da2b29730f3935ef66921cc6ca6c793e3845c4934127c7dd10b88a6178,eqv1_ecmwjv3ttibxascpp7tjqeetkg,1986-12-20T23:08:14Z,5.3,5.3,1,1986-12-20T23:08:14Z,1986-12-20T23:08:14Z,310f22ec24d5aa518ea15e02c37978ae98c08b17dd9ff808c339ed111abdc946,eqv1_ecmwjv3ttibxascpp7tjqeetkg
m5_6,c5f2e7c1250e28a1cb8f62b714c7e4612c545f8a54b181da56399df77c225566,eqv1_psn2maep2oemqvvfyl6hqxt5gy,1987-01-05T22:52:46Z,5.8,5.8,1,1987-01-05T22:52:46Z,1987-01-05T22:52:46Z,5ee009cc21f5b753e44a03dc984b8edde67fd0e849eaf425618781a5c834b0e1,eqv1_psn2maep2oemqvvfyl6hqxt5gy
m5_6,afe49345529f50b73788110d8ccf45ce4158d297b5a84ebd287615ac8486b1cb,eqv1_qjx6sm253plj6qcy2jwodkl3jh,1987-01-07T18:19:06Z,5.8,5.8,1,1987-01-07T18:19:06Z,1987-01-07T18:19:06Z,1e9485cb084bec9d6b748089df909ac204b23f7be6773f70729edf6869f5deda,eqv1_qjx6sm253plj6qcy2jwodkl3jh
m5_6,cc27c48ed946e1e516214fec9ff22d8cfdf58560bc90af803df8740486a67e90,eqv1_gwmimcfawukqqm4apljrqdw7xh,1987-03-03T09:41:31Z,5.0,5.0,1,1987-03-03T09:41:31Z,1987-03-03T09:41:31Z,0555e43dedd0b5af45d6c52f9f30c568ef84fc12d0656b377ae0a6ffde3a8e2a,eqv1_gwmimcfawukqqm4apljrqdw7xh
m5_6,f136cb61b42901f40d7061bad2d75270ac042fa2e5b2cb82640db7f082c4ef18,eqv1_rgv34pgzok6ygnqoq2gxiwc6b2,1987-04-09T07:25:33Z,5.2,5.2,1,1987-04-09T07:25:33Z,1987-04-09T07:25:33Z,6d4d7e225a1b9831d874dcc04134d52b8964893c9e349ebd1c7e806eb2118ebb,eqv1_rgv34pgzok6ygnqoq2gxiwc6b2
m5_6,3969002648d9cc3d2a6c868c130f8f7157c8ddf57a0436c5818050091af95336,eqv1_u4vgvkhuvfrolkvzpaeungwzml,1987-04-30T05:17:39Z,5.8,5.8,1,1987-04-30T05:17:39Z,1987-04-30T05:17:39Z,2efd611caf3f3c031a52fa17e908ab1d8ee1511ce73fc181fa232d06364836de,eqv1_u4vgvkhuvfrolkvzpaeungwzml
m5_6,81f32dd037667a23c22a2cdbc1bbe703efa2a87701df299eb391a99941954204,eqv1_xvqhe4xwjqw2xfai6bek5m5ypr,1987-05-18T02:03:09Z,5.0,5.0,1,1987-05-18T02:03:09Z,1987-05-18T02:03:09Z,520ae9c6feae251288450c60bd3e36b9bbc958fec8dfa35d21ab1126263ce4f9,eqv1_xvqhe4xwjqw2xfai6bek5m5ypr
m5_6,c742fdaa77fe48ccb35538a67c75124351958c187d713cbc24993dad6ae9f84e,eqv1_4bl7vqe25qdeqmagauqtqw4syr,1987-08-02T09:07:33Z,5.4,5.4,1,1987-08-02T09:07:33Z,1987-08-02T09:07:33Z,86a51416de905450b9c25c9d0e920512bae27ceefc0e3e467be4fcfbf9137c69,eqv1_4bl7vqe25qdeqmagauqtqw4syr
m5_6,803cbd5bbee2f04ccc0cfb60e5f6578f315f20d262c260121bbf066e4aaeb1ff,eqv1_wqlahyrvm4qbpezrbp55f4vwg5,1987-08-05T10:24:21Z,5.0,5.0,1,1987-08-05T10:24:21Z,1987-08-05T10:24:21Z,ab7bc95a0c5a2dc2b303db8dd920761912767c3cf164e16b5c74f9fe71b07c13,eqv1_wqlahyrvm4qbpezrbp55f4vwg5
m5_6,e1156a4b1072fd66e9fc1e021ec593cda670b59053a3c5483ef552ea36897259,eqv1_lcdmrzexb3rvxrfdiugdyaf6rs,1987-08-09T21:15:00Z,5.3,5.3,1,1987-08-09T21:15:00Z,1987-08-09T21:15:00Z,76c3630df82d31f84183a941840cc466f74f6a0b65f9bfc8d05eb16be452ba2e,eqv1_lcdmrzexb3rvxrfdiugdyaf6rs
m5_6,26a05727ece73bc0ded379d6f7e0a7d20e1e4bbad8ad5dac89c50b6b2b8c2dd4,eqv1_ely6tzx4q6c6e2m5g3nau3fqec,1987-08-10T12:12:14Z,5.2,5.2,1,1987-08-10T12:12:14Z,1987-08-10T12:12:14Z,4a39bffa903103e634e978b52ee11612e0679937a1b6a04cf769c68d2324ce1a,eqv1_ely6tzx4q6c6e2m5g3nau3fqec
m5_6,74360ac4c4bf2789da53c54afde2ccd7fb667d2fdcb92cc0f149b709a122eb57,eqv1_bympsikn5kjw36rwfsl7iiwiws,1987-09-18T21:58:37Z,5.6,5.6,1,1987-09-18T21:58:37Z,1987-09-18T21:58:37Z,8e63e54903344a5f0c77e2d07744888c3c077457dd56698afb7dffdf060cb867,eqv1_bympsikn5kjw36rwfsl7iiwiws
m5_6,e12ecb9acba9f7bec7c9e3a74ca1d8643d8b2bc63c345a1520ec4f7befed39a4,eqv1_upfepwbjh76zafatcyfsxmfcyj,1987-09-25T23:16:28Z,5.1,5.1,2,1987-09-25T23:16:28Z,1987-10-06T22:18:18Z,449804380acbc1cda06cad8f41f5897c823a97bd06438912cdc1eb6ab56ab400,eqv1_upfepwbjh76zafatcyfsxmfcyj|eqv1_kfdvcnkmfl7a2slskqzuo3vwcw
m5_6,fe8df38dc38e492e6abd2fd27797b545a50c395f73a5c33ccd7d1f530a947790,eqv1_gd6u4e4lqm5jjsfafevf22a7rm,1987-12-22T00:16:38Z,5.6,5.6,1,1987-12-22T00:16:38Z,1987-12-22T00:16:38Z,62a577bdafaf16474e76e309a7a6ddd8d2b6a499781bfaa8a9bc04df36cd391b,eqv1_gd6u4e4lqm5jjsfafevf22a7rm
m5_6,320fdc919ff03d1810e406c8424b0d2b1cf627c7edc3a5ba6973457cc2b8964e,eqv1_zou5ypefyuesqtl2lvvwzoda5d,1988-01-03T21:32:25Z,5.4,5.4,2,1988-01-03T21:32:25Z,1988-01-10T07:24:35Z,c40a4900086c679cc2c7bb9402017ca2c02bc900578d85689a4bdce177b1b86b,eqv1_zou5ypefyuesqtl2lvvwzoda5d|eqv1_7rtym7v4wptksdjkujikrkzr4w
m5_6,93db50b6e7595b89f7487d6bb6bb155690de13ad0bb765bcf28c8372234be4a9,eqv1_bgbp7f4b7b7ddue2hlapyhjyid,1988-01-06T15:31:10Z,5.0,5.0,1,1988-01-06T15:31:10Z,1988-01-06T15:31:10Z,4b7d5b780c2d75a727dc83ae1cb9e8b7c0bd42bab7a016a39049c0ff4f111331,eqv1_bgbp7f4b7b7ddue2hlapyhjyid
m5_6,b2d8012a73ed58e1eaac9c01b70827e732b042b85e2f01928c5fa1bdb2d921c2,eqv1_c5td674fchart6pqwkf2u226ha,1988-01-10T07:43:14Z,5.5,5.5,1,1988-01-10T07:43:14Z,1988-01-10T07:43:14Z,9169624313f475a3edb6ebba5d4598bd5f21215fac552e25df9536d0dd282c8e,eqv1_c5td674fchart6pqwkf2u226ha
m5_6,fea3b01d842a743d7698a8a5aee5efe8fe10e531d0951d47261170fc3efcd381,eqv1_eeuqwidkgci4kntu7xn64nhhfi,1988-01-25T01:12:19Z,5.5,5.5,1,1988-01-25T01:12:19Z,1988-01-25T01:12:19Z,61377efdc88ebc62f22e27776064cfbd10d2a91b2dc604cd32e5e57fcb64d795,eqv1_eeuqwidkgci4kntu7xn64nhhfi
m5_6,ebdb389d01bb2c6dd6da86868b86ebfb14081e2abc9d597265bba5aa56416da9,eqv1_fk5vpathgdka322bgrwndpkz7b,1988-04-15T10:58:15Z,5.4,5.4,1,1988-04-15T10:58:15Z,1988-04-15T10:58:15Z,f5ee62ba7f757003edefbcd1d1cabd008c5a7b4b7a8710a53de31cabcf95d9fa,eqv1_fk5vpathgdka322bgrwndpkz7b
m5_6,9abcafbf0d935f1038eca554c9b203d4a3f85b0fcc2603630ce8269c97536c2a,eqv1_6egsg2bhdcyry6cfyn75ly53bo,1988-06-02T06:11:43Z,5.0,5.0,1,1988-06-02T06:11:43Z,1988-06-02T06:11:43Z,d33fbc5815d2b32996d80c94838d302088ad1353d88559ac6bcae8a039883b78,eqv1_6egsg2bhdcyry6cfyn75ly53bo
m5_6,6be94a1d3dbeb0d70f2112c0a72ea0df33b48c64d3cd00764e10a8272c374a08,eqv1_sg5eg53ncj7y7oh4uwj3lvehgh,1988-08-12T18:58:29Z,5.4,5.4,2,1988-08-12T18:58:29Z,1988-08-12T18:58:47Z,b6be045ca25f588182bfcb776fe786f6790919e54f42977b8502b7c42305c8e9,eqv1_sg5eg53ncj7y7oh4uwj3lvehgh|eqv1_uqvkkwtgpwn26igvgqtczzcsac
m5_6,c8f4555aca61dc1f169fd37fe0446ee70e6f75d36356b543e6c0071294d48c10,eqv1_fiiw5vmznaxspj22obfomk4tfu,1988-08-14T17:50:50Z,5.0,5.0,1,1988-08-14T17:50:50Z,1988-08-14T17:50:50Z,fae4d247adf38e373c7945d635f64d382a42acd21c2e72835084c778771824da,eqv1_fiiw5vmznaxspj22obfomk4tfu
m5_6,c373c920e7eac07a57efd596b058de76c17eaf0774daf6337800646fee3351c0,eqv1_cuffcnilwpm4j55zth7mdoy2ce,1988-09-03T12:52:47Z,5.0,5.0,1,1988-09-03T12:52:47Z,1988-09-03T12:52:47Z,aa85c1ad98fa3f2a70d23c47ea107c9d2e4de499324780d61ae58f3e1f0e3d36,eqv1_cuffcnilwpm4j55zth7mdoy2ce
m5_6,3aae16b946392b6b6c992b9b7364fdea082197e28eea1eeb9361841dbb8b0adc,eqv1_gnfq4vnpzbri6lp4qc7wle4vje,1988-09-23T04:46:39Z,5.0,5.0,1,1988-09-23T04:46:39Z,1988-09-23T04:46:39Z,8d916bc6e72afca2aeb46ca996fb045dbb8ee43e6277c5b7f6bcc1dc9d73dd84,eqv1_gnfq4vnpzbri6lp4qc7wle4vje
m5_6,c63cbb6f3c970f107c9628fcec63be01fdfa253124de485cc1d9d974bb321ccc,eqv1_pppb3vcdml7zk67q7yue5hkpk4,1988-10-27T07:23:50Z,5.0,5.0,1,1988-10-27T07:23:50Z,1988-10-27T07:23:50Z,562ca211ba2225257a9b65b79f8bf9111e6e0681abac4f7c8871a31a69017536,eqv1_pppb3vcdml7zk67q7yue5hkpk4
m5_6,bb728720957125cdd399316c1c14754c6bdbc07c296c6d8ac6df80551734c2cc,eqv1_7mwbelijx2olcws3tamskoh5oa,1988-11-06T13:39:49Z,5.7,5.8,9,1988-11-06T13:39:49Z,1988-11-27T04:17:55Z,e9f52549890bf5039c9bed82060f4b29e06c557cb486c3c924f64f6b6cc7e763,eqv1_7mwbelijx2olcws3tamskoh5oa|eqv1_rhdsadwqcsivlzwp36uahtynxj|eqv1_s53xelna5ztlj3aoess5u7kfhp|eqv1_6fhlebj4useffxighdllrav3vz|eqv1_pv3ynjrpb4uyc4xogpumgoeic7|eqv1_mpvkt2ycgxxnpgpatzcrwoetju|eqv1_oiw65s7c6uhoqp3dzlehoergo7|eqv1_qd74sduwum26n4bn7yd7jaluyl|eqv1_pjnjrgaibyghzjkz3n622nhqkc
m5_6,b4689ca49d696b976ffba2b325c1c9d51e864a9cd5ce74e71b9a77f5ac2d8ed4,eqv1_4ivxchfe3khpiqmnby3kmocexw,1988-11-06T15:12:03Z,5.0,5.0,1,1988-11-06T15:12:03Z,1988-11-06T15:12:03Z,701542740ee82f0e8956d1c658572ad7f20485af35166cfd85ce0954525fa114,eqv1_4ivxchfe3khpiqmnby3kmocexw
m5_6,138bfbf736c54d7a2855305467af462787508afa5f3b362d599413653d6da6eb,eqv1_g2bohrogyazr6bkev5vnv7be5c,1988-11-07T02:21:52Z,5.1,5.1,1,1988-11-07T02:21:52Z,1988-11-07T02:21:52Z,50021619176fd6cf7d9a43ffe4dea3f8ce07f4a2371df77b3ae4c4b41af9f811,eqv1_g2bohrogyazr6bkev5vnv7be5c
m5_6,41fc0fe00f799b345cf589c40373b0c115ae1cdbb7b09b9880964a449b4e11dc,eqv1_jndpsfclz74daijdqhueyhd2ps,1988-11-21T17:46:02Z,5.2,5.2,1,1988-11-21T17:46:02Z,1988-11-21T17:46:02Z,4bdffd1b27cdc91c7a1a19856cd51df4db10167f4f4ac43d799b8bd9a4ac9bf6,eqv1_jndpsfclz74daijdqhueyhd2ps
m5_6,83b56face33459694b43a38700b83335beb5ef541ea7ee554cbda85115790dc8,eqv1_aocqoyxb3vzwiju4q4yn3mdxu7,1988-12-08T15:32:47Z,5.1,5.3,2,1988-12-08T15:32:47Z,1988-12-19T11:06:55Z,de8799867bd493542b23082ff34533d83dbf6d185c3a6226ab3f14cc5bf1aea9,eqv1_aocqoyxb3vzwiju4q4yn3mdxu7|eqv1_o7rusbl7opbokcxwineum2i6tr
m5_6,99438c122b7a1b203c64d88d9faa6ef829d61b696c2b025f4520fcb40511072a,eqv1_6pxmheobfzyh7hgu2clresqtc2,1989-01-18T18:22:46Z,5.2,5.2,1,1989-01-18T18:22:46Z,1989-01-18T18:22:46Z,0923084c0e42d8b89d684604eb0b1a8a72cc2071f1a2e86a733d5d450311478e,eqv1_6pxmheobfzyh7hgu2clresqtc2
m5_6,7887859770d5dfc42e8f4cb0de7cba29c6489b1a0a6a229a5f41d25a76bf5eec,eqv1_6on3xenxffpzehuylhoxnumudu,1989-02-03T17:49:58Z,5.6,5.6,1,1989-02-03T17:49:58Z,1989-02-03T17:49:58Z,749846a80d0d4d52f9b0cbcef91741758ae9695d637acafc73baeb940faba760,eqv1_6on3xenxffpzehuylhoxnumudu
m5_6,44ed673181694430f2cc812869db7c6cd068c11b6efc0ce0c0784bab6e32b3c0,eqv1_vp52qlosxkznpubjyhehjn4vlc,1989-03-01T13:00:33Z,5.0,5.0,1,1989-03-01T13:00:33Z,1989-03-01T13:00:33Z,d3ffe7c6e68e3ee0b92d46961124b1825c76dbafe1b6e4a9a4a74d620cda9beb,eqv1_vp52qlosxkznpubjyhehjn4vlc
m5_6,cccd7f88d1be2b542458a7b49be91cd709aa976889cbc05909c8bfb55ffc525e,eqv1_7ywslp4lcsyarkodms4q3w2jme,1989-04-30T23:05:26Z,5.2,5.2,2,1989-04-30T23:05:26Z,1989-05-03T17:28:21Z,73c94c0ea5fcf2128d05218345116ca5760138b83df9d5ea78c87026cb23071e,eqv1_7ywslp4lcsyarkodms4q3w2jme|eqv1_s44nemnrp5jhzrbbaotxjyt7zk
m5_6,c8bfbedefc236a75bd8893d43a91fc798dc55d1a0434f25844916161b0a44342,eqv1_amawk723nvz2uvxewk64xwxp4w,1989-05-06T02:40:56Z,5.1,5.1,1,1989-05-06T02:40:56Z,1989-05-06T02:40:56Z,2a45f0b05f8366faded15e23090834e554ec5c1ec4d1dc92d96a4569051e75c1,eqv1_amawk723nvz2uvxewk64xwxp4w
m5_6,f0a9ff9cc8817575819f40df3380a6e11eb54c33adcc6dbe431011155477e5ef,eqv1_uncbnadz22wqterbkfbuyt7bpx,1989-05-13T23:19:41Z,5.5,5.5,1,1989-05-13T23:19:41Z,1989-05-13T23:19:41Z,0f8999d3374cf94904e5d1f36292abe6f0d5c8ee86983fd90312ceeb640af3e6,eqv1_uncbnadz22wqterbkfbuyt7bpx
m5_6,5724f5c46327221a1682f276b3fdbe6dee9a2ed0b85b66c39cf786b5b06636b4,eqv1_vg7wjyvyydjl7c3jjlu5hp7y7h,1989-06-09T14:46:05Z,5.0,5.0,1,1989-06-09T14:46:05Z,1989-06-09T14:46:05Z,42a50d04ad6460280fe95a55a048ae8e9864d451d32305fbb17664bf7faa958f,eqv1_vg7wjyvyydjl7c3jjlu5hp7y7h
m5_6,db8d9bbd691318084dbbe23775c2e79cee8a87d6401e418f5ffc0c2e5a15878c,eqv1_hpg42lmrgkb4ij6xgt5jclrxgp,1989-07-21T03:09:14Z,5.9,5.9,1,1989-07-21T03:09:14Z,1989-07-21T03:09:14Z,f62a8dd7ec3917ccdf5c4372b6e4a5a3b9164d0508f4d928266db4bedaed2b05,eqv1_hpg42lmrgkb4ij6xgt5jclrxgp
m5_6,aea2ddd006681dfafeea80451198670bb6ffa5619aed12677a6bc755f3f81e72,eqv1_ca2zqa6m65bhwok4vwfi247q4r,1989-09-20T00:26:13Z,5.0,5.0,1,1989-09-20T00:26:13Z,1989-09-20T00:26:13Z,2d6d872e99019e111947945800ad024daf5ee3812806ad3a441fc1720728ab9b,eqv1_ca2zqa6m65bhwok4vwfi247q4r
m5_6,3fd73d97254769f524fcb72c4138689638761bea6abdbd17dcae9690ce89a580,eqv1_o276phia6zhflad2rx6kgi2svk,1989-10-18T14:57:22Z,5.7,5.9,3,1989-10-18T14:57:22Z,1989-10-18T18:20:46Z,371794bf94b6edf98d7923908524315e81e132f1d32489bd2ad5b64824536d36,eqv1_o276phia6zhflad2rx6kgi2svk|eqv1_wenk77j2ybekrialek7uxrtqjr|eqv1_zbvxzu6huyum4ggmfuzbcggcdn
m5_6,a09bb5ae9a101a8ca84af3b5c059fd19d28cb3ab19a25b1279d18bc3d5917c14,eqv1_et3cm7m7vspi3voiehgyxvd3ge,1989-11-20T03:21:06Z,5.3,5.3,1,1989-11-20T03:21:06Z,1989-11-20T03:21:06Z,b80ca99fa17dea091e6924697cb22639cd2c8f1222a1d731fb9dbe005cead099,eqv1_et3cm7m7vspi3voiehgyxvd3ge
m5_6,20872fe59ca5d02bba072a80c502ed2b3e52b70c9098f1358f6a54d152e3dad4,eqv1_7k5otsty4eqqwxt24ks2ftnpjl,1990-02-14T05:49:32Z,5.1,5.1,1,1990-02-14T05:49:32Z,1990-02-14T05:49:32Z,4fa7f9091255eaf4d316dadea652320ce51e844a352275eee137078cf92a5ce7,eqv1_7k5otsty4eqqwxt24ks2ftnpjl
m5_6,cdc427cc913e3b55a2f384b3e42838b72e14567c31057ec13f157465251d4f50,eqv1_libi3ir5lcmvvc3g5euf6kwu2k,1990-04-08T19:13:50Z,5.0,5.0,1,1990-04-08T19:13:50Z,1990-04-08T19:13:50Z,ff0e444513729a436d129b9cb9ef4111f69aa515c9f2ccb425a6f2fc553dd2c9,eqv1_libi3ir5lcmvvc3g5euf6kwu2k
m5_6,dc56ceccb9ad44c6ededd5fc39a7ce4283f2c921d592473b5a840b0186a8ba71,eqv1_nbh6p2bsykdpcfwrblfpykhz54,1990-05-07T05:17:34Z,5.5,5.5,2,1990-05-07T05:17:34Z,1990-05-15T22:29:58Z,c046f5485b2e34cc0d0aeaffccce8eb7b4dabb853cb971247908fa3ef1b1160c,eqv1_nbh6p2bsykdpcfwrblfpykhz54|eqv1_gfoadbe6iv2vk6fugbo2xrvsxw
m5_6,3ba552a89e923f929bd97bdaca8c18ff9b8e042538cfc5a6000939fd0317e59e,eqv1_hvnar3ddbujwgatbiviiog2jwn,1990-06-02T00:32:34Z,5.3,5.3,1,1990-06-02T00:32:34Z,1990-06-02T00:32:34Z,d8df0db799cd86803fdfe22fd610a1285430cdaed9b0bb94f06d5727dbf98214,eqv1_hvnar3ddbujwgatbiviiog2jwn
m5_6,0c67436d4eeb77221591dff558e282f2095d487aa54eede68de203f4fd85fee0,eqv1_7533a2mepmedgm6qmfld44dhus,1990-10-20T08:39:17Z,5.1,5.1,1,1990-10-20T08:39:17Z,1990-10-20T08:39:17Z,7e6647cdef4682eeeea5853b4b4bc22f2b9e1a2de61a7165198cbd287870e070,eqv1_7533a2mepmedgm6qmfld44dhus
m5_6,77680668b40cd8ecbc85f239591dff71f0d624decfc4b2d5fe37a0ebc50a408e,eqv1_y4i4o6bnm7ymt2r7ravafk7an6,1990-10-24T23:38:14Z,5.0,5.0,2,1990-10-24T23:38:14Z,1990-10-24T23:46:57Z,577100d846d6e5a2310280f71ff5a8ffa7ccae46da9301084c0b474874ed0dc7,eqv1_y4i4o6bnm7ymt2r7ravafk7an6|eqv1_td5lukwlsjjoyuljnel4fll6qs
m5_6,507f7c3f8c3e64b30d6316f3a8bf88fad5e44477931b6369d8cd777843e52168,eqv1_djwhx22tjf4b6bfj2fljrom564,1991-01-02T02:58:49Z,5.1,5.1,1,1991-01-02T02:58:49Z,1991-01-02T02:58:49Z,8b8c7098080807bc4cee2a4162e24e7edc137815f0ee5ef53d678dff96b85afe,eqv1_djwhx22tjf4b6bfj2fljrom564
m5_6,cadb153c661580b94b4a291efe8b578e87684eb1ce20eef00d4d30ecd815d488,eqv1_ruwx6dulth2h7eyyzb5knosoem,1991-01-13T11:53:36Z,5.2,5.2,1,1991-01-13T11:53:36Z,1991-01-13T11:53:36Z,7826182e183ffb3d09394907dc9ba4570d7c5439883d1188e7058af9799c41e2,eqv1_ruwx6dulth2h7eyyzb5knosoem
m5_6,da0ecf26c568256f3f64b1c1bf65290b65f7fd22cf04c99ffd29945e9f1e1794,eqv1_k2sojsqtfetr3o7w5uiolnpmx6,1991-01-28T22:28:05Z,5.1,5.1,1,1991-01-28T22:28:05Z,1991-01-28T22:28:05Z,d78d4e9a043a67ef7dc51cc2c4151e94a5a6135dafa315386317389b90d6d211,eqv1_k2sojsqtfetr3o7w5uiolnpmx6
m5_6,8e454f17dd91a18a8a38f253551e985bc495224da70c29304b5940daae20d0b9,eqv1_zaw7amzdxmvuizwdxmlqtie6hd,1991-02-04T10:00:52Z,5.1,5.1,1,1991-02-04T10:00:52Z,1991-02-04T10:00:52Z,0bad4ae6ddc4a105a6d791f7b0aac55f3fe35891c44fb590b29edbd77578f472,eqv1_zaw7amzdxmvuizwdxmlqtie6hd
m5_6,aeeafcb02913319faf3eac2d1c81dbbf2869b3209896e201748ec3cd38798784,eqv1_uiwm3jkjvue3nvj4dtdxomlzcm,1991-02-18T09:06:18Z,5.2,5.2,1,1991-02-18T09:06:18Z,1991-02-18T09:06:18Z,efd7952675a329f0ac6f23a410b89114849f97e8af85ad3b043dfdd82fe7ec6c,eqv1_uiwm3jkjvue3nvj4dtdxomlzcm
m5_6,260fc268b90b12f21d7a17c2de76f2462f519c101b9d2ae3d6bbe9d5dd8d262a,eqv1_gwb5bxdb4cbo7ws7isamdvbln7,1991-02-26T15:38:32Z,5.5,5.5,1,1991-02-26T15:38:32Z,1991-02-26T15:38:32Z,9ea34dee9ead942c86939927deca27de46a017717c55ae8cd733a968bb032f5b,eqv1_gwb5bxdb4cbo7ws7isamdvbln7
m5_6,6737139510cf7bd39d36b3f9736f6996ac8a6215a1c7e9461be6af3c7e033865,eqv1_y57hxfumjunys6tnietwe5k65z,1991-03-07T01:13:55Z,5.4,5.4,1,1991-03-07T01:13:55Z,1991-03-07T01:13:55Z,ca9964fd70e45ba12ad2a77062a6e9fd7e44d43424248520dc81bb78baf7ab07,eqv1_y57hxfumjunys6tnietwe5k65z
m5_6,d5e44d8fdf25d266ff5e97a2bb839ac913a2545e98ba9e847c6d35cd0682765a,eqv1_osz7rbvqi3ypxj4hp3kxz73u3t,1991-03-25T18:02:38Z,5.8,5.8,1,1991-03-25T18:02:38Z,1991-03-25T18:02:38Z,4f8953e364ca7ecd8ccbd4ca1e6be8140d097a1be5711d7ba41c977debd6ab48,eqv1_osz7rbvqi3ypxj4hp3kxz73u3t
m5_6,7644ce0633a5f16395faa25f9aee431e66cf3c0abf782e54f0c676571c6d0729,eqv1_s774veijqcjk74rqixltr3h4s7,1991-04-02T18:00:15Z,5.0,5.0,1,1991-04-02T18:00:15Z,1991-04-02T18:00:15Z,23616c80d87b7f5799e4303624055e3e3645bd004de6d1702d40d9becc9f02c7,eqv1_s774veijqcjk74rqixltr3h4s7
m5_6,9b5c89fa3e816c37f67de9547e7b0b1f54f03f4491dadce62e0e34752ca2a667,eqv1_gswz27yk7ojr5bguoky7a7g7yy,1991-04-11T20:32:17Z,5.1,5.1,1,1991-04-11T20:32:17Z,1991-04-11T20:32:17Z,993413bb789eac975a259d9391dee5a876261ce11c6d44c5efa66bff9907ace5,eqv1_gswz27yk7ojr5bguoky7a7g7yy
m5_6,0ad17454be2f816db8b5f0c1c200d9f11630bce4be93e02b0793fceb255a827b,eqv1_mzi5f3egmtrrqvxmkhoak46stu,1991-05-29T23:06:55Z,5.1,5.1,1,1991-05-29T23:06:55Z,1991-05-29T23:06:55Z,6fa7d1bf77ab11b5540c6d13888c866790770aaef736b91b0c57e778e4b09a32,eqv1_mzi5f3egmtrrqvxmkhoak46stu
m5_6,452083730f5b8f64fd307e036618a15e73ce8caf909e318662585bcbe898fb97,eqv1_r7r7nahj3w2u2tkyvfr4cnacbu,1991-06-06T08:02:06Z,5.2,5.2,1,1991-06-06T08:02:06Z,1991-06-06T08:02:06Z,9d590d921fea4f8a5fad1e78a8a2b170ed491274d387dccc9da048775801ae6f,eqv1_r7r7nahj3w2u2tkyvfr4cnacbu
m5_6,fc1f65d506fe6e5ce83b300546a661036798162e4c844d4c6cfc5fbba3fc65e7,eqv1_hswk6u6xnvjliulcxjwblfws4c,1991-06-15T16:32:25Z,5.0,5.0,1,1991-06-15T16:32:25Z,1991-06-15T16:32:25Z,02e4843b4d642175d5306ad89c8cb81f9b58a055f566ba53a306b11ca783eaab,eqv1_hswk6u6xnvjliulcxjwblfws4c
m5_6,2670c90b9b89cff6bb07bf857b93dcc42ecb22c40c368174b1157d1b50ad385c,eqv1_rcg5kbtcd2t2eulw2yz4bihap2,1991-06-17T06:55:16Z,5.3,5.3,1,1991-06-17T06:55:16Z,1991-06-17T06:55:16Z,301116fc15da679fab2dfc4a3e02565d3e9bf282b5a7063221517bd63012bcea,eqv1_rcg5kbtcd2t2eulw2yz4bihap2
m5_6,708840df199dbbaf4ee1d05ac0e8a8bc254308f3a6305fffde609ec6a46ec33b,eqv1_j7lqneahdo2myzc3gmajbi5ze2,1991-07-01T06:18:04Z,5.0,5.2,2,1991-07-01T06:18:04Z,1991-07-22T11:58:52Z,88773ab9de91dd52fe56a6ecd1edc179d1876c97174ee73f06d3a820128ad593,eqv1_j7lqneahdo2myzc3gmajbi5ze2|eqv1_edyzjkg5aqidl56t3hvymjrxwf
m5_6,540814db035d10635f4a5e801dbe83f25156930fef1d740d3b1530a44cead685,eqv1_5n23g4e7duy7xfg3goclqamyga,1991-07-02T23:31:39Z,5.2,5.2,1,1991-07-02T23:31:39Z,1991-07-02T23:31:39Z,74873a273fa9fa94bd25eca5facb720c5e51cdf6f98c542308a746827a5502ca,eqv1_5n23g4e7duy7xfg3goclqamyga
m5_6,65f3db42b885385a24ceb493fdd4a8ae0bdcb493b3d56995316f304d05aed9b6,eqv1_s7jnctqwcmm5v3whdc5fwpy2or,1991-08-10T20:21:54Z,5.2,5.2,1,1991-08-10T20:21:54Z,1991-08-10T20:21:54Z,bf98765e0245f83f7376d194b2f064dbd6fc8cdf639ee88f3a145d60e7b79a58,eqv1_s7jnctqwcmm5v3whdc5fwpy2or
m5_6,7548abef28a35c9a16b3b86d185acf3c2e4f23b94059237fc34f57758f912948,eqv1_vn3zk6u3ok5dmyuv6edn6lrj6o,1991-08-19T06:05:50Z,5.6,5.6,1,1991-08-19T06:05:50Z,1991-08-19T06:05:50Z,338e3b8d3b81b6fdf6d770713c814ab3ff349eb71b7d3cbddf7e9da46412b791,eqv1_vn3zk6u3ok5dmyuv6edn6lrj6o
m5_6,0cef68503d0e8f3ee48482027e12fbf5731c2f034e76be9b27748994fe44b427,eqv1_wf6g4bqgjqv2ssempfbr5qwl3p,1991-09-02T11:05:57Z,5.1,5.1,1,1991-09-02T11:05:57Z,1991-09-02T11:05:57Z,3341782b083ff38ed427389013a9a1aff52a0c110df5424105dfcde5066dd449,eqv1_wf6g4bqgjqv2ssempfbr5qwl3p
m5_6,b45f5d353f0580fb7bb93cbc19aa07acbf10fdc0f7645345a1af33877190a06a,eqv1_luff6swj34zngvq3tjgipzaot2,1991-09-14T13:16:38Z,5.1,5.1,1,1991-09-14T13:16:38Z,1991-09-14T13:16:38Z,a6512384229b13bd93eda7d735b7c0fcd56801b498e630dd1ca7ba0b27c1c5ce,eqv1_luff6swj34zngvq3tjgipzaot2
m5_6,743aa50fc6985229fcd39f73ffbbff5f6d26adc0787ef670df5341e758d35d54,eqv1_3zkudvowozdzazqriwlggojbrd,1991-09-20T11:16:15Z,5.3,5.3,1,1991-09-20T11:16:15Z,1991-09-20T11:16:15Z,a465ad6e64ce20c30d1e1d83152936d7b10bbf68830f00eabb769ffbe7d40548,eqv1_3zkudvowozdzazqriwlggojbrd
m5_6,91556a9e77187026ed357613f92b6eda14f67c0a4272595660311d183ae26531,eqv1_aebht2d365ndhyyuqfudh76lfx,1991-09-30T01:01:25Z,5.4,5.4,1,1991-09-30T01:01:25Z,1991-09-30T01:01:25Z,334510e09d7ecac991635f8f2128334d613ef2526593f29696d092d625660b5b,eqv1_aebht2d365ndhyyuqfudh76lfx
m5_6,eb2a2631023a78eff7a2d2f08a70c9fe0f5b54391658200688b284643756e58c,eqv1_h7zkxes2vo3bmh7erp6u7dfgkl,1991-09-30T16:33:07Z,5.2,5.2,1,1991-09-30T16:33:07Z,1991-09-30T16:33:07Z,b83ccff20a2cd7978ab2cd12faf5b7f097927a94a82564c0d77fbdca6f869ef8,eqv1_h7zkxes2vo3bmh7erp6u7dfgkl
m5_6,608fbd4472df623fcd926880c66aa25143d6aa3d357eb3fe4d972eaa5396b702,eqv1_7qsg76ri3lw2omr5pcijgsjffy,1991-12-14T08:20:22Z,5.1,5.1,2,1991-12-14T08:20:22Z,1991-12-23T01:58:24Z,1762fe326bf65c59e6978f8300d20b5db05948b0ada5b6a32e90f0c5e5ce24c1,eqv1_7qsg76ri3lw2omr5pcijgsjffy|eqv1_6ibwzlbwfxbauitmumaetb3iv2
m5_6,88561254cc4a361b503f51254fa6d5c660888c7920398dbcaaa1555ac9a45007,eqv1_6pl4voxdzdovh46l3wowuhxegk,1992-01-12T00:12:27Z,5.4,5.4,1,1992-01-12T00:12:27Z,1992-01-12T00:12:27Z,018c69d631228aae0c4512e49a97c7e3621dcb05262b6cf352c7c1eec4491995,eqv1_6pl4voxdzdovh46l3wowuhxegk
m5_6,bd247391ffcf1b6f316c3cc0bb3c223c22a426a0312bd5a958b1841a5712ddcb,eqv1_czw4e6ud5gph3f33h7gqpyz2if,1992-02-06T03:35:14Z,5.4,5.4,1,1992-02-06T03:35:14Z,1992-02-06T03:35:14Z,0ba726fc02310a92721280d909a5b20cd8dd9f17db6adb8a82aeb931ace3af83,eqv1_czw4e6ud5gph3f33h7gqpyz2if
m5_6,8e2e3ef1f709846f43eb63e1b6b76b9db52b7f2dd61fd0c27639737e4b326fab,eqv1_u3or47besifjuyeetrjowmryzp,1992-04-05T07:47:48Z,5.9,5.9,1,1992-04-05T07:47:48Z,1992-04-05T07:47:48Z,60a4aa83504a343ce2e44048cae7f7ad842fa65db45d0f96d7013fb5a08f4a06,eqv1_u3or47besifjuyeetrjowmryzp
m5_6,722e6082ce5460f7c996e61b736173cc685ccbef907f3678d15d53a014801808,eqv1_tu6yvmphtnbgrhce4qgr4psuwq,1992-05-16T20:19:55Z,5.1,5.1,1,1992-05-16T20:19:55Z,1992-05-16T20:19:55Z,5dac35ee28826101708eb0b80547710e611a096382ca961769c2893394bf00ef,eqv1_tu6yvmphtnbgrhce4qgr4psuwq
m5_6,10c10c92d46c9b559bc868f1ebb4d4d800086f21c95236a453d23bf661bd9990,eqv1_ucnf5y2xdnksu77tzxsegt4swv,1992-06-21T11:19:40Z,5.0,5.0,1,1992-06-21T11:19:40Z,1992-06-21T11:19:40Z,75980e1776f2f8237b7e7a1a5cd3d2f6ba6895c61a377752faf44c2d5dbafab0,eqv1_ucnf5y2xdnksu77tzxsegt4swv
m5_6,82df85d180a94060764da53995e50429ded6025fedc1b6c44fc63d69490ec240,eqv1_uivhbf3mqzjokzralnfj2bl6bn,1992-06-27T13:21:25Z,5.1,5.1,1,1992-06-27T13:21:25Z,1992-06-27T13:21:25Z,b04a715e598acf081434bece387523a45723dd82de4b9af48a01b5401266300e,eqv1_uivhbf3mqzjokzralnfj2bl6bn
m5_6,f760a76883ec2a7968e1901dad1c2b2257c4f8f602586937bf115b218db31aa0,eqv1_jxeegrlj2fzkuvzf4ra532tozv,1992-08-16T20:16:38Z,5.1,5.1,1,1992-08-16T20:16:38Z,1992-08-16T20:16:38Z,8c65d3080df0ce827a1582e77346b9a349ed0382035d251343f9cd7b328ad053,eqv1_jxeegrlj2fzkuvzf4ra532tozv
m5_6,8d652c006b83f381f01541591cbd3c1037b439ce481b8b2a63462ad72527a4f5,eqv1_hqqlsovebsr6udosi3nblyedoj,1992-11-27T16:09:10Z,5.1,5.1,1,1992-11-27T16:09:10Z,1992-11-27T16:09:10Z,b5cf3c8a0ea30d9adf3f0a110c7885a422889b7b684d507f9506b2047383af2c,eqv1_hqqlsovebsr6udosi3nblyedoj
m5_6,2fb9be4dbb61d8ecc1a850904c2c1c344cc21e7e7997db3a8e6a5fd6eb04c506,eqv1_jnjmvz6vrws622qm5vffb5qjax,1992-11-29T17:39:37Z,5.1,5.1,1,1992-11-29T17:39:37Z,1992-11-29T17:39:37Z,a9008b58015986547ab8f4ca79a62108bc18b55ecd5b2cf3301bed5fb397fc9d,eqv1_jnjmvz6vrws622qm5vffb5qjax
m5_6,a9047ac54b076c0e1c3b01dbd8791368e64b4f57f02827bc9fe6a9e6b3f857c6,eqv1_zvk6wlwdrm5nrjg2x6bzbia7ft,1992-12-18T11:21:41Z,5.4,5.4,2,1992-12-18T11:21:41Z,1992-12-22T03:30:15Z,cc79915a24b4f331a572722b68284aed6c7d54a2d448f43def1ce92b01a062ff,eqv1_zvk6wlwdrm5nrjg2x6bzbia7ft|eqv1_a32lxwgboyulqyab72r6ksu4dv
m5_6,2a4d46673108ac988edaf66d5a75cf85071f1e56713faf9ab04d320ff6c607ad,eqv1_azprhqfpnwke5slq2fflqve75n,1992-12-22T16:42:37Z,5.6,5.6,1,1992-12-22T16:42:37Z,1992-12-22T16:42:37Z,55bc4a1371a782cf597be4367f30b8c344e99b3148d7b8db162d1bcffab048f6,eqv1_azprhqfpnwke5slq2fflqve75n
m5_6,d558aa72c8033c62f95fadcd887c4d64588cde78f33ec8e9070139acfd41d1d7,eqv1_v5gb7hlu7whtjroxpwhxvrdqo3,1992-12-24T17:08:54Z,5.1,5.1,1,1992-12-24T17:08:54Z,1992-12-24T17:08:54Z,10d2211d37e4ccaf0a917054612016fc1c48c82651131a48d9491c2af4eacd35,eqv1_v5gb7hlu7whtjroxpwhxvrdqo3
m5_6,158e53e86024519680ac156450e8f7fe6aeb9a99f6682fe998eea38d719d979a,eqv1_njvyqg7fyomjhckbgt4zhqzlpy,1993-01-31T19:33:29Z,5.3,5.3,1,1993-01-31T19:33:29Z,1993-01-31T19:33:29Z,64cec6c91d11cc7bdc3fdd45e6d067d6e5f00fefb0287ac8431ce4498885a33c,eqv1_njvyqg7fyomjhckbgt4zhqzlpy
m5_6,882bbc1198bb97cdb8da65fe67c85d0a205845eac50fcba39cfd990e4689e7ba,eqv1_tdj6qnanuiuktzaryref4kd5wk,1993-02-02T16:05:14Z,5.4,5.4,1,1993-02-02T16:05:14Z,1993-02-02T16:05:14Z,ce09a5b1ed46f3d9d17be22aad11b21adf42b0f7d2d8c191ca33f5903cc23fd3,eqv1_tdj6qnanuiuktzaryref4kd5wk
m5_6,38206dce991fdb5bc27f618a38177fa5a7eacc6ae1334c8bb95bba03cf8e5296,eqv1_jethfn4kjytru4y6eimqkg5d7e,1993-02-17T02:00:28Z,5.1,5.1,1,1993-02-17T02:00:28Z,1993-02-17T02:00:28Z,6a137347081b9660c2e387f153469319f42914429abdce0e828e470bc9e79281,eqv1_jethfn4kjytru4y6eimqkg5d7e
m5_6,f7401922676f8d409b4f66a1e78c0df393b1cfca3931688f70d66d4970b545dc,eqv1_e7uyxpazcqdqveam7oouvdstey,1993-03-31T13:44:11Z,5.2,5.2,1,1993-03-31T13:44:11Z,1993-03-31T13:44:11Z,12d8a5928399fd488c059a8ac693068b4b8842134fbacb548a078ed4dad5c1f9,eqv1_e7uyxpazcqdqveam7oouvdstey
m5_6,37130c2d3c2a13e03586d0afa634b78609e353644849d9e880eaf14f0ab76efe,eqv1_c6dsdy2zilb2bde5azgaizko25,1993-04-08T03:49:28Z,5.1,5.1,1,1993-04-08T03:49:28Z,1993-04-08T03:49:28Z,f0bfaca98c7e681d6df32f3c6df896ddab305d9915b02d474e471afe61d8e57b,eqv1_c6dsdy2zilb2bde5azgaizko25
m5_6,5060ba94c4d74fda08f41b345c4a125aa1a09b4abb2607784dd43844d353451f,eqv1_qtp5g2s7msvrw62behtzuloskk,1993-05-23T23:57:45Z,5.0,5.0,1,1993-05-23T23:57:45Z,1993-05-23T23:57:45Z,60c1136b611dd21fbc7c39c93fe7391bc79f86014c9fad0ec58667dc8f5a3321,eqv1_qtp5g2s7msvrw62behtzuloskk
m5_6,a680030e85e248d28cb73c2241427df08f0cd243b249c1d909c28759942220e6,eqv1_4cfpftsieyzvtqubpnfz3xcica,1993-06-04T01:04:00Z,5.0,5.0,1,1993-06-04T01:04:00Z,1993-06-04T01:04:00Z,75c018dfcf5fe63d71326b99a6cf29b5c74c3521dd3ffc83a7e6477a94d1fe41,eqv1_4cfpftsieyzvtqubpnfz3xcica
m5_6,e068ebae72e6ee2334b958e2cd80e518bf54ae11362bd93b888e946ce7bef3bb,eqv1_7kewejzvt5uehll7kdqlbcfj7q,1993-07-17T09:46:36Z,5.6,5.6,1,1993-07-17T09:46:36Z,1993-07-17T09:46:36Z,727b1711f100835554470df9fe689b38b5988795e5a27548c052d7082ecda48d,eqv1_7kewejzvt5uehll7kdqlbcfj7q
m5_6,62dfbac5d31c56d30f87928f41065c18eef20e3bb2fd41a468c9f11607b0241a,eqv1_5p7r2uqhycgtc3n4vfmpv6eiir,1993-08-07T08:36:06Z,5.0,5.0,1,1993-08-07T08:36:06Z,1993-08-07T08:36:06Z,bc662c2784f1217f4d1b4bf1854a028e0277f6a35b716b356ad271034d3621c5,eqv1_5p7r2uqhycgtc3n4vfmpv6eiir
m5_6,c24042ef1f546f41d8cc432ad6c30f9514087c5f6851693d2642ebbf8d84acb8,eqv1_e24wukyom5uurtpo3rbqf35zvp,1993-08-14T14:30:00Z,5.5,5.5,1,1993-08-14T14:30:00Z,1993-08-14T14:30:00Z,6c8eadc0761d5ddbbf4e435d2c777c9a838e5517ced83e664e6b9dd8033b5e9e,eqv1_e24wukyom5uurtpo3rbqf35zvp
m5_6,5db5f90aea6d130f73bca0b3be6ca112763df180c67ae37767ded0701259e7d3,eqv1_mfxcdxbhuxwggvmcillbjkzmub,1993-09-04T20:22:32Z,5.1,5.1,1,1993-09-04T20:22:32Z,1993-09-04T20:22:32Z,17f480df5dc6ef209b6f5ccbe4df44080f803d5e897c6c0fddc218818c999d51,eqv1_mfxcdxbhuxwggvmcillbjkzmub
m5_6,d0fb47f7ba4c177e25d242967fe9526043964b8cfe1e6899837d9f1b5e7076d9,eqv1_vjhitzsugg7uyar3dmljfmpvll,1993-10-02T09:43:22Z,5.5,5.5,2,1993-10-02T09:43:22Z,1993-10-02T17:23:34Z,3ed07ebe2ea536e11d6c00b83fbc1ffa0721cc460574ae6123c53a5416268277,eqv1_vjhitzsugg7uyar3dmljfmpvll|eqv1_gnq6isi4rt6kssozqpwsrzzfnj
m5_6,a805ff181213b0e4c88ac0807924972cd852280575afcbb1c5010ce3ae9528a7,eqv1_xoqqshw3c72ahy3vg2rq7ppjgl,1994-01-12T10:22:48Z,5.6,5.6,1,1994-01-12T10:22:48Z,1994-01-12T10:22:48Z,f82c6f50d7f1faf6e5c05b4f9d2f0618f4a11c2fdaf974f18cc10de7afc7d3f6,eqv1_xoqqshw3c72ahy3vg2rq7ppjgl
m5_6,d6d3a45bd213e443ea626998b2d2442c957ece041bb08de2d64af401fd24ffa0,eqv1_mmkrghqucesokbwkbbmfaibncn,1994-01-21T14:26:35Z,5.1,5.1,1,1994-01-21T14:26:35Z,1994-01-21T14:26:35Z,c76e3980b4cad0ff92e8ed6d65e67e411d0a414258a5bbfdfcad97a6390998d0,eqv1_mmkrghqucesokbwkbbmfaibncn
m5_6,75b45380f62898e92c2bc4e6967df109d64de15ce506b686f21734682442a012,eqv1_p46fznurxmv3iu6jujpomk6yeb,1994-01-27T04:37:19Z,5.7,5.7,1,1994-01-27T04:37:19Z,1994-01-27T04:37:19Z,b4d5f6ed8953a348879ac51a6aa3b54ccbdb6256acf507202be2c9e0d6591471,eqv1_p46fznurxmv3iu6jujpomk6yeb
m5_6,8465c7edf8e653b8ed202e97387762f1c3032ab15c352afdb796280e35902e91,eqv1_e5annfiv6h25pm6va45lnq43k6,1994-02-15T21:09:43Z,5.8,5.8,1,1994-02-15T21:09:43Z,1994-02-15T21:09:43Z,9e240d6ffcf041c87c8553be7b71f7622993f931230bb366c4ca5737a75390c8,eqv1_e5annfiv6h25pm6va45lnq43k6
m5_6,1352972141954579c0e06ca59525e51069760d74677135158d2d91e1dc616d54,eqv1_hcifoctamanprlmkvs6dkghpff,1994-06-30T00:48:40Z,5.0,5.0,1,1994-06-30T00:48:40Z,1994-06-30T00:48:40Z,fea0225524c79325c9fdaf406a002f3ffa5a7ebf766a439325112cc1bc5cb0c0,eqv1_hcifoctamanprlmkvs6dkghpff
m5_6,a561008165ea791e531e82146dd1502b9b1dcf55763a39dbb00b303c98c5c083,eqv1_nqbeotlm35mad22fzvx5npwp6q,1994-07-23T20:58:01Z,5.7,5.7,1,1994-07-23T20:58:01Z,1994-07-23T20:58:01Z,b9807f76af7584e8c338f4e9f5c91e9eb8ce81548efc4edbc5c80d255eb61fcb,eqv1_nqbeotlm35mad22fzvx5npwp6q
m5_6,95006c13742d7ea4c6c266bc84ad3aad12578c263d960d6a8895f63ac1032f99,eqv1_eiehwr44wbnafam6omj4fe23dm,1994-08-14T07:38:26Z,5.5,5.5,1,1994-08-14T07:38:26Z,1994-08-14T07:38:26Z,6f83c39dc477e2a1e7d0ef6d79bec14b36d0331dafec3cdbafc9bc30bde2b872,eqv1_eiehwr44wbnafam6omj4fe23dm
m5_6,1a773235ca224e9fc4c8eac26cf4b7844a47c7260da5c23108561d385e7f0694,eqv1_omxw23rrfirjrc6pipixrhb7pz,1994-08-23T14:18:29Z,5.2,5.2,1,1994-08-23T14:18:29Z,1994-08-23T14:18:29Z,67bd8804df87219f52d3a7538448061bbc0267d1c7196f44b79a80139431ce9c,eqv1_omxw23rrfirjrc6pipixrhb7pz
m5_6,f57980221fee52042343e285792cd139e9f97a5e03f53382adf96038ecd0f5bf,eqv1_452zr3co2taluoa4rtc4gfw3c5,1994-08-24T21:08:53Z,5.2,5.2,1,1994-08-24T21:08:53Z,1994-08-24T21:08:53Z,f66f86832b9e63787818eaaab41b996c66483203b0cb6883f7a96130e059697a,eqv1_452zr3co2taluoa4rtc4gfw3c5
m5_6,23ebfd9fa2840bb72b9c33c3bdc201ae51ea797fc4c598366697653ed48e195c,eqv1_d3uzqweuuuzv3hvog2gdxftvv5,1994-09-04T14:50:38Z,5.2,5.5,2,1994-09-04T14:50:38Z,1994-09-23T19:15:43Z,c7554ed726011868b86693038617bea492f68cc7e1424eaf7e811722a912b63f,eqv1_d3uzqweuuuzv3hvog2gdxftvv5|eqv1_25ddr5uokam2iosjcqhwyxaypa
m5_6,32f7bca4d9d91325ad9571d9f4b779e243f87ab4b645cb27ea71a26519406d0b,eqv1_ic5doipb3iecj6vmfzcdp7whru,1994-09-07T13:56:22Z,5.4,5.4,1,1994-09-07T13:56:22Z,1994-09-07T13:56:22Z,f480e6f94b86c66c1b734ed5295ea26ffe49e4a592cc46df89261fe82d2c1797,eqv1_ic5doipb3iecj6vmfzcdp7whru
m5_6,31440cd4ff03d50c73262439a256e01f1330a758598edffded560d8ab3965736,eqv1_p55hmpit5cdensoeltjm5b4yz2,1994-09-19T15:28:36Z,5.2,5.2,1,1994-09-19T15:28:36Z,1994-09-19T15:28:36Z,4504f228df2be3438ca740e1ff15a1bd483ec5d3b548a9f594291acc6e003591,eqv1_p55hmpit5cdensoeltjm5b4yz2
m5_6,49a0ba1e56b8214e3417ffcbf7ada9b6b3928df7e748fb3e05e0a0e5d21bebc4,eqv1_rksz3xajwyupznv6veegly2gg7,1994-10-02T16:20:21Z,5.1,5.1,1,1994-10-02T16:20:21Z,1994-10-02T16:20:21Z,8c27fb42718eeaa6d81e768e3802068c1f4e1c69eb38a6b19f02f6a29de42502,eqv1_rksz3xajwyupznv6veegly2gg7
m5_6,3f139740bafd8fb47df7b3c4eb97a09cb44dcf74835a96abec07800531d3042f,eqv1_r6fpb2glhm6beeag2pncyiqcpo,1994-10-10T14:07:57Z,5.3,5.3,1,1994-10-10T14:07:57Z,1994-10-10T14:07:57Z,e444dc143b9e51725539d957834860830966aae26e5487606ab659988f10017f,eqv1_r6fpb2glhm6beeag2pncyiqcpo
m5_6,d0ebf514a39579da44a17dc1214503bff227539a3b21fb77ecd1e649b06dbbf7,eqv1_ox2w5z7vr3zuckbe2fylv33rwb,1994-11-28T03:59:52Z,5.2,5.2,1,1994-11-28T03:59:52Z,1994-11-28T03:59:52Z,4bc13765eb3e5a53bbddc6e4b058c6138888381f9077ff9de3838ca017f7f280,eqv1_ox2w5z7vr3zuckbe2fylv33rwb
m5_6,dab0b081fa6d10f1c54a93dea1b56aafd10ad4751f432d141134f844f63327b2,eqv1_w2wko7n7umfbuxghadnxagcayk,1994-12-28T03:56:24Z,5.1,5.1,1,1994-12-28T03:56:24Z,1994-12-28T03:56:24Z,bfd4a8da185096e2e7545e7286eb9de2a812025e9cb81d4e8feb07168c8cf764,eqv1_w2wko7n7umfbuxghadnxagcayk
m5_6,37c31df22263431f28364822adc09e2723a9bcb3413bcb8497edbb771d200761,eqv1_vfcmgodzplnm63lcxszor7cj5d,1994-12-29T18:58:27Z,5.7,5.7,1,1994-12-29T18:58:27Z,1994-12-29T18:58:27Z,28ee9d595524922e8a3198fe15b353d76275c02be1aaea7cf0db50d0f42a9b96,eqv1_vfcmgodzplnm63lcxszor7cj5d
m5_6,2bfdb2fd417d454e47ad19b6ef1819a96f2f0d3caaaf9633f249252bc397d3c7,eqv1_ce4nwvjivacmy6vtmfejvghf6u,1995-02-12T10:56:59Z,5.2,5.2,1,1995-02-12T10:56:59Z,1995-02-12T10:56:59Z,71c89325add36180fffa54ec6956fea5cad9f8c2a3eba95a2eeb1c08584f2f65,eqv1_ce4nwvjivacmy6vtmfejvghf6u
m5_6,3b932e34fad644a54916764047314de94b5d81e09b32f21cb6691250e57427fc,eqv1_qef3jl634kje3rro2kg4czdzm7,1995-02-17T02:44:29Z,5.4,5.4,1,1995-02-17T02:44:29Z,1995-02-17T02:44:29Z,711ed9c757e882015ff558b1298d159cf3b35f139d0b230a96f839df426c869b,eqv1_qef3jl634kje3rro2kg4czdzm7
m5_6,f3e9cb3f221c77c1ce38dfa6c9f6d87bf5b4c028d8be23f4c3476d0be2fa05cc,eqv1_kytmb7o7yt3c5gowylkzlyvlqu,1995-02-18T00:14:41Z,5.1,5.1,1,1995-02-18T00:14:41Z,1995-02-18T00:14:41Z,2a8429625927305097f661b5e140ad33193ee6bbaea685f71da6ceadb60993c6,eqv1_kytmb7o7yt3c5gowylkzlyvlqu
m5_6,b3527b5e950d428972e095ba26bdfbddacb9a55864957d3ecd31d8a5d4b010ac,eqv1_udsg676zi2l4mbvsjqzlkxiap7,1995-03-18T18:02:37Z,5.0,5.0,1,1995-03-18T18:02:37Z,1995-03-18T18:02:37Z,4f82f0bea80bbde3d5adf0b42a3221f60ebbca82df8e9be9c81f1fd98c107c41,eqv1_udsg676zi2l4mbvsjqzlkxiap7
m5_6,f752649080484e0b6946800837226a971a7850f27b30767bbb6e2bc8991c202e,eqv1_prssbnqmupwbae4jhx5pczsjxi,1995-04-24T16:13:08Z,5.6,5.6,1,1995-04-24T16:13:08Z,1995-04-24T16:13:08Z,958661cee2b1255e8efbde92c9308293fafe612ff764580258e0848381450572,eqv1_prssbnqmupwbae4jhx5pczsjxi
m5_6,ef8cd9abce54eaa4acf7d55f1642c2f1e60c3dc5aa392b9bc08ae149296552a4,eqv1_mx3j64ifcmgli2kahif332x5rh,1995-04-26T03:46:29Z,5.1,5.1,1,1995-04-26T03:46:29Z,1995-04-26T03:46:29Z,5e0e9e3bf1fab692155c41c9dda4b825f2b16ffc4866cdb55e5d1576330c7d09,eqv1_mx3j64ifcmgli2kahif332x5rh
m5_6,893ccedf6efdfc0b684b393e3772a6a9c5ad6da346d8de44aed6796d50b4261f,eqv1_ovmn4fc5fpkapjtftxqhnh6syw,1995-05-02T11:48:09Z,5.8,5.8,1,1995-05-02T11:48:09Z,1995-05-02T11:48:09Z,830c77822e4724be1b64b52e36e023fe1612897935af061dd4192b81b2d31564,eqv1_ovmn4fc5fpkapjtftxqhnh6syw
m5_6,ec053d134360c3b8af7875cd6508ceefd3211f49431c4a5ee932a7dae86ddc36,eqv1_ohhczrbixwiyfds3thgnjqoler,1995-05-14T22:33:45Z,5.3,5.3,1,1995-05-14T22:33:45Z,1995-05-14T22:33:45Z,204d3002e83f8cbd706ea5897caf42bb8d2978945ad5aab8b1096e9176ed16a8,eqv1_ohhczrbixwiyfds3thgnjqoler
m5_6,4305bda97126a8f9aef819ef9021f75a1f5515b5c106c4f3e20e77ffa0b2a9c3,eqv1_qblzrfqygv6dbe2goot5xlmcl5,1995-07-09T15:56:28Z,5.3,5.3,1,1995-07-09T15:56:28Z,1995-07-09T15:56:28Z,977b4a6be3f385b974e5b7749fa85db5c320a01de15b2d0dbefa2e4b29924f1a,eqv1_qblzrfqygv6dbe2goot5xlmcl5
m5_6,c0a79dad0073cef0bf7da584be03315e9b47c757e03cff0b0164ce1f78c9b031,eqv1_lcvjpf2qoigegd5xibgqtm44dy,1995-07-21T22:44:04Z,5.8,5.8,1,1995-07-21T22:44:04Z,1995-07-21T22:44:04Z,883b527535b48b454638e357e185704df0e20562480c41f3479092221d957b3e,eqv1_lcvjpf2qoigegd5xibgqtm44dy
m5_6,4923c66189385b29e9ec0f2e69c9af87c1eb4b8e0ec70ea932b1b478e8310ac8,eqv1_uxepj6cyqznlt3lxqtze2zjbep,1995-09-19T01:26:15Z,5.4,5.4,1,1995-09-19T01:26:15Z,1995-09-19T01:26:15Z,49e3dbbb21f34870dff66f25f9bc9b2354fd0b8dcdd8412d728c4e1fa52634da,eqv1_uxepj6cyqznlt3lxqtze2zjbep
m5_6,3772e53a004384c8d35e14efcbe8ae4977663d7d8af09edb5b3129b72bede2b2,eqv1_bu2or5flwvnbwcl565zrpix2mm,1995-09-20T03:14:31Z,5.2,5.2,1,1995-09-20T03:14:31Z,1995-09-20T03:14:31Z,8c91e3ee04e675dd8c1d56d1326b18d6a6971fdf82b75e9ab2384ec77697cfe3,eqv1_bu2or5flwvnbwcl565zrpix2mm
m5_6,930b4ab0fdc1e7401ace3e82fd0fb16b3151b50e00fce6cade8fedc81a385221,eqv1_g4ouxeypnkswqmfxtyu56bpvrz,1995-09-26T04:39:02Z,5.2,5.2,1,1995-09-26T04:39:02Z,1995-09-26T04:39:02Z,c7057985fa6be26318ca49909c03f1da09cc87c1fb106dec8792fefb2b424581,eqv1_g4ouxeypnkswqmfxtyu56bpvrz
m5_6,0b13b0ddd0998243377b1a54bad9f0ea665934bb9b8a25e5c915936d1134f0e3,eqv1_xonhxwya64x5mrbguacpwsgnbk,1995-10-05T22:26:54Z,5.0,5.0,1,1995-10-05T22:26:54Z,1995-10-05T22:26:54Z,a98df6ebab9e8367d175dfc63eb59d480497b4843ea955e345285c776b81214c,eqv1_xonhxwya64x5mrbguacpwsgnbk
m5_6,a379061be229b5c100aa6343978a1e2e57ae289f1a108b6cb5b40bab308e6e68,eqv1_njvzhchrzldlbhxewq6jpjvyu3,1995-10-24T17:43:26Z,5.1,5.1,5,1995-10-24T17:43:26Z,1995-11-01T08:10:05Z,f21147618ec5a6f003e9031516a439020277d92a01cd9d9b1d5c71f663b86822,eqv1_njvzhchrzldlbhxewq6jpjvyu3|eqv1_amr5nmp7fpv4xj3wqy6khfioou|eqv1_fos6blxqmfzb2ysdqhs466n2ck|eqv1_irxqxtdupmi2feuafi54ps3ozo|eqv1_kp6dvowpuvabolnf7l4zv52ooi
m5_6,3260326063106884ab30298e9c2f5e9ecfa504e77a5acf8f8af97c2fab4666e2,eqv1_p5hldpqcdp4hq5pwoxjvrpeb4o,1995-11-05T17:14:55Z,5.2,5.2,1,1995-11-05T17:14:55Z,1995-11-05T17:14:55Z,a5ab19b1dee6fe9c1c8fb4189da5edbf7435cb02bcf7ef7d4f665049406a873f,eqv1_p5hldpqcdp4hq5pwoxjvrpeb4o
m5_6,5ebc7f225301db656ed0b53f98e0f261a22dfe7818a271a4281283fcc8a51dbf,eqv1_kdl4birngmussbkaqruy2rpff4,1995-12-20T10:07:59Z,5.5,5.5,1,1995-12-20T10:07:59Z,1995-12-20T10:07:59Z,83a053c2b3b2863165cd5665c32d8b571f4997f2b542516320d1de8bcce81efd,eqv1_kdl4birngmussbkaqruy2rpff4
m5_6,a87ece7312b016f0ebfee2adf9cd0e6132d6173ea637121476e1d8b3e6f79540,eqv1_xmtumb7254ro3iawlxi3vyn6rb,1995-12-24T09:36:08Z,5.3,5.3,1,1995-12-24T09:36:08Z,1995-12-24T09:36:08Z,897b9c410037e44f6fcaf5932a96df6a3bcd5f03f089a106bc1de87fd696a7ea,eqv1_xmtumb7254ro3iawlxi3vyn6rb
m5_6,7157cd480c088d34240276f535760cd4f7cc3cebd32a1d63c85e984225c90cd6,eqv1_vgr6vmnyzfumwzye7hcqyhvbe2,1996-01-09T06:27:52Z,5.2,5.2,1,1996-01-09T06:27:52Z,1996-01-09T06:27:52Z,1646d25085aeec79e723661cacd8f6acc18f91732466280cb4e6d736416570cd,eqv1_vgr6vmnyzfumwzye7hcqyhvbe2
m5_6,37320d9fb0e98cd89459b219a0ca2509552b830a3a583d44547bf1067966f975,eqv1_6v5gtmr5euzhkge2lcppcm2i5s,1996-02-06T07:36:14Z,5.6,5.6,3,1996-02-06T07:36:14Z,1996-02-07T07:19:44Z,fbdf05b031ecffbad1d0c80cd88aeaae754ab3be19bd7c636c06b57a437057a3,eqv1_6v5gtmr5euzhkge2lcppcm2i5s|eqv1_spr56ektcsix27tdu5pstacyb7|eqv1_re2rewqfkiipqhdays4kxuyfrj
m5_6,eb0bfe59196e1185a7f7250f2da5b4bbdab2b57e645ccc8bceacd4e68359cb62,eqv1_zrytk5zq4mtawnkxjnzll2xwhh,1996-02-28T11:21:59Z,5.4,5.4,1,1996-02-28T11:21:59Z,1996-02-28T11:21:59Z,b7909e49fede377f1e5fc0b07cd5cc0a5affac885726bd3b5d71c484de6543f4,eqv1_zrytk5zq4mtawnkxjnzll2xwhh
m5_6,9a5975429f592ef935aeb0b2c1cb406dea4976dfbdf3930800733c0e8e8f5c6a,eqv1_7jpgptiq4ihvm3tq4t6y7qncd7,1996-03-22T08:26:36Z,5.3,5.3,1,1996-03-22T08:26:36Z,1996-03-22T08:26:36Z,4c7ea9c5ed89fc7f4204a747625636ab60e4fbebceb8d08d10e375b93dae51ae,eqv1_7jpgptiq4ihvm3tq4t6y7qncd7
m5_6,d8d5fc14c29686e04f26074e221f24c39a6cf8691ca4a028bf32132a66d86781,eqv1_dh4qfuyq62h7r64pfdrbzaf34a,1996-05-10T09:06:58Z,5.1,5.1,1,1996-05-10T09:06:58Z,1996-05-10T09:06:58Z,574672429a18aacdd72d40a6998f5225dedd1303616c0fd0ee3f8705177de646,eqv1_dh4qfuyq62h7r64pfdrbzaf34a
m5_6,1ba0c6da8ae7b9a9cb880636a055b3ac2e854d126cead2f54d3a28c35bc01c79,eqv1_wwnm4tshdm2qy5o7bj35m6kdss,1996-06-01T12:49:13Z,5.4,5.4,1,1996-06-01T12:49:13Z,1996-06-01T12:49:13Z,a23b62403d3f157736fd3911fbaabfa20e2384b5936608451d4a111d82076322,eqv1_wwnm4tshdm2qy5o7bj35m6kdss
m5_6,7b6f969340ad0cbeb0ededccd0cc82a51e51dad5f3c73963938ce893c90015cb,eqv1_qglez7nhjlwchmdocjt5dfykxh,1996-07-02T07:05:02Z,5.2,5.2,1,1996-07-02T07:05:02Z,1996-07-02T07:05:02Z,f2bf38d24f02c427911b6884c7aaaadac34038b2ccf2245f8a95886f394c3c48,eqv1_qglez7nhjlwchmdocjt5dfykxh
m5_6,6131ffca8ffd50bf9d7881cae6b272ede5ee982d2e8de09ff2e299b5c010e5b3,eqv1_rmvks3abylp6x2c6g3ceygppnt,1996-07-31T08:00:25Z,5.7,5.7,2,1996-07-31T08:00:25Z,1996-07-31T08:02:51Z,ec8d688fc2ab856a1c7d9208a05c98389fa1b675e845d83bc98eabe7754a599f,eqv1_rmvks3abylp6x2c6g3ceygppnt|eqv1_3vrbv46irj4sgjp5toz4hxetof
m5_6,ac24bf4c8c34b49f7dc12ca7567e42c7b5b7ccda6723217c7f578ea2efcd054a,eqv1_wcucre2kuy3cu7goeuhwegxzh7,1996-08-22T07:56:31Z,5.1,5.1,1,1996-08-22T07:56:31Z,1996-08-22T07:56:31Z,c2f2b0d8f73db98ed6e217595d918ef64870c3c7bb52aee49e1a07314f235767,eqv1_wcucre2kuy3cu7goeuhwegxzh7
m5_6,31cdcd2194e79bee6d4b57cbb8bc0feb7f98a1830ac30060009a5c3906689cca,eqv1_ecijsnikrvdinfyndyvcouvtkl,1996-09-24T19:24:46Z,5.7,5.7,1,1996-09-24T19:24:46Z,1996-09-24T19:24:46Z,b20f410e5c50215f954c67a1ae1a6c81ccf9665a8e544e715acf01d07248652d,eqv1_ecijsnikrvdinfyndyvcouvtkl
m5_6,6182c0136fc55b44c14c9ac94f7056180c2a7ee93553712c01c732130799ef12,eqv1_zucv4nodictzslbzqu5lsz6wnk,1996-10-08T17:28:18Z,5.0,5.0,1,1996-10-08T17:28:18Z,1996-10-08T17:28:18Z,f2c61abd51259ddddb7cb0a1ae7c910a1be97268be3ad60c6652440a6a3b3c3b,eqv1_zucv4nodictzslbzqu5lsz6wnk
m5_6,b72d11bf35eb876df9f14c1bfcf0f96e6f8e18b7ed6dde5478e452de394d0f1e,eqv1_qxi4xoedtrwcssivnlh4p3gkyx,1996-11-19T16:19:08Z,5.0,5.1,2,1996-11-19T16:19:08Z,1996-11-21T13:37:46Z,cb0b7583d27214b6503061c1f94f1e97177b5cd6e6ffe0c636816fddf3830235,eqv1_qxi4xoedtrwcssivnlh4p3gkyx|eqv1_dtskon3vzw4xxbfjwpmtk7shhc
m5_6,88d9d7204b80414e2f3844d9e177800b38e2792debda0a86fcabce28f9087f75,eqv1_wz5dfozv47ilkgp5ksmmetipqe,1996-11-23T01:59:41Z,5.0,5.0,1,1996-11-23T01:59:41Z,1996-11-23T01:59:41Z,a76f1c98fdb934545fe00256290d183303e87570c97dea94a7bd899d3de1dbe5,eqv1_wz5dfozv47ilkgp5ksmmetipqe
m5_6,67efe5a57579318c5189ff44ce426ec24fefceb1bdf86c5f31c11e8fd37a8e21,eqv1_ixg72t5gom6xlwdu7kpitz5kfh,1996-12-21T08:39:39Z,5.5,5.5,1,1996-12-21T08:39:39Z,1996-12-21T08:39:39Z,a99001aaaa012f052370c6f7262609100ef0c22b83b7a0fd7b64c80f916ec801,eqv1_ixg72t5gom6xlwdu7kpitz5kfh
m5_6,ae6c0203ec5259cac7880a4142438177087b84dfdf5dbffb3c947189e4980703,eqv1_gdzurywsdrtiu6orzybjrmflce,1997-01-20T03:31:08Z,5.0,5.0,1,1997-01-20T03:31:08Z,1997-01-20T03:31:08Z,95bd2619ed3a1add51da8814ab444615714083015caf5deb389f7644e55295a4,eqv1_gdzurywsdrtiu6orzybjrmflce
m5_6,95cd40f6ebea663db0fa6219fa9e459cbe07e5ecb8902b868b646f1baa2aa10b,eqv1_mhqkhy34tzplmjn5losdxn5yag,1997-01-25T02:38:53Z,5.1,5.5,2,1997-01-25T02:38:53Z,1997-01-30T09:59:02Z,6aa43aa9b1c93d2a43a3d6d45d56b334335cd889b70c7a1094e6d335f22c0c2d,eqv1_mhqkhy34tzplmjn5losdxn5yag|eqv1_jw26bll7hzpqfe3frxghoqrwiu
m5_6,207feb400b78b4747cd35c8743a2c588ff06adc420450b772e6993598aa09ba7,eqv1_rrjeiim4fiouu5uuwbgqpi35s4,1997-01-29T08:20:16Z,5.1,5.3,3,1997-01-29T08:20:16Z,1997-02-21T14:29:12Z,5df153b191330a8d25f7edbdd2acc79d86a2f6813b8f4ad46c1aceee04e52589,eqv1_rrjeiim4fiouu5uuwbgqpi35s4|eqv1_5ars6vhmcas33ugxttwcwiauyg|eqv1_tqi2usyoy3h24wbcq6f63maaff
m5_6,7b5ae48297392c3d0db7749ee8a46bb0629b807378c31dbd753a3977d6010f08,eqv1_74jqp2camykqlpmicxwcswzhfp,1997-02-09T11:28:18Z,5.4,5.4,1,1997-02-09T11:28:18Z,1997-02-09T11:28:18Z,c47e41f505a9e8191be32eff3119c23eecf6b07c5cf569b9d0b7cdca15d3c5c3,eqv1_74jqp2camykqlpmicxwcswzhfp
m5_6,5c34c618f09e024b8d8ed31c8fcd2f785cb1ab7e961d4fad5188c0bd760257a0,eqv1_bcmazdp4o6qc3aqiboo3nnnzxu,1997-03-21T21:04:49Z,5.4,5.4,1,1997-03-21T21:04:49Z,1997-03-21T21:04:49Z,53c44f43f2a3711946bc551ddd1144492c9b3a40f52e55e923ba3d328c165634,eqv1_bcmazdp4o6qc3aqiboo3nnnzxu
m5_6,7f73c6a9947d47f5b42c5eb0214ec8b6609a6c3c4ac8a0c4f56bc69b783e3cca,eqv1_mc6k3cerzaaj6dcxwwyedh4n7n,1997-04-06T12:58:16Z,5.4,5.5,2,1997-04-06T12:58:16Z,1997-04-12T21:09:09Z,c964f3549aeb4740f200cb8c635d21d2078dcf0e24f90732768bee3c50b31524,eqv1_mc6k3cerzaaj6dcxwwyedh4n7n|eqv1_6tix6jnfxned6pue66yckzlpac
m5_6,85fe064df6bb6b0d4237e03845811836a90b6319ce8d5ec43c06d0bd372c28e9,eqv1_2sxcd3zcir6evsxt2c2xfahgm6,1997-05-16T11:18:05Z,5.3,5.3,1,1997-05-16T11:18:05Z,1997-05-16T11:18:05Z,c709946b4d6023477adff86e20817e72d0a6a9fe6e488122393483447e0a57e3,eqv1_2sxcd3zcir6evsxt2c2xfahgm6
m5_6,c4ee748f8bf5cac7e9fe42fefef1f936d6c94acb450870c0dde94420fa3a00c0,eqv1_sarls7h5k2bxszqv7zkpgta7lz,1997-05-17T03:58:22Z,5.4,5.4,1,1997-05-17T03:58:22Z,1997-05-17T03:58:22Z,4566bdf986c40e366fb532853e59872839d47c4883b147f09703c33b2685510a,eqv1_sarls7h5k2bxszqv7zkpgta7lz
m5_6,5141a0679d950ba8db95f92ea4c801708332292415922a3c6e2095282ca23cad,eqv1_fniguxtmjp2dz4d4hab3ueuloo,1997-05-30T17:54:54Z,5.3,5.3,1,1997-05-30T17:54:54Z,1997-05-30T17:54:54Z,159b59bd15c6ceef099c8ffb563d1d3691afe8474bcdc85f88b8a6428af8bf0e,eqv1_fniguxtmjp2dz4d4hab3ueuloo
m5_6,809115cd434c96d307519a8e9f354112960d7ab0cd61823dc9ae8087342ded6d,eqv1_cokwbiyznqep3x4jagc4ihwm27,1997-05-31T06:51:01Z,5.2,5.2,1,1997-05-31T06:51:01Z,1997-05-31T06:51:01Z,ca7ae102275adc6c2c36a6270e46df31aa06bf9e5bd38d1adefdc8d648387aa5,eqv1_cokwbiyznqep3x4jagc4ihwm27
m5_6,a78c6959b6bcf244eba58dbb4cef5925baedda80ba40223f5bd40702945b5d66,eqv1_foeirjn3sfz2zdqh74jgbolnyd,1997-06-24T09:24:46Z,5.1,5.1,1,1997-06-24T09:24:46Z,1997-06-24T09:24:46Z,7d6a2eea6438f4e258b91ae00b20b204c70e8b2bbd592ca0eca6ee78e327063e,eqv1_foeirjn3sfz2zdqh74jgbolnyd
m5_6,d51f92a6186c80abcbbd8b386f7f0a7dc3b377d132db64b8d0bb053d63818ac0,eqv1_mizfiaeb7uipmzo7mmxqotfokh,1997-08-09T04:48:01Z,5.2,5.2,1,1997-08-09T04:48:01Z,1997-08-09T04:48:01Z,41540e87cccea603a973d4c17092cc027767455a6a44a9269708682d52fe0953,eqv1_mizfiaeb7uipmzo7mmxqotfokh
m5_6,394a77163e63440e082ddd430afae73b1984f9e4eaca8cd699580b412ba2b2ba,eqv1_u2e2k5wrxtjg5b2c77qf5pbcko,1997-08-13T08:13:31Z,5.2,5.2,1,1997-08-13T08:13:31Z,1997-08-13T08:13:31Z,3da4bd193c242d34506c553928059481f54389abfe17e22dae104e1643854797,eqv1_u2e2k5wrxtjg5b2c77qf5pbcko
m5_6,b4ef17921199ba945cb890f8ab280d1be71cfb7878ef72d98fef84de5a21a96a,eqv1_a7slcq5xf7xkr22lmammkugk7o,1997-10-15T20:30:51Z,5.1,5.1,1,1997-10-15T20:30:51Z,1997-10-15T20:30:51Z,bf968bfeffa60ab74008bb8abf99354d3655a4cbc16dfd478271b2877da2f47e,eqv1_a7slcq5xf7xkr22lmammkugk7o
m5_6,64096bf974de80d2ae5e8e3ca472d23201c4ff1c166f7f607572375d68bcf4fa,eqv1_4ryijbrvxqe7inigpfbfty6h4m,1997-10-17T17:35:09Z,5.5,5.5,1,1997-10-17T17:35:09Z,1997-10-17T17:35:09Z,157c62da251f74dad335bbecf9a38d1300011cdb31ef1bbfd2283863988e7fa7,eqv1_4ryijbrvxqe7inigpfbfty6h4m
m5_6,b8967a60e3724f06c401318b1e23863989008518a8c59c2fe52ef6fdc76b1ba2,eqv1_ehgsmokg5ri7dbyune7v7wiw77,1997-10-21T06:32:33Z,5.0,5.0,1,1997-10-21T06:32:33Z,1997-10-21T06:32:33Z,1878c9f5237507984ed079ff1f3bfb1f3add50ad0f38cbbb877f1629c69efbc5,eqv1_ehgsmokg5ri7dbyune7v7wiw77
m5_6,5a70495e26a584a7c763ee2fb2d8fc4dc1842121b66b2599edbb323fdb8c705a,eqv1_ypxg4oj4fb724bxv35m3x6rfgu,1997-10-23T12:28:30Z,5.3,5.3,1,1997-10-23T12:28:30Z,1997-10-23T12:28:30Z,19b416b0cdefdbc677e20c7deb66d5db308c93381685548e579c6d5276b7ab23,eqv1_ypxg4oj4fb724bxv35m3x6rfgu
m5_6,70c439edcdfae5ce0e491f29512880d2b0b3a0ead31123ad1a4cb5611098fd2b,eqv1_oo7pmehjypgyycxbzvgb54olev,1997-10-30T02:02:44Z,5.0,5.0,1,1997-10-30T02:02:44Z,1997-10-30T02:02:44Z,30e47afbad047df836b9111399ebc8a34e53766bb3a33529fb2f78f74bcf3295,eqv1_oo7pmehjypgyycxbzvgb54olev
m5_6,39265a1b1af2ed0c0dc8bc527aaf7fde53e2411d943588eec6ddcf4e64d6de9c,eqv1_x6uz7wwjx3o5ya3gyzqu6tv6oc,1997-11-03T02:29:47Z,5.6,5.6,1,1997-11-03T02:29:47Z,1997-11-03T02:29:47Z,f22a979a1c177ed23e34664b7f2f87ddf65b5b2f29777fa6b7c6aa58733caf7f,eqv1_x6uz7wwjx3o5ya3gyzqu6tv6oc
m5_6,8a3e7bb218011860c9d7c32c52a8f39390d76ee607555b0b5179a30908cd8579,eqv1_clslgnl7k7oibpje5j5u7zglxu,1997-11-09T00:24:51Z,5.6,5.6,1,1997-11-09T00:24:51Z,1997-11-09T00:24:51Z,79468a10c5bd8a19e5aa54b5324056c8fdda0cc6a3cd5c0257df67f73c87c013,eqv1_clslgnl7k7oibpje5j5u7zglxu
m5_6,d3f1b55591be233874891ffa6e086fd9cbe5047affb6cece273947945a309ec3,eqv1_zqwn7uyiw5wqafqwdmgej2nbj2,1997-11-09T04:18:55Z,5.1,5.1,2,1997-11-09T04:18:55Z,1997-11-13T09:58:35Z,a3d1dee53c9f1286db45342d48de0160c9d1fb6665b23de099a387ba7c6d85bc,eqv1_zqwn7uyiw5wqafqwdmgej2nbj2|eqv1_2vj73fvisrpfcf5gxgo7z5btg3
m5_6,20b871db0d914e458459fdd2aa26f9e48d8d175b4537f4232ad9d012e3b64939,eqv1_mdzbnu2qukshglvcgwchpve44l,1997-11-09T23:17:36Z,5.1,5.1,1,1997-11-09T23:17:36Z,1997-11-09T23:17:36Z,7a205cfeec2b2d231f9d3645dfd79b937788d10b1e6abac75dd153e715a5721b,eqv1_mdzbnu2qukshglvcgwchpve44l
m5_6,473edcb524e03d703f9909351c564ffcd09e079728d8c143f9a10cbc28f0147f,eqv1_nirsjgqrw2gklt2ycp37os73am,1997-11-11T22:22:43Z,5.1,5.3,3,1997-11-11T22:22:43Z,1997-12-03T12:25:52Z,e3c92ad85d42367c36ec1162e8b0f45eed630b20e5e108d8af1bc4e35f352935,eqv1_nirsjgqrw2gklt2ycp37os73am|eqv1_xhwiqbqaznsrgwnqgutjwtwtpk|eqv1_jba3oyfwk7ybimq4jl7ib6tj3k
m5_6,f8b46cc365d0763ebffb49e104b8fd1782ac548a36aeae9bac349d63407fbad9,eqv1_sdbjtpy3mssycqvhh5qf7kjz25,1997-11-13T22:35:19Z,5.5,5.5,2,1997-11-13T22:35:19Z,1997-11-19T21:58:29Z,10bd33fef9733d080218728850b9c399132de4e41322a5c4746f0859409f1dd4,eqv1_sdbjtpy3mssycqvhh5qf7kjz25|eqv1_osrxsc3ll4plqu47i7ne22nnb3
m5_6,7766918f35ec4100ab1547474e1b4a3acf0e1deb8c8a1bdc7262fca630759a41,eqv1_h7coa3skvvlndb6ia43qm7yvzr,1997-11-17T07:16:56Z,5.3,5.3,2,1997-11-17T07:16:56Z,1997-11-20T16:17:20Z,2b05f221a65356c37be4eecf857058bfe94a4a5fc94818e1fc02eefd1d6909c2,eqv1_h7coa3skvvlndb6ia43qm7yvzr|eqv1_fb4bcd3vfikqyc7jdril27qvmr
m5_6,cf4867b8f05fac49e73b8ae88ba70afcee84e7bc09e92925d868794bce60473e,eqv1_lythkxhfmayz7ekzrz7tqrs73s,1997-12-18T01:51:54Z,5.0,5.0,1,1997-12-18T01:51:54Z,1997-12-18T01:51:54Z,4f7b4432df5804d7e9b9fae2ebbdf0839f3d2b3f974bcc7fccfd467f5c417636,eqv1_lythkxhfmayz7ekzrz7tqrs73s
m5_6,80a057bb1df3728febf01c9d3eb66fc21828a2c383343ecb85b87277dd252aab,eqv1_v6leicyasrnmzskxm4yq6tglx7,1998-01-13T19:44:37Z,5.6,5.6,2,1998-01-13T19:44:37Z,1998-01-14T16:55:50Z,7bea3987121c6a76311feac26eaca88ec09e122f79af77b32a8b7a53f1b43721,eqv1_v6leicyasrnmzskxm4yq6tglx7|eqv1_3hprazjkxwb2kgsnllrxaopkmk
m5_6,01a87362161d904f25f1fc3bc486a8a0017517ae252932281f954b6730e54d16,eqv1_zxyxrjbvf7ncp3nmqxhin4odzc,1998-05-12T16:53:52Z,5.0,5.1,2,1998-05-12T16:53:52Z,1998-05-15T15:40:38Z,2cdcca758816f2ece43bad1933b67d2c84fefc7adec3a4d1b96b32215bc51230,eqv1_zxyxrjbvf7ncp3nmqxhin4odzc|eqv1_ox32gbbjgxrtmeebir46lkm225
m5_6,23b0d7077974ba4d250fd4deb8aeeb75c431447ca7951a52c3c297a06b2c31c5,eqv1_25n3bvcc4774aatvklwqkmgjoh,1998-05-29T21:28:00Z,5.5,5.5,1,1998-05-29T21:28:00Z,1998-05-29T21:28:00Z,b4a877bd4f0e4b13c470ec5e281a03862074260b1b27ff42f6ce9ba70712d832,eqv1_25n3bvcc4774aatvklwqkmgjoh
m5_6,7623407419a170e73f7a2301772cf3e5fd555b6ac12253e8050711aadb55f75c,eqv1_rrlanozgcbnlz4vwon5zy5is6e,1998-06-06T11:06:27Z,5.1,5.3,2,1998-06-06T11:06:27Z,1998-06-07T11:13:08Z,9d9e11f6cf7d8ff9dc177e71fed6333ccba41d4b99f93437d8e537fbc042af1f,eqv1_rrlanozgcbnlz4vwon5zy5is6e|eqv1_xqmr6jn5vfjju3z5qt6wrwtd7r
m5_6,9384f413c8c746115c8b7cc37500e203a59078671388df9b10739a7be990e2b8,eqv1_vczj5bpiwgvqvy6hikjmqzhhvj,1998-06-25T06:39:18Z,5.2,5.2,1,1998-06-25T06:39:18Z,1998-06-25T06:39:18Z,5b4fea7d4d1d8e7b807b3e663a474e5cf1e4e91061d20fd0abb1639a25e4d98c,eqv1_vczj5bpiwgvqvy6hikjmqzhhvj
m5_6,d682845dc47d0cc4bc6662091fe51855e54fdac9f978dcb838c6ded1ceb95517,eqv1_24jgmj3xci4asno6slbbw57axh,1998-07-21T14:40:45Z,5.2,5.2,1,1998-07-21T14:40:45Z,1998-07-21T14:40:45Z,07aa4fe6b82fffa99b206f7f5d812c89da0b3ea9454a1b177f5b3172365931f2,eqv1_24jgmj3xci4asno6slbbw57axh
m5_6,3423c27b3a99701b494e6515fc0cab7bfc6a68e3824a485ccde8b4ea736d4dcd,eqv1_2hyc6hvzjkp655kakwu3ykgkui,1998-07-28T04:51:41Z,5.5,5.5,1,1998-07-28T04:51:41Z,1998-07-28T04:51:41Z,ebd72c163999500731bee6afe89d444c7408074f209f0914d522f585b1376649,eqv1_2hyc6hvzjkp655kakwu3ykgkui
m5_6,899a55d5db3c56116a0d0a36b56bc8fa184c13e6f65df34a9e557ff75d04cdb6,eqv1_n4ef3gwxnulfjkl7t3oh7mmikr,1998-08-28T22:01:56Z,5.2,5.2,2,1998-08-28T22:01:56Z,1998-08-30T03:37:49Z,2f1da16e9e4ddd512a686234fc7efcb40b2a93317a49080ff533bd997255990e,eqv1_n4ef3gwxnulfjkl7t3oh7mmikr|eqv1_o2okzqswldkdnzos24bvpdhq7i
m5_6,aa18515cdd849ed8962a5d78c5920cc6111bd44f244170302578e631cd353f1b,eqv1_zbxjnpossgweinwhi372jj44lp,1998-09-03T06:43:00Z,5.1,5.2,2,1998-09-03T06:43:00Z,1998-10-02T17:01:56Z,2c305cc1d4a4a43404991264d3fdf053dc580afa177ab3cd3ad42876210918e6,eqv1_zbxjnpossgweinwhi372jj44lp|eqv1_utsnym3qs5ucxtiyz6y7wwolju
m5_6,c4ba9d4b029c5688421ccf8610d288e5dc3e69526a470bd766aada17ba4820de,eqv1_cz6jquufhls5lvj7umtz6bipc4,1998-09-26T18:27:05Z,5.0,5.0,1,1998-09-26T18:27:05Z,1998-09-26T18:27:05Z,aa0b74425e7d32ddce41ba220f1afe3baea9f85afb12f9943ae331660b412af4,eqv1_cz6jquufhls5lvj7umtz6bipc4
m5_6,3bd563ba834854c62b507d46d944b395723c0b6fc014bb17caf6225ae884cdcd,eqv1_c3vvurhitbjab6zvtejmtn44kl,1998-09-30T02:29:56Z,5.5,5.5,2,1998-09-30T02:29:56Z,1998-10-05T10:24:49Z,7f11a37cbe3835bb3f617adffa5d79c9c1a4b27ff18b47f255b2ac8dfb90a8f1,eqv1_c3vvurhitbjab6zvtejmtn44kl|eqv1_tty5mh723pdutmvc3nn3fsuvj2
m5_6,39ea12b62a71bf948960da45beb90f369ef13afd0b1ee69ccc83b36649ddbe00,eqv1_45oeb3seiz5bjwqpvnhrp74l6y,1998-10-02T12:49:30Z,5.3,5.3,2,1998-10-02T12:49:30Z,1998-10-26T20:01:39Z,dfe78a8be3ce1c8d734add863deff5bba68287cfe50d9c98740859934e620b51,eqv1_45oeb3seiz5bjwqpvnhrp74l6y|eqv1_7dadm3ng63neik72rovsdfvu53
m5_6,327c2576dd73a5ac9ccb3dc557d273729a182bcecd27e3275a4fd18f0a77e6ff,eqv1_w7onds5x3dvtntixaqzwhl4u5h,1998-11-19T11:31:13Z,5.0,5.0,1,1998-11-19T11:31:13Z,1998-11-19T11:31:13Z,7447c5afebf4262dac6d295e1e7937c30f01a3f953b0be0f0e9abf1ce477936d,eqv1_w7onds5x3dvtntixaqzwhl4u5h
m5_6,67463805ea0751254801fbb2849b032689483d83a22887afcf89f58b33c456cb,eqv1_mllos6u3f2t664rofdfrbuofmz,1998-12-01T07:37:54Z,5.1,5.1,1,1998-12-01T07:37:54Z,1998-12-01T07:37:54Z,e7cd767f4b8d2dd62327f4ad22b7b87d0ec8bcd98729ea6e13436c9f9182aeb6,eqv1_mllos6u3f2t664rofdfrbuofmz
m5_6,1a43bc9315d15d16db5cb3b9eb59f6d761dde802bcacc14611c06b5e2bfd861f,eqv1_n7lwerza4oio4v6ujolvcnjymh,1999-01-02T17:55:04Z,5.0,5.0,1,1999-01-02T17:55:04Z,1999-01-02T17:55:04Z,362dac7d1f33ce949f8836e6a56c3dee42ef2219a7fd9c8d7e421f7333eeb4cb,eqv1_n7lwerza4oio4v6ujolvcnjymh
m5_6,c8a1ee1e66bf9b4d811f9ed2c1984f32f13007b789fed92fd312b3fdebe2ceab,eqv1_geyiyubi7llsuo3d43b6lk7yxn,1999-01-29T05:44:22Z,5.2,5.2,1,1999-01-29T05:44:22Z,1999-01-29T05:44:22Z,669fb855cbac69f5fa77ca157a8edf1f2dfb9ded43a767467bf2921494668f02,eqv1_geyiyubi7llsuo3d43b6lk7yxn
m5_6,fcacd9bcbf4ed38f7a07851df1a6461e28135b7e98defcd43ac1faac6012687f,eqv1_rfgks56hcf6e7ti3yj3lgywrte,1999-01-30T03:51:08Z,5.6,5.6,1,1999-01-30T03:51:08Z,1999-01-30T03:51:08Z,facf77ee85c87af0e1b28e6cbe190e371f9d0e1b7278e9f8e7b530c3f0cf962a,eqv1_rfgks56hcf6e7ti3yj3lgywrte
m5_6,64adbb4469c172031051e47a9c8c112d75dfe8a083ebf80198ab7cef022155dc,eqv1_txntxk2g3ddiywijl5twuoz2jj,1999-03-09T10:09:22Z,5.3,5.3,1,1999-03-09T10:09:22Z,1999-03-09T10:09:22Z,55937405e440320903751558743ce4571ea459395ad323d201ee73d7c665a0bc,eqv1_txntxk2g3ddiywijl5twuoz2jj
m5_6,da955c6fe5e3ccc0c1d74ed8dd43065a979f5b591f150eaf82aee458c8065ec3,eqv1_vqqul6z3ro27rlo2kzxeolw2ii,1999-03-11T13:18:02Z,5.6,5.6,1,1999-03-11T13:18:02Z,1999-03-11T13:18:02Z,06ae4af6afce63faddd4b10f392b4ac3b360dcc8e4c9f664a91afeb12f19e990,eqv1_vqqul6z3ro27rlo2kzxeolw2ii
m5_6,9f3f0456fc32c7c7c517cb26de4c80c05415ed953ed66b2bdd817978834fa252,eqv1_tdtzpnb6nvol3hodnyd6py77we,1999-03-15T10:42:56Z,5.6,5.6,1,1999-03-15T10:42:56Z,1999-03-15T10:42:56Z,03b0658d7c12492ca53b56fd33c386c8e72356d890a1475f88396c99d548cbfc,eqv1_tdtzpnb6nvol3hodnyd6py77we
m5_6,c9f587ac0c845f3ccd0e5757878f04b740b4d853e692942007b4346a0125d857,eqv1_3jwab3vkula4f5hsmanzk5z5mm,1999-03-25T08:33:20Z,5.2,5.2,1,1999-03-25T08:33:20Z,1999-03-25T08:33:20Z,f84badcd76a343495bbbece7d3e1da66c2cd0c14a57455aebe75cee9165a18ec,eqv1_3jwab3vkula4f5hsmanzk5z5mm
m5_6,4202ea2351d5f572450d4b0f0028e844090d04add4e9fb927e3df2d85e253e52,eqv1_jmpged7ddcgsdu5uajbonvbpcg,1999-05-29T20:10:37Z,5.6,5.6,1,1999-05-29T20:10:37Z,1999-05-29T20:10:37Z,e78ab80ac525918134f4297390ef2461215b7d0d1f4099648cc2b023a93c2224,eqv1_jmpged7ddcgsdu5uajbonvbpcg
m5_6,5d599ec89b30d9116d8f357cc211e0020ea521a913d287a6cb0b09c07ba6abbf,eqv1_4gdrryopjyoadsd2ywqn4yqfcd,1999-05-31T19:59:26Z,5.0,5.0,1,1999-05-31T19:59:26Z,1999-05-31T19:59:26Z,7d793dc0befe822f136ee612697c62217c64b8481a02b7bf2c5fb69782a28052,eqv1_4gdrryopjyoadsd2ywqn4yqfcd
m5_6,d95de3118932adab89c2fc87cfde9a326e4f98756cb368b364c2238ac1a0bdb3,eqv1_apensqi4i3sjizipsq26fxi3lw,1999-06-17T15:02:15Z,5.3,5.3,2,1999-06-17T15:02:15Z,1999-06-17T15:08:35Z,e03e99c369f4d977243b4f6fc7b0ac91afac7d942e2bdb7374cf88f09a05de30,eqv1_apensqi4i3sjizipsq26fxi3lw|eqv1_gdynvo2oqfro7ycxoggjzo3svh
m5_6,60e861bfa09b4732a029f17c653d824c9cebf6b3f506f8a549cf71381fceea49,eqv1_mpouzcok4wf6yig2saiwcshfbp,1999-07-01T04:22:07Z,5.1,5.1,1,1999-07-01T04:22:07Z,1999-07-01T04:22:07Z,84b6e710b9ffb9ede6742ebf6d07a30efda508f1bfc484d9fc3dc14ec7d7ba80,eqv1_mpouzcok4wf6yig2saiwcshfbp
m5_6,dee2d1dc8ba356fc04fac447b58f821107c8de81bd06c6dd98bb3570099b64fc,eqv1_wuzwveoxmswyc2o6iylcld5gki,1999-08-04T00:08:58Z,5.3,5.3,1,1999-08-04T00:08:58Z,1999-08-04T00:08:58Z,49d760f06baf63dfcaea8a73c98c31e6cdf0219f0b991df23e4076a24c948d07,eqv1_wuzwveoxmswyc2o6iylcld5gki
m5_6,c75af8a29ab495b0429c264c838342208f3f6ba32777dac359a18c84f2fe7431,eqv1_ogkvyywd5qybrs43bdh4fcy7a3,1999-09-14T12:54:28Z,5.0,5.0,1,1999-09-14T12:54:28Z,1999-09-14T12:54:28Z,b67da28319afa65a060801e673aaf4e5f20b3f9f54ee24d6cf4b9147b5938863,eqv1_ogkvyywd5qybrs43bdh4fcy7a3
m5_6,031c7ab5e53e596d57e2d5e414501ea0f5ceac989aa05dcb22247a577c417366,eqv1_vno3zanf6iraqozef2mdfazjqg,1999-09-23T12:45:16Z,5.1,5.1,1,1999-09-23T12:45:16Z,1999-09-23T12:45:16Z,f7183f35eb7b21ccb6d4474fba99af93232696c439c63887d1889a03f8db20a2,eqv1_vno3zanf6iraqozef2mdfazjqg
m5_6,fab5cc483a87be7b8106afbf644fa57b95eda7be73b1b8a37131f6f3af828c88,eqv1_ebtwuib6m7tnwmww2spqjhi2yv,1999-09-27T11:49:10Z,5.1,5.1,1,1999-09-27T11:49:10Z,1999-09-27T11:49:10Z,75f794680c6963027a16ab6255b4a20db100fe0d920d6f943256ac51af3bcbcb,eqv1_ebtwuib6m7tnwmww2spqjhi2yv
m5_6,9c7ad8592fe3906ed4a7f492106d5e84ffd030e439d475894e5745d88530d690,eqv1_ckkhmgeb737xzic7zgueexfott,1999-11-01T13:25:15Z,5.6,5.6,1,1999-11-01T13:25:15Z,1999-11-01T13:25:15Z,55d34edf68ae2bb81da6504b69c4c96e72336db1904ebcc696ebeed43d062f71,eqv1_ckkhmgeb737xzic7zgueexfott
m5_6,56f5fcc1b6481168082bfab75dbdb4c6310a26f2b351b4a6a5a2bb03173a0c6c,eqv1_aj32cqewq77j43rix2bwa4eok4,1999-11-24T16:40:16Z,5.2,5.2,1,1999-11-24T16:40:16Z,1999-11-24T16:40:16Z,5298f07d0bd1337db89e17ffcd8aeaacd619187174a01128fa5baf613cf7fe74,eqv1_aj32cqewq77j43rix2bwa4eok4
m5_6,69a53b775cb171245c91139665547412f901c8e7283c0f5dcecc2440f6e57b82,eqv1_hmw2i7etzomcqac5b6tgqjlern,1999-11-25T20:51:15Z,5.0,5.0,1,1999-11-25T20:51:15Z,1999-11-25T20:51:15Z,93f1001c30fed5f76e56ff3f98425b177a127a7873cf6619563a91822ad4ae40,eqv1_hmw2i7etzomcqac5b6tgqjlern
m5_6,7531e0aea9717704f9c123d1197b37eb0f46c4979195f9b49ebff8d77bd7d339,eqv1_w7lvexssttdjexdwhq5liiagqv,1999-11-29T04:10:39Z,5.4,5.4,1,1999-11-29T04:10:39Z,1999-11-29T04:10:39Z,17a521dadb09fb0fcbeaf850212e49c5ff2484d336f02a9ba4bbcca3f1b5e5cf,eqv1_w7lvexssttdjexdwhq5liiagqv
m5_6,e7cb91174f4997f65e3d86407cce4e52e9a8176e9476e3142c90a3416229c5c6,eqv1_vl7fz42osksy2cvxhdbpnltlkf,1999-11-30T08:24:52Z,5.0,5.0,1,1999-11-30T08:24:52Z,1999-11-30T08:24:52Z,edbb530d1b03622d37884ab018904ac199ab70a0a672427aa624823432be8ead,eqv1_vl7fz42osksy2cvxhdbpnltlkf
m5_6,363735d5b2e5edeec0619f2cdde3215323729a461db90854a0d73e51d61e7589,eqv1_yslojrrz63odmjqwseydtpckbt,2000-01-05T09:45:18Z,5.2,5.2,1,2000-01-05T09:45:18Z,2000-01-05T09:45:18Z,56a06f2c4f6d95cf7842e8a5c14a8c801f90b18de2ba6e26e93767aa21a5f896,eqv1_yslojrrz63odmjqwseydtpckbt
m5_6,8d457923a5d8521738da2a6c391c4a9250c890d5ea90bacf898b1de6e2590bcb,eqv1_hhor5eqzlrcmthri6bhv423scc,2000-01-11T23:43:57Z,5.1,5.1,1,2000-01-11T23:43:57Z,2000-01-11T23:43:57Z,a85c7f5e2e9af2493f40f95c7c067234288911443611a17e089f82ec00617b68,eqv1_hhor5eqzlrcmthri6bhv423scc
m5_6,7a2e25f5cfc5e8316c279f97e14a3f7dc6ebab69670b2a8f389868fc2c5eb124,eqv1_fmbsjpf6bjl3gbacaybsf7wllh,2000-01-14T22:09:01Z,5.9,5.9,1,2000-01-14T22:09:01Z,2000-01-14T22:09:01Z,389e67c20d02d6cbf5d9d9069f33b791d3c0898020ace1ba958b3032f74c2322,eqv1_fmbsjpf6bjl3gbacaybsf7wllh
m5_6,374ab52abfbf360e997c8df25d18be4ab42530cd3ef7b0237d93e1b622c3bb07,eqv1_idzevqtuif5mtifcq57qacpq2z,2000-01-25T16:43:18Z,5.0,5.0,1,2000-01-25T16:43:18Z,2000-01-25T16:43:18Z,7c22bb383127c930f66b878c8abf54a3d7bbad498cbdfdfc4ccda020f73dc8e4,eqv1_idzevqtuif5mtifcq57qacpq2z
m5_6,320c3d40de6ea318bcc3af9df773c4e9cdf315c26a0f045dd15c7ffae1157630,eqv1_gjvnzyeujvtxkwtumon7wexfs7,2000-01-26T20:55:13Z,5.5,5.5,1,2000-01-26T20:55:13Z,2000-01-26T20:55:13Z,bce2fcbdb966c2beaccc8f89b302a16bda82cf42704d87bacb49ba6967817ffb,eqv1_gjvnzyeujvtxkwtumon7wexfs7
m5_6,04e4fc1d6f054c9b8a61fb08d0671dd99d5360d070fcea046be9d5b1a7371d00,eqv1_2ias55xpa2so4qxzbqykbpccal,2000-01-26T21:37:55Z,5.4,5.4,1,2000-01-26T21:37:55Z,2000-01-26T21:37:55Z,b1d843a89411b9bc0e89f7f40a9b82281fe96f4dae3c7cf7a3c4073006abe0a0,eqv1_2ias55xpa2so4qxzbqykbpccal
m5_6,1b3f8ad4bbd6593134b553718360e46939fdd912cec1f0e8680bc931a33e2586,eqv1_77hikmtfe5ui4kjlimw7kisar6,2000-01-30T06:35:03Z,5.0,5.0,1,2000-01-30T06:35:03Z,2000-01-30T06:35:03Z,d6087ebda70d43601b5b015df97e39c256c6c20f6d9f2adf60a38350b82a350b,eqv1_77hikmtfe5ui4kjlimw7kisar6
m5_6,43502d60a640048f33fdf7a41c187ebdb1781383b4875001cf39ca70c3e9d893,eqv1_loxpxc2fueaybwnpe6pwqbebec,2000-01-31T07:26:01Z,5.7,5.7,1,2000-01-31T07:26:01Z,2000-01-31T07:26:01Z,db7b19eca53bdc1d30d0b222eb58a710c896a4b305ab21827e3fc7eab93fc05c,eqv1_loxpxc2fueaybwnpe6pwqbebec
m5_6,87080144c4eb97b2c54667fa2d3b460db85323cff5350942dc5e5437a51a8062,eqv1_bdkbrrh453y3lvbqzdscnd3oad,2000-02-12T00:04:23Z,5.4,5.4,2,2000-02-12T00:04:23Z,2000-02-12T15:34:45Z,20c0b9b69788bed9639f4fd6de86d8a66da2fec7d6a3e3f458980b321083450c,eqv1_bdkbrrh453y3lvbqzdscnd3oad|eqv1_tlf4swxtlngovp56jcf43nqnvn
m5_6,8ca4dea898c1c4e7edeabbc98cb8250f8e791b0d69c00033025df6375c6c5049,eqv1_4xcwtjevvboe7iaxvmxhzkdxo7,2000-03-26T20:41:18Z,5.1,5.1,1,2000-03-26T20:41:18Z,2000-03-26T20:41:18Z,1429ce02bff1788d2977f8d6f13a1e6834152b154db5818bb68f0ce7b0d76ddc,eqv1_4xcwtjevvboe7iaxvmxhzkdxo7
m5_6,d1d779bf8f50b2623840a98f69024a0a30c5b6115868a01e684e13ae76334148,eqv1_a2jnt4oabqia4uusdd2myd5zhg,2000-04-15T09:32:28Z,5.3,5.3,1,2000-04-15T09:32:28Z,2000-04-15T09:32:28Z,4ddfa04be7656bd10162f812ee7c028ca3cfacb860f688b0f09b7b7b622e8922,eqv1_a2jnt4oabqia4uusdd2myd5zhg
m5_6,965c78e187efefe3621f2a3077d41966ed2aeef1c47587e5938539c0e0e11362,eqv1_62b66kyolzsryrbvugo6mtrwiw,2000-06-06T10:59:09Z,5.9,5.9,1,2000-06-06T10:59:09Z,2000-06-06T10:59:09Z,56a4252c656e78110e5a94cff3ff6a92656b3e38925db6c3f73ef1aeced8c8c9,eqv1_62b66kyolzsryrbvugo6mtrwiw
m5_6,bfa281948e8574dc6a2d9ad6fbc3bce5d47530b1648438ea24aefa1638a25e90,eqv1_zxra3ayig6lrsku37aev7bg2ap,2000-07-10T04:25:11Z,5.6,5.6,1,2000-07-10T04:25:11Z,2000-07-10T04:25:11Z,8e124483ea348d6a4a2bfb7e146c1a926ccf03128c317bf90c34f4e94e5a8913,eqv1_zxra3ayig6lrsku37aev7bg2ap
m5_6,4de403857e883fc4c63f3575e8eccf9c338749637d669aa388b4e11fca65bebd,eqv1_2nuikdbss4aiumyurers6kd6mm,2000-08-21T13:25:40Z,5.1,5.1,1,2000-08-21T13:25:40Z,2000-08-21T13:25:40Z,cdbe3644b8999f02817bbbda1c7623c11348f5d6699b2785871c3fd6b848e29b,eqv1_2nuikdbss4aiumyurers6kd6mm
m5_6,b929a355c1ccdff227a3203a8ea600c9e44a8c47a636868060755054f3e3551d,eqv1_fmvwzoy6evkul5safftjdynnen,2000-09-12T01:19:18Z,5.2,5.3,3,2000-09-12T01:19:18Z,2000-09-20T19:21:15Z,46a958a494e6396f7629a8bb4b206dd046f59e511ed8c1fa00608e1dab1dbaeb,eqv1_fmvwzoy6evkul5safftjdynnen|eqv1_mpj4fanlmh3blv37adpzsdk2zy|eqv1_yrms743ccv3rdgrdl4lip3xcrl
m5_6,d12fa3782b5ecd409c2b888ffdea659ef3fff6b08fa826975903408712b13026,eqv1_qff2l6dlw4pswflaiazpdnsoz2,2000-09-13T15:11:18Z,5.0,5.0,1,2000-09-13T15:11:18Z,2000-09-13T15:11:18Z,ea0e533f73bf433bb4ddb55a2cc978cb161099bea489fce0cfd6f382a0c75262,eqv1_qff2l6dlw4pswflaiazpdnsoz2
m5_6,15a33e55a1533f6944f8b687b34a202bff5a5d57df03797ad64eb330cca11cb2,eqv1_m4ahsedp7n4nkcbxaogfmfnxoe,2000-10-08T06:14:57Z,5.0,5.0,1,2000-10-08T06:14:57Z,2000-10-08T06:14:57Z,077fc738b15f29101fa6ad62c023205d17d9353a0e1b739720199cff0a0660b4,eqv1_m4ahsedp7n4nkcbxaogfmfnxoe
m5_6,a0d64bbff083266a8f3d99829eb644e34e139c08cd3b03c1b04f209efa05baaa,eqv1_suumvywv34j23n4pjy7bdhbutx,2000-10-09T07:03:36Z,5.1,5.1,1,2000-10-09T07:03:36Z,2000-10-09T07:03:36Z,d07ce60731d0ebf1a5234ac332d857987907a646140a71e1b901926aa0733d2b,eqv1_suumvywv34j23n4pjy7bdhbutx
m5_6,1ddbd090905c0c330a3a3e999a0453331e813ed0195273dbe333f931659f01a1,eqv1_kygvepkud3yvdaai3bv4ym23d7,2000-10-20T09:12:34Z,5.0,5.0,1,2000-10-20T09:12:34Z,2000-10-20T09:12:34Z,612b36d86929bfd9fb5074133d814ed3d256d3a6f09cf6f7cea361bd68696030,eqv1_kygvepkud3yvdaai3bv4ym23d7
m5_6,0e7edac9d74c069edae7d02d5121d8986227966bf9d407a99f34e5bb69ed2326,eqv1_s2fznbepy6j6eujvjsa7pf6doy,2000-10-28T20:03:13Z,5.3,5.5,3,2000-10-28T20:03:13Z,2000-10-31T05:20:53Z,25a923c6fa626b31a1f487910bd676ecabad73614deba9f0da472fd891a83caa,eqv1_s2fznbepy6j6eujvjsa7pf6doy|eqv1_g324z5ourmtoyamrhiswfbsied|eqv1_snov5svdqahsbo47v5qdghplcr
m5_6,4651ac36d8457764435187a0d53bf0fdd214f6e01ef15e2d6df06c033adde537,eqv1_wub64hptq7qntqz6wguda4syia,2000-11-08T22:46:55Z,5.2,5.2,1,2000-11-08T22:46:55Z,2000-11-08T22:46:55Z,07c385f1be3190b4df8c0dccef1366766ee91b56daa7a8311c546d36c07948fd,eqv1_wub64hptq7qntqz6wguda4syia
m5_6,eae7d8d2bef800c354bacd40ca0c4e7670f4116e63590d5ffb1652cabdc22f4a,eqv1_urdhoxgkmogsolkn7mch3jerua,2000-11-26T02:01:49Z,5.1,5.1,1,2000-11-26T02:01:49Z,2000-11-26T02:01:49Z,fb7f5fa58365ac851ffe9ddfb7148ce89e22fae17b7e69c5d0136956b12cb5f2,eqv1_urdhoxgkmogsolkn7mch3jerua
m5_6,276fabaa45c3a475e4d82f1455de1dd378badaaa73e7bdcad914735741300096,eqv1_fgiljgjf7nv4krbyfc7sjfynjg,2001-02-14T07:27:29Z,5.0,5.0,1,2001-02-14T07:27:29Z,2001-02-14T07:27:29Z,edebd7a6234b0a6c01dd419e810fc3ca42e3069232fa7d6256941ae74b5bdfe7,eqv1_fgiljgjf7nv4krbyfc7sjfynjg
m5_6,0a1edd4c71acf5c53a2dd25598e8d3d8823be2c459dc65801c70c1989373c323,eqv1_g2ion42ke6ji4sljqjwicyofly,2001-03-12T08:57:50Z,5.0,5.0,1,2001-03-12T08:57:50Z,2001-03-12T08:57:50Z,6190fd179a0a7bfd643fa25854575dc829671aa43d891c22049e22e4e26d9ce4,eqv1_g2ion42ke6ji4sljqjwicyofly
m5_6,5a73769377798a58357e1a5480c5f127053e39608b0bf63d64421b5ec61bfd11,eqv1_fq7m5jyz6lmrba677slyzwmzae,2001-03-23T23:23:01Z,5.1,5.1,1,2001-03-23T23:23:01Z,2001-03-23T23:23:01Z,6ad1eb82f1c0cb21f470dac8b4048b4de79e086ad23f44ff62e1b389bcdf8954,eqv1_fq7m5jyz6lmrba677slyzwmzae
m5_6,974f2dd7d04666f51dca9bff1769ffa3d7662f4bc61d65667121a9c34d233b4a,eqv1_z6fctipyfsawc4avu2c6eg3sva,2001-04-10T03:13:04Z,5.2,5.9,2,2001-04-10T03:13:04Z,2001-04-12T10:46:57Z,4cc053f15c8f98ba7c4d0e95b14015af10d1acd8dbbf1b8af6a2c8f6b2d6662e,eqv1_z6fctipyfsawc4avu2c6eg3sva|eqv1_h75vlh7wyoyyo5avyg673lfkdx
m5_6,7b2cb250a3d50f3c4ce6f1f06fe5d9846910082c5a823bd7787f98719f47f059,eqv1_q4fu4tp2azrwwm7olyapibnoa7,2001-04-28T10:37:53Z,5.2,5.2,1,2001-04-28T10:37:53Z,2001-04-28T10:37:53Z,fa3e257b03d0a60ca15b9042439e622ee40eb07e9b7e6f9bf60abef8ac1c9541,eqv1_q4fu4tp2azrwwm7olyapibnoa7
m5_6,1c7e622c489b4e6792c876dea8883be5a3c185f433acecddb83e4da450098e99,eqv1_tvoerrf7ub47z5eajeofouxoig,2001-05-23T21:10:39Z,5.8,5.8,1,2001-05-23T21:10:39Z,2001-05-23T21:10:39Z,d10bc5f7c4fae7a56a9591806d8922842c1a856713b93531210982022e6a4296,eqv1_tvoerrf7ub47z5eajeofouxoig
m5_6,ece9b00a25a1b6da62118e938d6594533fb58b92c6dc4209e35bc36347813517,eqv1_xjoqo2gad7mvjly4bchlukk4qo,2001-06-07T18:03:28Z,5.3,5.3,1,2001-06-07T18:03:28Z,2001-06-07T18:03:28Z,1942afec9e766039a30120df8c63db5cb3887402f811aae3aa5daccdee3886c1,eqv1_xjoqo2gad7mvjly4bchlukk4qo
m5_6,7d019690efc027cd9ed82e89ee338d0d7daa1e44a2e56499f3a4c65494743a7d,eqv1_4ajfdbqbb3nwx24cpa5nvjcpt4,2001-07-09T23:51:32Z,5.3,5.3,1,2001-07-09T23:51:32Z,2001-07-09T23:51:32Z,6ae570d889b63385fbd87d13facf332d4b7db8f0ed9e58dacefc416051e985c4,eqv1_4ajfdbqbb3nwx24cpa5nvjcpt4
m5_6,a1a7d52f11bf9b273dd2d757dfbed22bd0b14e2bee3726f6e77531fefda7833b,eqv1_v3fb4uxatswbiknyhputheniu7,2001-07-10T21:41:06Z,5.3,5.3,1,2001-07-10T21:41:06Z,2001-07-10T21:41:06Z,77a5ba8ed9e0b31aad7deeff522c20a6882878c17f00c00a31a5abb8c5f4c50d,eqv1_v3fb4uxatswbiknyhputheniu7
m5_6,24df8c7f128796b3420049086cd4c5a5155448237d7bf7d1b056ca3bd96b8ec6,eqv1_v5u2hmoneq3szaxq77h62i3mdm,2001-07-14T18:36:05Z,5.1,5.1,1,2001-07-14T18:36:05Z,2001-07-14T18:36:05Z,35e65df28d170c183298e7e24e4bb1150e51d5e460288e40fe4fc4951871bfeb,eqv1_v5u2hmoneq3szaxq77h62i3mdm
m5_6,22270dc08b6982ed6af5760172f344ac5ed42ff02cbaf872740ef7239b874191,eqv1_db2h5ardkur6drii4f5asynw44,2001-07-17T11:32:52Z,5.0,5.0,1,2001-07-17T11:32:52Z,2001-07-17T11:32:52Z,f7e3649431d382b1c0a7fa7c392ad5b54a29f4c045f45b5892e37224890025ec,eqv1_db2h5ardkur6drii4f5asynw44
m5_6,303154e63e4c8275d8527bf392d0424ed16f9f1d5c186e6d0f16c51ad04f6b6d,eqv1_3vws3zb4q4mfgchcsurjsbzrzm,2001-07-25T16:02:53Z,5.7,5.7,1,2001-07-25T16:02:53Z,2001-07-25T16:02:53Z,86696091d26f34211818e10b42efd7a84fa1a46aca30b2faf80329550258d276,eqv1_3vws3zb4q4mfgchcsurjsbzrzm
m5_6,44d79ceb8834c8f8eb25c605b7e81fe3538f948027490cd09d9551db1c9d7a5e,eqv1_md3l6kcppv5ympzl7voahhiaox,2001-09-04T04:05:55Z,5.0,5.0,1,2001-09-04T04:05:55Z,2001-09-04T04:05:55Z,7ec4953535110a96f900df544b07fac8406750298de055de89d470e22ef66363,eqv1_md3l6kcppv5ympzl7voahhiaox
m5_6,d0fe9d24bd415a512b2587d98e4efd3c67da7c6db4a4d9d3f1a5b9068984f6c3,eqv1_hgchgvttz3uos4ixtzo3m75a4e,2001-11-14T09:45:14Z,5.8,5.8,5,2001-11-14T09:45:14Z,2001-12-08T04:12:51Z,4f43763b4a5ab03e1c48e0a9eb724e195b052d687d654e347b1d0f3924d09c96,eqv1_hgchgvttz3uos4ixtzo3m75a4e|eqv1_zovgp6jdxetrfhrhyqezjissga|eqv1_azhgjxnt4muw6slmfkrbccmzlj|eqv1_lomhh3pa3ehfogmmadszqs7obe|eqv1_jz6yfnrflgyxdl6v4pb4gmg7so
m5_6,1bca3a02e80582699b4baff8a8a7e624df09d143ff74e854568c1a2514af2cd9,eqv1_lofaphwp22hjyvaprv5w3zqidb,2001-11-14T23:05:29Z,5.3,5.3,1,2001-11-14T23:05:29Z,2001-11-14T23:05:29Z,ef1e5c6665f2c2f9f0c168f5dbc30a0f684bf82c530b76ab8f570266946c2113,eqv1_lofaphwp22hjyvaprv5w3zqidb
m5_6,3d3ef8e95ac4dce1ca5aae2093d20c7d4f66b7c43fb768895aabc4c547fce35f,eqv1_ku5xig6aokz6yaeejxemszmuoe,2001-11-30T10:43:12Z,5.1,5.1,1,2001-11-30T10:43:12Z,2001-11-30T10:43:12Z,bcc034e68a36ae49f2dadf822f52963c65baa39d09deab45064736d9d2c30e31,eqv1_ku5xig6aokz6yaeejxemszmuoe
m5_6,a074db0744de206485067f0a36e2cfb38ca772492c29dd88f882dad7badcd2bf,eqv1_xgnrivtcp2lpvemhz5elss7woe,2002-06-04T14:36:04Z,5.7,5.7,1,2002-06-04T14:36:04Z,2002-06-04T14:36:04Z,7bfcfdee343d1870f9130d2ee5b80747f5b8f4a6753bbdd1b83a4317e8aadab6,eqv1_xgnrivtcp2lpvemhz5elss7woe
m5_6,8e0db44e2e693717ef35633873f919a2717298a3232c8b003eef4081f85b115e,eqv1_lrtpnl22fkvr26g7abpbkhrnqw,2002-06-29T06:54:36Z,5.9,5.9,1,2002-06-29T06:54:36Z,2002-06-29T06:54:36Z,6bbd8532dc39eadbfb208a84bb6a4d5febd523c53d24c4721ed7758af091c824,eqv1_lrtpnl22fkvr26g7abpbkhrnqw
m5_6,e1d0c206f6a4e1b2aa1996918d8dc79771a544450efbfd79cdc1e29a047ce049,eqv1_pf46j55kj2lm3lkrvg7apjhmpk,2002-08-08T11:42:02Z,5.3,5.3,1,2002-08-08T11:42:02Z,2002-08-08T11:42:02Z,f07f7db5a17b1d734788f9ea2a4b5cb3b6ccabdeead1612ea0d33fa481af08a3,eqv1_pf46j55kj2lm3lkrvg7apjhmpk
m5_6,b8ab45fa254d05596ccddd9989c33542a798d093e23218d4dbdb304684b482ab,eqv1_3elybljx2bk5otd7guskgi5qwl,2002-09-15T08:39:31Z,5.6,5.6,1,2002-09-15T08:39:31Z,2002-09-15T08:39:31Z,e769ec5d7d05821fe7baf482f9221ac4c97d0f7ded0b65642e5b9577611eefe1,eqv1_3elybljx2bk5otd7guskgi5qwl
m5_6,5d3386e4c6b75e991405cca7c71a472736b05ebaa3c8e2cf27ccfc8c67ddb313,eqv1_t7iwf5qoimzvso4i54426kbycn,2002-09-27T17:14:37Z,5.2,5.2,1,2002-09-27T17:14:37Z,2002-09-27T17:14:37Z,149e81c7323f4c4204f84f82c62f8d1d276f89c01296af9caf4a090106765a8e,eqv1_t7iwf5qoimzvso4i54426kbycn
m5_6,3d89ea4aff9aa2358c7ddf41ec4626cd45014dfdb6978384ec32075f22dfb405,eqv1_ku4pjio6ck7iewtwjcxhwqdq73,2002-10-26T20:28:48Z,5.4,5.4,1,2002-10-26T20:28:48Z,2002-10-26T20:28:48Z,419e7f350fb683cd3458e096e2000db0cb9fa9b51a4ab040db0d486e7df778bc,eqv1_ku4pjio6ck7iewtwjcxhwqdq73
m5_6,403841451d4041d29cbbbc3438b022ce07a4e4cacbd8cba04330013183554443,eqv1_5wgtj5rpx6mfen3aamqoyfgoph,2002-12-14T13:27:29Z,5.9,5.9,1,2002-12-14T13:27:29Z,2002-12-14T13:27:29Z,23be5eddb1e58f350a922bf629d8b368825984292722e27425a33f3ff9cb8af2,eqv1_5wgtj5rpx6mfen3aamqoyfgoph
m5_6,d7fc302520161ab71d6f5981538129097d8d99896a27ef5ca4eeb8ea119504a2,eqv1_y6s4lki2jjbazxtfe7cliougrb,2002-12-25T12:57:10Z,5.7,5.7,1,2002-12-25T12:57:10Z,2002-12-25T12:57:10Z,e42894949ae8b8587e593b2ea80462cc1311fc8f273b1bfd40eeb2329b6e7044,eqv1_y6s4lki2jjbazxtfe7cliougrb
m5_6,442635b1e31b093a0c6fb7233f809fd002bcabc44927ac6ae21fec0c0fb57594,eqv1_unihyw2y3c2wkbdvml3lsz5a6d,2003-01-04T11:07:16Z,5.4,5.4,1,2003-01-04T11:07:16Z,2003-01-04T11:07:16Z,03a7f8cc7a03a16e5fcc622eb029197e241d9b844c2e82801d88d2fe479969cc,eqv1_unihyw2y3c2wkbdvml3lsz5a6d
m5_6,6f609faceaa1b30b0c1a39834f61ed178eb117a5642d2e9dd91802d854a37427,eqv1_fwe5p7d4hzxroa7p4qwyfwc7ww,2003-01-16T22:15:33Z,5.0,5.0,1,2003-01-16T22:15:33Z,2003-01-16T22:15:33Z,b0b8e726cb4f4ab22ed22fed2f1e5db3bf206c19fe3e410a053bf33dbb56c39b,eqv1_fwe5p7d4hzxroa7p4qwyfwc7ww
m5_6,9f4f6651ac81e2d5db0e0786f93649593b0dce8651dad0ddcd25439b86d7fc55,eqv1_5awgcztwn7zhxjizckq5zq2c4a,2003-02-11T10:36:22Z,5.1,5.1,1,2003-02-11T10:36:22Z,2003-02-11T10:36:22Z,3db19471664bc13c89c02f816da138a2ca78a1148e857099f46512e40608eefc,eqv1_5awgcztwn7zhxjizckq5zq2c4a
m5_6,ba4b119a5d2ca62d6dc2300fe5ddbff91bd689b356beca653815461b474481ac,eqv1_pynxoawm3zbslycrc3re6slwuo,2003-02-13T17:34:17Z,5.4,5.4,1,2003-02-13T17:34:17Z,2003-02-13T17:34:17Z,e980200044d00b521235708a0b2cf1a99a82558beae5b45c6f550b76a03f6e47,eqv1_pynxoawm3zbslycrc3re6slwuo
m5_6,45f35aca3880fd0a91d3da87190433342056dd311635865c192662ed933bae2c,eqv1_aoka2bm3bz27rykpdvryua2cud,2003-02-24T21:18:45Z,5.0,5.9,4,2003-02-24T21:18:45Z,2003-03-15T22:59:25Z,02e3025cbcf384390281f28c53b9040fbdade26f0dfab40de3d18fb30f7cdf13,eqv1_aoka2bm3bz27rykpdvryua2cud|eqv1_tcfcl2goefgbgm3r5atkcslwrn|eqv1_2ivvnumhsduv3jre5vlw5tcs4m|eqv1_eqxh53r5e7hma3upsqc3ppkucb
m5_6,e336f9db7226c12bfe6abe2c26a67899a42ccb2723d29b1cadd0ff2923a7550b,eqv1_x35nuji3kx3tacflz2xtcfsrit,2003-03-30T23:15:45Z,5.2,5.2,1,2003-03-30T23:15:45Z,2003-03-30T23:15:45Z,2e3fdfdd32d48b4335f78402d21da83f07594983eb2ce9e7d1448d0a5d82ec1e,eqv1_x35nuji3kx3tacflz2xtcfsrit
m5_6,d3d5836804b0f05bbb0802f0149030cd203aada1cec71fab860c2d47e6548e5f,eqv1_smnygwdyxtcmuvupyzshy46dnb,2003-05-04T15:44:36Z,5.8,5.8,1,2003-05-04T15:44:36Z,2003-05-04T15:44:36Z,87ef536ee66b042c48509694e889d4da1e570278392df372632723f469aaafc6,eqv1_smnygwdyxtcmuvupyzshy46dnb
m5_6,f25511091b3f7c396f001b1c9737e4cc2c59e46cc926a82b51d8b9797d2fdb4a,eqv1_qo44iam5dh5zojcnmagec6wnav,2003-05-20T18:34:33Z,5.0,5.0,2,2003-05-20T18:34:33Z,2003-05-24T19:32:36Z,b8de4f1526fcc124135705ae0f1d4cee4693c99d63093734399bced1fc5c40cf,eqv1_qo44iam5dh5zojcnmagec6wnav|eqv1_k7vlarepd34skynhqxtrdyfmkc
m5_6,5930649ee0a794e7b012a11d30ecebbe538217ea5f1fabc40f4ff18a6a1731cf,eqv1_4d3sy7or4uca363prht5nrispl,2003-06-04T16:28:42Z,5.2,5.2,1,2003-06-04T16:28:42Z,2003-06-04T16:28:42Z,bd9544d087f7c08b46ffe412172b6fbe960e25e8cae603b2ec34fbdca7ece0b8,eqv1_4d3sy7or4uca363prht5nrispl
m5_6,838097c3222d2599492f8bc36f5207cf336afd3cd860a1b4425b127ebc714a40,eqv1_a7hhqk7jb2aey2hoijp6oj3hkz,2003-08-16T10:58:43Z,5.9,5.9,1,2003-08-16T10:58:43Z,2003-08-16T10:58:43Z,13f6c0093e62caa5dc545eb3bc249417c06a2d8f05f499c865cc738c1ee21c61,eqv1_a7hhqk7jb2aey2hoijp6oj3hkz
m5_6,4d7986739377b437941cf944f6ad3a83f1984e18118f416fefb5645b4cf83534,eqv1_jzpsblqixdgpk6bab6vxg4t3ku,2003-08-18T09:03:04Z,5.7,5.7,1,2003-08-18T09:03:04Z,2003-08-18T09:03:04Z,6b73a7e1994f97d3d74ea6e84c5ee4a05e52cea2365db6f43ef41f98aeb13c65,eqv1_jzpsblqixdgpk6bab6vxg4t3ku
m5_6,3a9b78693fa13e65886642633e6982b53f7751f550816e09507144296ce9cb02,eqv1_7oai24t4z7hv2dneh2whnqviiw,2003-08-21T02:17:51Z,5.0,5.0,1,2003-08-21T02:17:51Z,2003-08-21T02:17:51Z,90743647d7c47d94e34084e7903e97b0d585515076cc7b8336496674a5b01c5e,eqv1_7oai24t4z7hv2dneh2whnqviiw
m5_6,3ea97b30913a8de09b9aaa3d562ea876951e83baaa9d0b659eb872c367e248b3,eqv1_oluty2gw2mh6qrywoqt7npvsz4,2003-09-01T23:16:33Z,5.9,5.9,1,2003-09-01T23:16:33Z,2003-09-01T23:16:33Z,3baaeae820f2224e8e7e99cc18e4f18f563d7c2f411e0f65300626ca9b548627,eqv1_oluty2gw2mh6qrywoqt7npvsz4
m5_6,787601ad745bca3389b5dd09d186ea232cbe3ae088c54e6be65e0586c7eaddb4,eqv1_s4pvi7blp4x7ti2m5yjluvyng6,2003-10-25T12:48:03Z,5.8,5.8,1,2003-10-25T12:48:03Z,2003-10-25T12:48:03Z,36662e3061abbf331b390153abe5a9dc811c78834c9edbc0fc3a6cb56ffb58f9,eqv1_s4pvi7blp4x7ti2m5yjluvyng6
m5_6,2296ed8227603db4f0486e7314bc23407c06f8819c1c8b999c546a3c2b7c3cd6,eqv1_lpxeduq2zwbyrfa42liyd2m23i,2003-11-13T02:35:09Z,5.2,5.2,1,2003-11-13T02:35:09Z,2003-11-13T02:35:09Z,da3fc78ec0fb0ecfe49d259a6562338894a9b41e87774fc469a830ee11a1b009,eqv1_lpxeduq2zwbyrfa42liyd2m23i
m5_6,b70090a84abf1a064e32f9c31498214559de5f3f4024f04a649372da8058e208,eqv1_frnbak6g5uocggliaw7rr2lwic,2003-11-14T18:49:43Z,5.1,5.1,2,2003-11-14T18:49:43Z,2003-11-26T13:38:59Z,b14f9ffa9a7904a7d280545eae28691973654621d7c639de02b024cf2dd5eee9,eqv1_frnbak6g5uocggliaw7rr2lwic|eqv1_zsm2yemxbqkhbs2nw4qfud6o33
m5_6,5edddeb77d13d900781f4fb1ef7d35c455df28418f8c4c88141d1cea2889e9da,eqv1_2v2eo667ocvs46mmxd26xngrfv,2004-02-24T20:21:51Z,5.0,5.2,2,2004-02-24T20:21:51Z,2004-03-16T21:23:21Z,24ff2f1b5e2a3ea1f60b29c750b21e74fbbfeb3cfaefbe88d65542bc103d91c1,eqv1_2v2eo667ocvs46mmxd26xngrfv|eqv1_4mcj5ajc5au627ozj6mttshbju
m5_6,b8b5f4c2d6c2e40ec80e6eb48558b1d8e2a55b802fd4b4a4830bce537d62a0fd,eqv1_7m6czordrengvjrswao2jp7azx,2004-03-07T13:29:47Z,5.6,5.6,1,2004-03-07T13:29:47Z,2004-03-07T13:29:47Z,6358ba53abd31d08a692341b48c06b1338317f275d8d51908a08888484c1b421,eqv1_7m6czordrengvjrswao2jp7azx
m5_6,0ada9168a2e39420c639ef4b990cacc8a6c0e068e83ce06adb5e9c1107bba92c,eqv1_er7pharcz36cjchpokktj3kxes,2004-03-24T01:53:45Z,5.9,5.9,1,2004-03-24T01:53:45Z,2004-03-24T01:53:45Z,dfeaa78f2407f3e19270a5d49d4fda9d2457041f38b07d9f8716def31f09d3a2,eqv1_er7pharcz36cjchpokktj3kxes
m5_6,217c479ae46ec74dbbe7c969d8030e227740f225d043352b9267ba5422d3496e,eqv1_cfk7yzliiuviucqvqz52ebpqga,2004-03-27T18:45:30Z,5.8,5.8,4,2004-03-27T18:45:30Z,2004-04-22T10:02:20Z,afc9546785101f5d69760199dceec17c6ea99bf224f5687c31f7c14f5dc62028,eqv1_cfk7yzliiuviucqvqz52ebpqga|eqv1_7ldxznjzysm5jfskci5xazkaop|eqv1_62vujl5tro2whyddageoqf65ln|eqv1_f455ze3gngigdudwqjnklcc2x4
m5_6,bf983403a621d4b3945f6f5ebcda7803d97f26b16e5e72917d99a16dd69486f8,eqv1_4qo6xfljrsylhhxuuadtupms5r,2004-05-04T05:05:00Z,5.5,5.9,3,2004-05-04T05:05:00Z,2004-05-10T23:27:28Z,17bef12adeb263bd19c9f44fbf1032b5658cb8995ad84e7f07373c434085210c,eqv1_4qo6xfljrsylhhxuuadtupms5r|eqv1_mqbzwpunw6o3v6wo4tjjqb3wbp|eqv1_z62jloz74rat2b4zzj2l3czrur
m5_6,6aa257c2a5aff49698f1503c4a397c194b0a56b4f45c0e02cf1db515ec808366,eqv1_fhunwpbjvhj4rwmmb4emsrqdcg,2004-05-23T07:38:11Z,5.3,5.3,1,2004-05-23T07:38:11Z,2004-05-23T07:38:11Z,a520e48e5f661159fd4626ebfd241515f6ae0e359d82c1723f20e929e4af5383,eqv1_fhunwpbjvhj4rwmmb4emsrqdcg
m5_6,61a62d7edc29597dee6dbc15568375af89adea6b84d276b3e940f7f75fe5a440,eqv1_yyuj4ptkesksutg6fieqysgzec,2004-06-29T08:11:35Z,5.3,5.3,1,2004-06-29T08:11:35Z,2004-06-29T08:11:35Z,645682235f8278129fba6cb14e3d95d5459630c3b7317eb256c8f27ae8adb92f,eqv1_yyuj4ptkesksutg6fieqysgzec
m5_6,beabf1956f8d2308d3db5b412b0c6d8f3d30fbe5e2409b32bfcdda50bc5fb903,eqv1_lpsr74bij4foo62zmf3qhmeohc,2004-07-03T14:10:48Z,5.2,5.2,1,2004-07-03T14:10:48Z,2004-07-03T14:10:48Z,6beaebfe3e7f4436cfb68c6e3537a9500bb9fbe82a092b884b7963f7e9a3af24,eqv1_lpsr74bij4foo62zmf3qhmeohc
m5_6,f0cdb8ce14da47eec5ef834651b4bce730430970fc730136db6cef3193e02399,eqv1_j653c4itz7buorcxn3jeealppq,2004-08-10T10:26:14Z,5.6,5.6,1,2004-08-10T10:26:14Z,2004-08-10T10:26:14Z,ba0d9750964cbf033ca2a3aa6566bd9cb70926675a65feff1c1cb8e6f7ee9429,eqv1_j653c4itz7buorcxn3jeealppq
m5_6,bd2a39a24427f92dbfadc8b3ce165b7e17e7e2ae8b17ae1345d4065c171daf66,eqv1_ze76rg4e5sbohne24yyu75zjd5,2004-08-24T10:05:37Z,5.8,5.8,1,2004-08-24T10:05:37Z,2004-08-24T10:05:37Z,422ea6fa81381f99e927c30c1fcbabdd10f7ff559e0fd1d58a01351b43a6e200,eqv1_ze76rg4e5sbohne24yyu75zjd5
m5_6,29395019049fb8172875a07b2210ff8d992c9f66b18615c82a5fae4d930c9a74,eqv1_jbzn45idlfm3s5vixrj3qmhtub,2004-09-07T12:15:50Z,5.0,5.0,1,2004-09-07T12:15:50Z,2004-09-07T12:15:50Z,cc750c687d2f4ecc58d9428d4a4ca7a4d441b36122fccbc287ddf052ee361df3,eqv1_jbzn45idlfm3s5vixrj3qmhtub
m5_6,dae674338ce439c67c945c6b995dcf062fdf4490b2039c8bc1e7263a994151a1,eqv1_3vcfguzhleebu5oyjpany3ns6u,2004-10-18T22:11:41Z,5.0,5.0,1,2004-10-18T22:11:41Z,2004-10-18T22:11:41Z,ffa02c3d769ac3ac875042ef1c1e7efab56fce5aac62d2853fc9d9b57ec20d51,eqv1_3vcfguzhleebu5oyjpany3ns6u
m5_6,437f27dafd431d97e21f7d075adb8f379b66399df6b5416bd1a5fb2f70136ccb,eqv1_rywbavelsm3txc2nrzn2vtomgr,2004-10-26T02:11:35Z,5.7,5.7,1,2004-10-26T02:11:35Z,2004-10-26T02:11:35Z,9dabf1416da805798e9e235c32b765c04cefc1a14d62fb84e91e14d651338ab6,eqv1_rywbavelsm3txc2nrzn2vtomgr
m5_6,3c6ee2bb88b56a90c65fc7d8cd1ae84da34e91166ed685884e4fc5834031e5de,eqv1_li5kzairkcgiouffkfyljdudgl,2004-12-26T07:30:12Z,5.0,5.0,1,2004-12-26T07:30:12Z,2004-12-26T07:30:12Z,cdfb50d42cde5b0c6162c6b19b643555670c3f540ea1fa6e3dddc95995f38d71,eqv1_li5kzairkcgiouffkfyljdudgl
m5_6,4476162f4465e6635f00839a9c921af462b8305708978ea434ad573ba435b78c,eqv1_a2gstwpqxecsbgbdmld3xihmia,2005-01-25T16:30:30Z,5.0,5.0,1,2005-01-25T16:30:30Z,2005-01-25T16:30:30Z,52fb42c98bcb1a8358c427eadb512b21b18dae8abaa64df535c5136ea6672362,eqv1_a2gstwpqxecsbgbdmld3xihmia
m5_6,ec7eaa07b32f9f61e36be965dd3a60b6b89698ca54457948ec74750d883763cc,eqv1_7bnpc2byugr4gg6k7dipwiup5i,2005-02-15T11:16:16Z,5.1,5.1,1,2005-02-15T11:16:16Z,2005-02-15T11:16:16Z,88d103c41c6003cc53ede325ecf8d75372d6138d063b3af660620e17a015d547,eqv1_7bnpc2byugr4gg6k7dipwiup5i
m5_6,926435d66b90ed0f93f6acdb4f92d17bfbf8e7d5b076a3448f75f4614600bd9e,eqv1_zkqsak5qztxz6qbcwp74enjzmf,2005-04-06T08:44:44Z,5.1,5.1,1,2005-04-06T08:44:44Z,2005-04-06T08:44:44Z,e4270853df16835e142bcc4de99f20c022e7c85a298b83f79fab8ffa435e50f1,eqv1_zkqsak5qztxz6qbcwp74enjzmf
m5_6,b3a424ce4f26c1d1ea65517fc763acaa0a561cabee9d6667952daf70bd794acf,eqv1_enn2fvxu4fwvvlbaxs4x2fwsnd,2005-04-07T21:41:41Z,5.2,5.2,1,2005-04-07T21:41:41Z,2005-04-07T21:41:41Z,dcb5f964b94a4819533f97af1df47b89a9ea47ee66d5257191aa846ca3f3facd,eqv1_enn2fvxu4fwvvlbaxs4x2fwsnd
m5_6,b93727c9ba42bd4a03d942f7c47e08ca3844726d7b6da3c4db5fb0eaa67e75ed,eqv1_gku7zqc7milqpj6gwu7dq74lge,2005-06-01T20:06:06Z,5.9,5.9,1,2005-06-01T20:06:06Z,2005-06-01T20:06:06Z,405d2601289b8bb9120920cbd51d9887bf1c2c0dd17c238357fd97db2e44c950,eqv1_gku7zqc7milqpj6gwu7dq74lge
m5_6,f830995f1c84d14f1165f72476b2b1e036cc1c7989e347fef2361c0e3935c3a4,eqv1_5e5kjbmhnxyev3fntbiyyvkk7x,2005-07-25T15:43:34Z,5.1,5.1,1,2005-07-25T15:43:34Z,2005-07-25T15:43:34Z,5dfad1d0797ef651fca626c3e613f941c6d9fbb019cbac9fb1a92e9b16d0625f,eqv1_5e5kjbmhnxyev3fntbiyyvkk7x
m5_6,b99ccaed1da4ec2202240f25ed49557af4322304b02bd00a027112e63f783ce4,eqv1_if3tlycuzoqo47nbfpaovrvonp,2005-08-05T14:14:14Z,5.3,5.3,1,2005-08-05T14:14:14Z,2005-08-05T14:14:14Z,cc86dbdf141505ee0c8c63187af0d34078e383574b2d7b22a98892a0bb7f15f5,eqv1_if3tlycuzoqo47nbfpaovrvonp
m5_6,93728646b6b8e4b2e1f41bcf85d37345a3805235d44d09c0b3414473a4898934,eqv1_735xfgjnruxxkaayr4ttjpjaje,2005-08-13T04:58:58Z,5.3,5.3,1,2005-08-13T04:58:58Z,2005-08-13T04:58:58Z,8be58e43151d8dc0bcaa0b88d70a4d19b41d31571d8b526dbfc6e04d7418a03b,eqv1_735xfgjnruxxkaayr4ttjpjaje
m5_6,562a2c2d3c09b64796db7aceaed5c40b1f5cbb2d6455a52d1448dc84a0378c67,eqv1_rgmkfg2xkdwxfeogivrb4qiful,2005-08-24T22:32:32Z,5.1,5.1,1,2005-08-24T22:32:32Z,2005-08-24T22:32:32Z,d6c9b53f9f60467c9c922e4a3eccfba2aa66b06dd8368cbac6eee0165978e670,eqv1_rgmkfg2xkdwxfeogivrb4qiful
m5_6,8ca62bf23acdb2bdf7d3246f6a595f1a4b9eedc09887332f0ccf8c251e14d9ee,eqv1_khi55wcazkd65c5ty4mlong25x,2005-08-25T21:08:08Z,5.2,5.2,1,2005-08-25T21:08:08Z,2005-08-25T21:08:08Z,a72f283cfd483b5ea8a1ee741a75fab1d82936586a02ad5667c824590802aaf5,eqv1_khi55wcazkd65c5ty4mlong25x
m5_6,5d689171923c58f8412db7daef7a11da97185eea1dc35b7142bfc420b66c5252,eqv1_fdsnjme5h4hha4yjwu3pnkwd3m,2005-11-26T00:49:49Z,5.7,5.7,1,2005-11-26T00:49:49Z,2005-11-26T00:49:49Z,98d856faed213a9c8a01577fe74ee95c86a17d1ba2a845a1e9ed294058afb23e,eqv1_fdsnjme5h4hha4yjwu3pnkwd3m
m5_6,014a1bc636ccfee4e3b7131bb95517e5d209f889b653df6e6d1fbd71c3809ecd,eqv1_inb4znxzi7ed53l734yrymxuzp,2006-01-12T01:05:05Z,5.0,5.0,1,2006-01-12T01:05:05Z,2006-01-12T01:05:05Z,e901c17d5e0e5bb58fd4bfb3fa8a8f31da05ac72daa75fbea779838faf439bb8,eqv1_inb4znxzi7ed53l734yrymxuzp
m5_6,09ce2a5c729bb4b27d38c516bff4ac0819985f673fbd65fc1ccb48d1f0141312,eqv1_icpy2ciyd3ut26hxa7ohh2d32h,2006-02-26T02:13:13Z,5.5,5.5,1,2006-02-26T02:13:13Z,2006-02-26T02:13:13Z,3e5a57ae656949fdb80f7e671e848f8634948042e54113ef0db53ffc0614f7cb,eqv1_icpy2ciyd3ut26hxa7ohh2d32h
m5_6,53a8c15a220e8d954c4f4077672636afe5f9f5dd1945cbfc2b392828a44f8e28,eqv1_cko7q7johw3ah3qgww25fjxbm3,2006-03-29T23:38:38Z,5.2,5.2,1,2006-03-29T23:38:38Z,2006-03-29T23:38:38Z,4584b7898a8e2cd7a29e23ca40177ba6d9f193349760d188036552d419c17561,eqv1_cko7q7johw3ah3qgww25fjxbm3
m5_6,4c0a0374885b420d905882c98003b587d58a08f9060bd0f1d9adeffdc5fa6e59,eqv1_lytn27x253fbzzug5imqan6skd,2006-03-31T12:23:23Z,5.0,5.0,1,2006-03-31T12:23:23Z,2006-03-31T12:23:23Z,b817407f263f7f86bfb31947c4c41ea1de2579828d011b4a0e0e8b8d7b6611d9,eqv1_lytn27x253fbzzug5imqan6skd
m5_6,367e4d749c1eca0126e3f331e9a0a36076ac1f4d655a97436a558a46c37fb0d6,eqv1_d643p5z652qi2yrzb6gcgbbfxs,2006-04-14T09:27:27Z,5.6,5.6,1,2006-04-14T09:27:27Z,2006-04-14T09:27:27Z,972e49f2a5f145439ceecb3a03c915c77eed4a75b41b01febbc5ae1cd91d94fe,eqv1_d643p5z652qi2yrzb6gcgbbfxs
m5_6,641f9aac140870c3267de25675c1226cc9be4d84cdfa578078905666fe683229,eqv1_w6lo6i55qwqj44th4wteib5f5o,2006-04-19T21:05:05Z,5.6,5.6,1,2006-04-19T21:05:05Z,2006-04-19T21:05:05Z,baef0fc933034aa4cf29a0ddd95d3d5619bef700e418226dd732feb812cff05f,eqv1_w6lo6i55qwqj44th4wteib5f5o
m5_6,7c8aa7072748df2f1aea249c312fd062225876c6c18aad87b06eb3266461bac0,eqv1_zh6p6thf6xxlxtv37r7m6cwtga,2006-06-20T16:52:57Z,5.0,5.0,1,2006-06-20T16:52:57Z,2006-06-20T16:52:57Z,690b78eb6ae6de0195d40060559a3b7744a3b0d3174b65b1f3e4f74dbfce6696,eqv1_zh6p6thf6xxlxtv37r7m6cwtga
m5_6,9ee79bee6936a84ec0f7329378d04f2118265c286a14a54cf0a158a0ffba650c,eqv1_ke3q3nqj2nxeswbnh6qzy5xcgx,2006-07-04T03:56:24Z,5.1,5.1,1,2006-07-04T03:56:24Z,2006-07-04T03:56:24Z,3ba9ad39c2f68f4b07e33fc1aa6b16e63ded39f48a139504f78e78d836838709,eqv1_ke3q3nqj2nxeswbnh6qzy5xcgx
m5_6,946c3b8d2cda3dfe9ef430ae7190758553489adb030f4585445ee33d1f86f387,eqv1_vvan7ivbrvktsrjlq4d5bvroeg,2006-07-17T20:41:54Z,5.0,5.6,2,2006-07-17T20:41:54Z,2006-07-19T09:53:08Z,376a775f3a967f90cdba93ef9e8b51baab08e0cee8e184ec0336282486efdbdf,eqv1_vvan7ivbrvktsrjlq4d5bvroeg|eqv1_spu45cesnqddbv5ujbbiqncx3y
m5_6,5b6f229305739104e114774f157dc63a62b354a9b535b8847495f9ed2ebcfab5,eqv1_457jbxccalzeyaubwyqqff6tqk,2006-07-22T01:10:23Z,5.1,5.1,1,2006-07-22T01:10:23Z,2006-07-22T01:10:23Z,0edf2dcaddd5928f91df488ff18dd645ecb075eae81ca5389ce39e993ad03d4b,eqv1_457jbxccalzeyaubwyqqff6tqk
m5_6,ef432f5ca1ceb41d422ff04e364d1fe40cac4743fde05384666fa4e975c43a38,eqv1_mut5ech52wfjx3kkoxlddf6p36,2006-08-25T05:51:43Z,5.1,5.1,1,2006-08-25T05:51:43Z,2006-08-25T05:51:43Z,1b7e7b9e072a79232a818e5996632e30021be3ad43f8f6bfe1785404b65f2367,eqv1_mut5ech52wfjx3kkoxlddf6p36
m5_6,8c69a1dda49008a8da00c6513bf34a13f25f943887e9ea701244c6e7d9584bfa,eqv1_unrucmnaujespxerce3newmosi,2006-09-11T18:12:21Z,5.4,5.4,1,2006-09-11T18:12:21Z,2006-09-11T18:12:21Z,f7a3861c94f04d02d7879d7dffe11473f2fab01143bac1c307cb97831374b041,eqv1_unrucmnaujespxerce3newmosi
m5_6,03247e36fe0aaaca66cd6e959e9e10203e467340a711aca74c2d9a2ca901c8dc,eqv1_ea5vco3iyce7vpfetum6kqegve,2006-11-23T11:04:43Z,5.1,5.1,1,2006-11-23T11:04:43Z,2006-11-23T11:04:43Z,191e748bd8851a0a59a425da7c07e0fde697141dc67ff0b4f516b358652706ff,eqv1_ea5vco3iyce7vpfetum6kqegve
m5_6,cee46f8e0fd5c275e12296067dc09c58841282faa281686357b698f0b788bb68,eqv1_tngh7tmcc34xjtercejp6mfyhd,2007-02-02T22:32:21Z,5.5,5.5,1,2007-02-02T22:32:21Z,2007-02-02T22:32:21Z,437d585753a882fa58f408c32b016a44d42da4da1639567b3774143b995c30ec,eqv1_tngh7tmcc34xjtercejp6mfyhd
m5_6,2d84f9bbac9102a7d45c9e9473384bf47f1d730b3a2a0a6d20eb6ec40be22cb0,eqv1_p2g6vxcnujna2arit252leiopv,2007-02-25T01:49:41Z,5.3,5.3,1,2007-02-25T01:49:41Z,2007-02-25T01:49:41Z,9d0cf3344f654e68ea84dcc581d60c24df1c75f2f2e6f832317255ecd92c17ed,eqv1_p2g6vxcnujna2arit252leiopv
m5_6,9def8e3ec19061f5bdd564a1d654b3b60b49896ea9eab934c16e0e59c652e4a8,eqv1_icxgpuwdylcbeuiwga563trlo2,2007-05-07T11:59:49Z,5.6,5.6,1,2007-05-07T11:59:49Z,2007-05-07T11:59:49Z,0ef76eb435e7fd2d8e87e54301097698efb1cbb24392057782c89956771d7b2a,eqv1_icxgpuwdylcbeuiwga563trlo2
m5_6,585ef752fdceeba973edfe043720f55be909060e769f9b35ce38a54381b4f6ab,eqv1_3undtlmb2mfvvzuotvn7cfamdx,2007-07-20T10:06:53Z,5.7,5.7,1,2007-07-20T10:06:53Z,2007-07-20T10:06:53Z,d9dd4983ef11b7de13e729a3c11ed9e31e636464df5bd0ee370c77932b0ac64a,eqv1_3undtlmb2mfvvzuotvn7cfamdx
m5_6,f5ba2222bc16cd16f5b1b13551bf12f909de002be8112d4b3f2e9d127ce3e1a0,eqv1_rjkahqmvj7phrb4k4cqmztccae,2008-01-22T18:43:36Z,5.5,5.5,1,2008-01-22T18:43:36Z,2008-01-22T18:43:36Z,647746b665736a4e7dd0cd93ed9bc8be8aa652736c324c223b26bcac85648f9f,eqv1_rjkahqmvj7phrb4k4cqmztccae
m5_6,e474a675b36ccbd2d5d8f61df9f4552f3221c3d5197f81a897cd596f012c753b,eqv1_yjir6csvildxm5kyelacmta56r,2008-03-20T22:35:10Z,5.6,5.8,10,2008-03-20T22:35:10Z,2008-03-26T10:39:24Z,2fd2ac377c3be1f668e7e85c9223edb857e95921ad36ac8373d7a8d418a13eca,eqv1_yjir6csvildxm5kyelacmta56r|eqv1_kwqaibf54r3mnbk3q6hj7pqria|eqv1_a4s4aa5rf6noplgpiuheqt5e5b|eqv1_ac3uleycrnrupdmx27yqhyhzpn|eqv1_pzxvemmrdyek7brs5qckhudz74|eqv1_tozlcbnyqz7un5wrursteehun3|eqv1_fjedvjwve57lqg7yjj57kcg4bi|eqv1_rqokhq6e5tvygrdgnyowgznegi|eqv1_llayfuwblemxzcnlec4cubnkea|eqv1_pie2av7kh4tifnec7jvcjanutg
m5_6,9b8e0527d58f4b0b1377f2164a1c12a48ffbf73ec234343f87e9d12533188419,eqv1_bss4aky3vxsnpzvtgvtul3itge,2008-03-21T12:36:56Z,5.0,5.0,1,2008-03-21T12:36:56Z,2008-03-21T12:36:56Z,7f88eeceafe3b631c37b683b8c37a305372a3c90eb6fdbd879d65626c28dfa00,eqv1_bss4aky3vxsnpzvtgvtul3itge
m5_6,e136a8ce91c282639dd8ad2e3bb3bddf323ce3e6c3956c9636d003654f4133e2,eqv1_spy2abxkxyswlk6xqexw5pnj7f,2008-03-30T08:32:29Z,5.0,5.0,1,2008-03-30T08:32:29Z,2008-03-30T08:32:29Z,de0cc954fa0af4ec2c6ea9228cc63938119cb3d7ff80fe3770e66c72331b28f7,eqv1_spy2abxkxyswlk6xqexw5pnj7f
m5_6,fe2f733c1a99b49b49db72fa97017608c2a66edb92c0f47f12137929c5278c08,eqv1_qpb442f7irjohgdsnv3xbpxs6r,2008-04-20T13:14:49Z,5.1,5.1,1,2008-04-20T13:14:49Z,2008-04-20T13:14:49Z,4539e148fdfe4c8ff82c3a1d065816eb66709fa59c60344c7c28e86aef7b9397,eqv1_qpb442f7irjohgdsnv3xbpxs6r
m5_6,2a14cfeb3bf0d32a4339db2cab9c2e34ebf5159d1e5558a539e3312991a79640,eqv1_o4qjqiequhlg5hrsyvukmmnl44,2008-05-12T07:34:48Z,5.0,5.9,19,2008-05-12T07:34:48Z,2008-06-10T22:23:20Z,7e1134d46748a987144d21e3ba86e2beb1a4a67f2b3b33e1d0ec9dddf9fcd08e,eqv1_o4qjqiequhlg5hrsyvukmmnl44|eqv1_haw4n6r4fmrc22dbwrkcmmpysw|eqv1_nsbdtw5n75el6eyf5kyjwjyyqr|eqv1_23g4kzch35r3sdjbjgf7znbyq3|eqv1_jkunpppenupa5b6l3q3bzjhgun|eqv1_6xjnf6g26lye2cg6jdt3suhb2a|eqv1_jwog5gbl7vdat2wtpya4m4wk5u|eqv1_bgjmyuovlxbzseqphaqmbpi2i5|eqv1_wdq6tqisvno2rcsbmaaomzefhd|eqv1_jxxtkxvh4bsgswuj6ffmhnofxe|eqv1_jv47l7bmbjvujjjrx2xybbr46z|eqv1_oey2mo25hiqzegcmprjbxwenlk|eqv1_ckh64binznrk5fhxpd7r72tbbr|eqv1_no46flz3kjsf6aqw7hrrd4tl2p|eqv1_k77bvqf6pvbg77kesxruo7ft7h|eqv1_vcvqys7zkee2pw7dd36yxfz77t|eqv1_lavde47xayj3eoonwno7nvfn2r|eqv1_kk5fe2dem42xvsr7lpct3mywl7|eqv1_sougkcc54wwrqhelhol22ybpzk
m5_6,e806f6997b73c03442e896c09fda21ca37bd91a5c0a92df5998997ef747ea487,eqv1_b6dl32xzilo7a5gfx7yd6bo6nm,2008-05-12T14:46:09Z,5.1,5.7,6,2008-05-12T14:46:09Z,2008-06-05T04:41:08Z,9002198db5a7e87a8e3042f5f38a883f379a950f035b61d1042a3c446613cee5,eqv1_b6dl32xzilo7a5gfx7yd6bo6nm|eqv1_yyrpqgyodq6lspdpwkgdjdwcoo|eqv1_y7r44fbwwvhb5hwlhhp3ulud5t|eqv1_s6rnyxgjvpcqkbiy2quwlontdy|eqv1_rf4qbcfpkvqbtxh3oanizkbdn2|eqv1_52q2otglfrqqxqywhmjwkgtxhx
m5_6,68d4481bbd320160540feaf01b289ba6063837e9934120e0e7ed7080a6b6c5d4,eqv1_tnx6unhijezczncrzyuw26kh7p,2008-05-12T20:45:32Z,5.2,5.2,2,2008-05-12T20:45:32Z,2008-05-14T21:01:08Z,307c2403de659bd28659dd0e35d32e3a71aa62d5bfce852bb2e943401e332ba7,eqv1_tnx6unhijezczncrzyuw26kh7p|eqv1_pbjv5isjsf2254zkce7in4qwus
m5_6,2064388b21adaed8fef9883edc44f185f9c931099406dd74f7a57851bfe4853b,eqv1_4ufrrxko6r2e7cu3czwnr5z7lh,2008-06-08T17:56:24Z,5.0,5.5,5,2008-06-08T17:56:24Z,2008-06-18T08:12:15Z,a5215d7f90cb054b8a82cce8fe0520c07f89ff507bf4dce740f98bfef8b18925,eqv1_4ufrrxko6r2e7cu3czwnr5z7lh|eqv1_miz34toww5tj42hr5vyoa7kpee|eqv1_k6jm5y5r7oegocv6dj3n47xial|eqv1_xizzudaoxad5nf6qgue6sn5a5g|eqv1_nq6fncioai4xz4wdgz2xi35lnj
m5_6,ef0f557c36b252f306af17abbc5917abeecd8ae4cb59de1bb52819f09fc6e811,eqv1_wgfipqbfau7n4n33n2gtn6dfsf,2008-06-10T06:05:04Z,5.2,5.2,1,2008-06-10T06:05:04Z,2008-06-10T06:05:04Z,2e076e4694921a768cfb9f1cd64ade362fb39005f254a6013f6cf727f6147829,eqv1_wgfipqbfau7n4n33n2gtn6dfsf
m5_6,ebcb6e4df2e67030edf8acb0823b7878016d42adc533e99b153b7075f006c07c,eqv1_6f3fsfhp3qn6y5vimic4grkz6s,2008-06-18T05:23:34Z,5.4,5.4,1,2008-06-18T05:23:34Z,2008-06-18T05:23:34Z,da18edb52b71fe7fcd9a1b740735271ad1d8f8cdab7aaf12c0a81b7d197fb34a,eqv1_6f3fsfhp3qn6y5vimic4grkz6s
m5_6,f97adf2a1bb55256d4ee78b788a8b77f82648bd42583c343aa3d978774db0702,eqv1_26umv3zexzzczwj4pmsmfemb4y,2008-06-29T12:47:28Z,5.5,5.5,2,2008-06-29T12:47:28Z,2008-07-02T20:23:00Z,4d08822dea986c1abb14851657237b72c8110cbe31786c2a8327907db4ab2865,eqv1_26umv3zexzzczwj4pmsmfemb4y|eqv1_urkg6tj3aqr57xwq2fuwtcyd6d
m5_6,467dd19248468b93c5ed1dde8dc529587af1a6858d5cc3f64e1fd8bb63479998,eqv1_zbahoko35qh5zcqchiedq2bikw,2008-07-15T09:26:21Z,5.0,5.0,1,2008-07-15T09:26:21Z,2008-07-15T09:26:21Z,c055eaab40d873ccf9ee351fca451a062e14da2fd2435a202baba6131be9b1d7,eqv1_zbahoko35qh5zcqchiedq2bikw
m5_6,8e7493ef47a45d50633631d645df78c9065b0e45d1121bc41bcbda080452d3d5,eqv1_zuv4y7sydup3xwdyiwhbjlezei,2008-07-16T22:58:22Z,5.3,5.3,1,2008-07-16T22:58:22Z,2008-07-16T22:58:22Z,7762cc94f9f00c5dd23690d4b2dcfe8fc3da132e667cd8c7589d4752675ebb38,eqv1_zuv4y7sydup3xwdyiwhbjlezei
m5_6,35e96b82e32b49c73be8f194bba1dff529d81671b666987e4456cbbc89978baa,eqv1_pt66qb5pmezmq7mixii3mgwuqt,2008-07-23T19:54:46Z,5.6,5.6,1,2008-07-23T19:54:46Z,2008-07-23T19:54:46Z,fad9a32fd550b73bd40107a2b6e7a5a176bc836c46dd2ad4221b868a41ad2ebd,eqv1_pt66qb5pmezmq7mixii3mgwuqt
m5_6,00f26829d20917d09b12c9c16bfae228568e1c814dd3509047003cbdd94e2ab3,eqv1_wq2vzs3ng5vyrev5xq4ylkak4f,2008-08-07T08:15:34Z,5.0,5.0,1,2008-08-07T08:15:34Z,2008-08-07T08:15:34Z,0394ffaef6965a2a914b495d2f266151e57cda884d6d1e83208dc873de0396ba,eqv1_wq2vzs3ng5vyrev5xq4ylkak4f
m5_6,faeaaf90895cb347804b231e0fe99f0f5f615ca46a7ecc01cf447a47cf2d24e1,eqv1_6tmnikohlxofxo4d44kpxy3k7h,2008-08-19T21:35:10Z,5.0,5.9,2,2008-08-19T21:35:10Z,2008-08-21T12:24:32Z,497efcff3b5651b61213273732c51b976470185c0767d99af36c0df43ac6e35e,eqv1_6tmnikohlxofxo4d44kpxy3k7h|eqv1_oowis7k26as27qdgd5mnuuqyih
m5_6,8ddd4f16251a8753db532e8afdb17b318fdf071c10abd5cc58d42cef5f2a8363,eqv1_su7hv4jaubweyeli6htd33bqqn,2008-08-25T13:39:01Z,5.2,5.2,4,2008-08-25T13:39:01Z,2008-09-10T01:28:12Z,e831ccc5a6ee1ed425dee71427f1cfa88b5ce95d52a22c4d944a4858346158a5,eqv1_su7hv4jaubweyeli6htd33bqqn|eqv1_pkaqnrzgl2lkvz7af3jibdk2th|eqv1_65o4wepydiuhmh5w7qci55kiyj|eqv1_xhgxa3gzyezlh3imegopr5etaj
m5_6,da8cf49046af727721a6f65ff33ff333b4ef785476a914477814ef690a3d9f21,eqv1_fundmqt34kjqvkehssy3rlhysh,2008-08-30T12:46:46Z,5.3,5.3,1,2008-08-30T12:46:46Z,2008-08-30T12:46:46Z,d9933264619c13b55a8e88c1f0e1f0d8b4c2aee8ab79dfe87982d912aeae87d2,eqv1_fundmqt34kjqvkehssy3rlhysh
m5_6,f4237c0022056db9767aff94924d55fd67674e819b56b5e44116deb48bf9dc54,eqv1_v3wiw3cujx6pn27lkmwt7wqywq,2008-08-31T08:31:11Z,5.6,5.6,1,2008-08-31T08:31:11Z,2008-08-31T08:31:11Z,48f6b04132fb5ae4a03e48a76a34655fdf56bf13269d82b9a0979bc7a0c0bdb8,eqv1_v3wiw3cujx6pn27lkmwt7wqywq
m5_6,3b44bd6620b2b64bd5676e8d7de8dfee7eb7e2d6acc25e2dad4b67c2ce1d9f40,eqv1_smef4ghueshlkqfajdt6ysoukj,2008-09-11T17:38:59Z,5.5,5.5,1,2008-09-11T17:38:59Z,2008-09-11T17:38:59Z,bc13bd6fa81c672358a5336e102b0b0019b183be2aa966f1d116bb20cec38756,eqv1_smef4ghueshlkqfajdt6ysoukj
m5_6,f62bc6ef7420a8be828bee8dcb807827b711601a0403bcc2c26b723cfa01eadb,eqv1_3ezw3ape7boz4oji2l5kveme7k,2008-10-05T16:11:12Z,5.7,5.7,3,2008-10-05T16:11:12Z,2008-10-13T16:05:20Z,4f4a69e36c04fd09e0fc76417c182091bdefa3f59563df557b38fec61cba5dda,eqv1_3ezw3ape7boz4oji2l5kveme7k|eqv1_rl3bcufad6ebzeogdd4hs2hwh3|eqv1_hgtb37q7pogyjlfeslvdrtkpjb
m5_6,d463ac71938e1440c25b9fddf541a10ec2bdc4473d8b46249eafcc0475190d18,eqv1_2ywsiri6wuqro4uw3jyxagon2w,2008-10-06T12:10:32Z,5.2,5.4,2,2008-10-06T12:10:32Z,2008-10-08T14:07:18Z,c18552aecb2044a4ee8b92789cdd8d76d71cd6704839911bc8358dc3edc2d805,eqv1_2ywsiri6wuqro4uw3jyxagon2w|eqv1_qlugeuowqosw5rxn7szbxsb3m4
m5_6,8ef13c36ee73de74d5656b7f0654f1fbba6797c445f5c0d7287a72b20a208430,eqv1_3yfdoqr2ouj3rezkg56joqq5du,2008-11-11T21:56:05Z,5.1,5.1,1,2008-11-11T21:56:05Z,2008-11-11T21:56:05Z,27727c3bd3ab161d58d11e49eccefc80c94c8ee56c843c0f6aa080a0a02b8c83,eqv1_3yfdoqr2ouj3rezkg56joqq5du
m5_6,1f89487ffc175b1e8f97da1ec44e38792394d8c1fd6c071849b3f1976a991acb,eqv1_j7zq5wzk6pmzgouc2kzi7ffjet,2008-11-15T22:59:50Z,5.1,5.1,1,2008-11-15T22:59:50Z,2008-11-15T22:59:50Z,5006aa88863f44b8230cab59bb8d80e5bdc52667b9c6f6727a629fe9d1a511ed,eqv1_j7zq5wzk6pmzgouc2kzi7ffjet
m5_6,5c794a11376c6684270b6d2cb2254c263d79d9f224d28d288cb117afe0ba166f,eqv1_n6rajeytiavtnzcczw5aqvh26x,2008-12-09T18:53:11Z,5.0,5.0,1,2008-12-09T18:53:11Z,2008-12-09T18:53:11Z,75adc110a7d5d1026b1ed62ede2d42b49710a9ad304df9a4c0fe46a9d2839737,eqv1_n6rajeytiavtnzcczw5aqvh26x
m5_6,d719843e418dff732c0ec53f3ee803dc553ea81b4afdd38ceffe9ec9c621f944,eqv1_svu37ix7wakb2nwq6unmb7ik77,2009-01-14T18:23:36Z,5.1,5.1,1,2009-01-14T18:23:36Z,2009-01-14T18:23:36Z,5840fc206ab7e8027258de5e6c62a1fe1cfe3df6158586cea28cc6d822953982,eqv1_svu37ix7wakb2nwq6unmb7ik77
m5_6,4be69d6d96e28ad110b6f8d2c7bc7fbd6780df19cd4621637daea15bad641423,eqv1_4zbwuxisgtghbzgu7iw2qyojqy,2009-01-25T01:47:45Z,5.0,5.0,1,2009-01-25T01:47:45Z,2009-01-25T01:47:45Z,3b39c953eca5412fa904a25fff970528a504ba15251304915fca91d25611f91c,eqv1_4zbwuxisgtghbzgu7iw2qyojqy
m5_6,fc86c176424ec0e7cebea4344b1f7e5161d2ec3ed12a88f90efa890fdfe9c28f,eqv1_l7zcmj6k6ld7jwmdfsjtqe6kbn,2009-02-20T10:02:29Z,5.2,5.2,1,2009-02-20T10:02:29Z,2009-02-20T10:02:29Z,83ea5222a91c9b5e39dd3bf93d0684cb8bbc74b5f358bbe6af169d40c95b5b38,eqv1_l7zcmj6k6ld7jwmdfsjtqe6kbn
m5_6,a14ac7d59430f8fe29beb2c5937dbaade76b157e0f3aa971095d107ac3a043ba,eqv1_ipxsns2swlccmcvv4fc7zi6tp3,2009-04-19T04:08:18Z,5.5,5.5,1,2009-04-19T04:08:18Z,2009-04-19T04:08:18Z,91289a0b3f8a006cdd887eef78e0860dfa730419b43aa8b9a9b0676d1ea8163c,eqv1_ipxsns2swlccmcvv4fc7zi6tp3
m5_6,1fe2581f554b3b19714e867613e16539beed247a2a1e09fdc86e380124410cf7,eqv1_gms3qx7v7462dvzsx2uzxmn7zw,2009-04-22T09:26:07Z,5.0,5.0,1,2009-04-22T09:26:07Z,2009-04-22T09:26:07Z,dbff683f3a3215a7a004e763aa5900171712d0af25047cb9f5b19183aaa23f75,eqv1_gms3qx7v7462dvzsx2uzxmn7zw
m5_6,7392228468e53eaebf64a8b792016bfa0fd3c53aea4bb91f63a4a2a0dc3b6066,eqv1_pkymzflrgdzeqllkhdcgj3lgqi,2009-05-21T12:33:54Z,5.2,5.2,1,2009-05-21T12:33:54Z,2009-05-21T12:33:54Z,a9c790e23cd1c3fd3b3393ba00f1e12694ba9fda50410ba389b36cce825db8fd,eqv1_pkymzflrgdzeqllkhdcgj3lgqi
m5_6,07d0021a0f5cb7dd2afc50e3939b4e0d371c1d889084a83f5312240ff90e08c1,eqv1_w7sdne77f3n6xx6abq5nv4wutw,2009-06-29T18:03:50Z,5.6,5.6,2,2009-06-29T18:03:50Z,2009-06-30T07:22:19Z,652c54da7e57c4515a1d498ab52ca798754306cd2667a939ca62ecf94b5b0126,eqv1_w7sdne77f3n6xx6abq5nv4wutw|eqv1_nmytuka7f6dhkjj5j2livxjnyc
m5_6,13a84cc7cf3526f24e0c9fed4727e88283e246fc486c15e6655e1c9bfce9ab21,eqv1_ofzijpvutnnyf6cmfx2ei4dpqr,2009-07-10T09:02:00Z,5.2,5.2,1,2009-07-10T09:02:00Z,2009-07-10T09:02:00Z,682f64c75838bcef47233893a7f7d8c2971ee77991f7cf7278b1b57da37cec2f,eqv1_ofzijpvutnnyf6cmfx2ei4dpqr
m5_6,c282a832770d13170793179406f8a5a9abd72661b30b04e3ecba77eee5ebea65,eqv1_lgowtanlcndgbnt5ft7atygqtp,2009-07-24T03:11:58Z,5.6,5.6,1,2009-07-24T03:11:58Z,2009-07-24T03:11:58Z,61dc6aa641c9cf6473b33bb8465d1b82c7c99b8a3f44892dff6c88d3e7d3b3a5,eqv1_lgowtanlcndgbnt5ft7atygqtp
m5_6,10499f2fecc2499fadd52f4a431d43872329219749d33c1f2c2023c5a6199c00,eqv1_pjzgwkj5gfgn7cks7g3tklaykx,2009-08-28T02:14:56Z,5.3,5.9,4,2009-08-28T02:14:56Z,2009-08-31T10:15:27Z,7d5923ed8995f203f175850d4bf88c8c16b6832a76852ccba29d442f83ec1dcf,eqv1_pjzgwkj5gfgn7cks7g3tklaykx|eqv1_35ahg4yaylocnmonu6mztgzbp4|eqv1_fgprha4ctjxsxwtakjzsrf6l7f|eqv1_uurtnqp2247fw2ay7ib6a54jm7
m5_6,c4950599ebe17a9e1c911ec920d5a4ed66dc1378ed39bab9ea499f22b0e9ca3c,eqv1_e66l5lfsqeeaqiz7pofaqeysh5,2009-09-19T08:54:14Z,5.1,5.1,1,2009-09-19T08:54:14Z,2009-09-19T08:54:14Z,c01329851521045eccac941d56f19997327416c0d06a5334d8204da0928fa703,eqv1_e66l5lfsqeeaqiz7pofaqeysh5
m5_6,f88a0f48989733a5be3dfdf5458e278dd236da25b0e6ba3589e655ac3f4bad9e,eqv1_jomtmunjpz5p6r755rg2s3yhth,2009-11-01T21:07:16Z,5.0,5.0,1,2009-11-01T21:07:16Z,2009-11-01T21:07:16Z,ea157dcd207dba977522411ee46f07c41b1602a7b8a0af2d6f0b20c817956517,eqv1_jomtmunjpz5p6r755rg2s3yhth
m5_6,72813c82512f3db24ae18d0589406a0f6a3254b7f8875b8bb8cd9b0c00d1ccc9,eqv1_ibjl4t6zhwzxjtrjv4mxtflyzq,2009-11-04T21:56:09Z,5.1,5.1,1,2009-11-04T21:56:09Z,2009-11-04T21:56:09Z,4a7b3bdb0bc778914aa2729eae16f3d49bf2ad8bbb4720c437fb91296198b988,eqv1_ibjl4t6zhwzxjtrjv4mxtflyzq
m5_6,9237615cd76e61402b663d77283866e75c50a22fa1b657a00f662826cc450545,eqv1_5wrs7xkkrlgrbrad32sxdsb4fy,2009-11-07T20:08:49Z,5.6,5.6,1,2009-11-07T20:08:49Z,2009-11-07T20:08:49Z,ff65aaebe2eea878e28ae4440c80fe99726e951d550fc3ae5de8103d9e811d2e,eqv1_5wrs7xkkrlgrbrad32sxdsb4fy
m5_6,a3ea47b6b5f71c9cac51aec91e0deedebef8fe695717273eaa83b2fe3b8b2f1f,eqv1_uajtl6r5uh5x7bwv6c3veyntyw,2009-11-27T16:04:02Z,5.0,5.0,1,2009-11-27T16:04:02Z,2009-11-27T16:04:02Z,fcdddc07f3afdbed3b9adb0e684a593ed646ec69d8262015f23c124c312d389e,eqv1_uajtl6r5uh5x7bwv6c3veyntyw
m5_6,bc73d370c9c0034ed07dfcd6179a7a2b099bc8387e2fcfc5ae757057c9c9fd50,eqv1_uh4chxzovvyicwkvhwnhgafcan,2009-12-13T16:03:58Z,5.1,5.1,1,2009-12-13T16:03:58Z,2009-12-13T16:03:58Z,34eb6d216acd5ce01417f4cd4a8e31eacf48da307b010d4f662edeb7850baa4a,eqv1_uh4chxzovvyicwkvhwnhgafcan
m5_6,505fa35d04cf50c010b363e7766c0836ad437751e7629455071627efff2c7e2b,eqv1_fjnb65maw272necgzzyeiiz7gf,2009-12-21T05:15:10Z,5.0,5.0,1,2009-12-21T05:15:10Z,2009-12-21T05:15:10Z,5638d837c29907e6c380fd51bb5a1481304333a38d2b7f0a2311864147d10344,eqv1_fjnb65maw272necgzzyeiiz7gf
m5_6,a2ed7a8fc6391cabb2377c886c7338cf6cd96c7675f5a8f848b8b07ed548bfbd,eqv1_zxtjz5j2goobcr6zw5duwcpujt,2010-01-01T02:22:29Z,5.0,5.0,1,2010-01-01T02:22:29Z,2010-01-01T02:22:29Z,d7903eeccde83b51cfff46172c03fec77a97db9234e5fb49e506ab7a6a76bc06,eqv1_zxtjz5j2goobcr6zw5duwcpujt
m5_6,72f801941b9c9a722bf4c6ce7552b04f49dd35d07c3e2614952e5a168efb5b5f,eqv1_3msbk65ak5ce4ppo2sbwf72fyk,2010-01-30T21:36:56Z,5.0,5.0,1,2010-01-30T21:36:56Z,2010-01-30T21:36:56Z,4d593e8dd4dcdd86b513dc878889b440cd2c59416450f09c537c3000d442cf3e,eqv1_3msbk65ak5ce4ppo2sbwf72fyk
m5_6,97108a6e87682841b0a09d1eddabbe2f5cb5299afe8f01076ad6d166d332b8c7,eqv1_u27sx5keginu5fekkkxc7l6i6k,2010-02-25T04:56:51Z,5.1,5.1,1,2010-02-25T04:56:51Z,2010-02-25T04:56:51Z,7c3973e327e85e46b18fe5f4e92b32507ca81f439aff94e8c0e8d1229f308ad0,eqv1_u27sx5keginu5fekkkxc7l6i6k
m5_6,afb7599aefde7969e479b8d11755dce02dae9cb243b1f89c99da244213a1226f,eqv1_bien2efjnt4x6tlh5f6hdjba2g,2010-02-26T04:42:32Z,5.0,5.0,1,2010-02-26T04:42:32Z,2010-02-26T04:42:32Z,d8d42b652faf9c0489b59a7107915ce6390ceb899f3af1ff64ff9517f3fb8b63,eqv1_bien2efjnt4x6tlh5f6hdjba2g
m5_6,550c5314abf7488a5c1c5f418879c857384c8be9178825bb4b4bb1036c277d61,eqv1_fnop3suntgydtiz5mupnyq2ipc,2010-03-24T02:06:11Z,5.7,5.7,3,2010-03-24T02:06:11Z,2010-04-17T00:58:56Z,2eb8e46a51f55fa46aa39bba9d7a6522181956302698d6a76462a3a576d6278a,eqv1_fnop3suntgydtiz5mupnyq2ipc|eqv1_35s4nqjrxe6vgsmgtuihwnabex|eqv1_gq4zufrcdmfvi74iej7smb2x5u
m5_6,6b5502e699c58dd2bb6507789eb8525669c0f0f8888bd134c8fbb8b191370eb2,eqv1_jhl23zxemcllsruvipu7awdtog,2010-05-25T06:11:52Z,5.0,5.0,1,2010-05-25T06:11:52Z,2010-05-25T06:11:52Z,a9c4ec732a065cd171213f331f191239fd1490e942e335a3178057ddb60911b2,eqv1_jhl23zxemcllsruvipu7awdtog
m5_6,8351a82b2e6ecd6e89f2a47a290c6e9b97a691fcb6879108bdab95342614e5c5,eqv1_j4cbx663rgnalch4rl37zxd6ii,2010-05-29T02:29:53Z,5.7,5.7,2,2010-05-29T02:29:53Z,2010-06-03T05:35:44Z,0e4a386f4405eea6522d98ac8aaf751e4195076d73a792b780fcb8977ad5ece9,eqv1_j4cbx663rgnalch4rl37zxd6ii|eqv1_54bl77fhqtkwygwdrxqdu4lwpq
m5_6,906884e33fbf4fa7bbf0dae1cc5a4cb5593813546fbad0c4bd607e225d1010d0,eqv1_cok2qglm2gt474zm72ozeb2lzq,2010-06-10T06:38:03Z,5.1,5.1,1,2010-06-10T06:38:03Z,2010-06-10T06:38:03Z,a05607b1e3b223b36687d0b7d6d571fe9f4ee558383ed3fb2eb02fe5dd65020a,eqv1_cok2qglm2gt474zm72ozeb2lzq
m5_6,df58f6e1ba874b36ee097e9c997d13b570f800370f1d7c9af69a39f2322e59b5,eqv1_vzi3kqyoom2ad6w3e26werooha,2010-09-07T15:41:37Z,5.6,5.6,1,2010-09-07T15:41:37Z,2010-09-07T15:41:37Z,5b6cd89bfef71d11f1960b8b915d03b6091d4cd932fa4783ff616c4b55b1e94f,eqv1_vzi3kqyoom2ad6w3e26werooha
m5_6,37542fff842ce867748059b51429a39cb915068c25af0b633e0466ccf94bf529,eqv1_dfwna6uatpuv3hnfkar4tj2vmq,2010-11-06T02:12:51Z,5.0,5.0,1,2010-11-06T02:12:51Z,2010-11-06T02:12:51Z,a5c7d96858b9ed4a815dbd7fc4580b227234c942a09f47e0d0b3ea466ffcfb45,eqv1_dfwna6uatpuv3hnfkar4tj2vmq
m5_6,7f1b9a3c7d5313931f419bddc110128b1c230ed3ccdf26fc41a2361460c4da5a,eqv1_bamadecanmbwbwg6elzjwcnmqs,2010-11-30T08:39:59Z,5.2,5.2,1,2010-11-30T08:39:59Z,2010-11-30T08:39:59Z,2ce9df664992254bee909f0c7ec0de04e662711ebd7bdeb7d3083a19408c2301,eqv1_bamadecanmbwbwg6elzjwcnmqs
m5_6,0bbb80e8c8e4331373316d6553b053369dd68c5b4828c242ba89eae5495eb073,eqv1_qw5doytss2cibm37ti4xg4ul6a,2010-12-29T18:31:03Z,5.0,5.0,1,2010-12-29T18:31:03Z,2010-12-29T18:31:03Z,346344f433d87dfb87f25705ab677d9f04af80f26c3d4587ab3118cb180e9347,eqv1_qw5doytss2cibm37ti4xg4ul6a
m5_6,4d7412012c0b9449352864e4e23b28bb6c0fad1edb6e1ce484a58a5926ee50d4,eqv1_b2nvwq32fp5jifg6tiehvnvr5z,2011-01-01T01:56:04Z,5.1,5.1,1,2011-01-01T01:56:04Z,2011-01-01T01:56:04Z,3da8a75df55b671ac075b031f40d94b69dc6076513b46cd0f171b84c5771a807,eqv1_b2nvwq32fp5jifg6tiehvnvr5z
m5_6,a08652f4d92b37980699380e966f2a12eb2fd32b67179295f016970f5c6659e4,eqv1_ijpv645ubw6sblkod4nzgphcqg,2011-01-07T23:34:10Z,5.6,5.6,1,2011-01-07T23:34:10Z,2011-01-07T23:34:10Z,5b831c9d8896d785a11867a423ec610b209c0c49751bb76a534a03a0c8b2b720,eqv1_ijpv645ubw6sblkod4nzgphcqg
m5_6,83755d4f63b16b769c9b58f2c1b7a1373fbbae010ca31988b6901cf1ed9bae3f,eqv1_6afqurnyvm5gse6ykmcx6sycyr,2011-03-10T04:58:12Z,5.8,5.8,1,2011-03-10T04:58:12Z,2011-03-10T04:58:12Z,0787eeb64d58d82dff4c84574e08f2f288a66c8c1be298660eec6362fbc98401,eqv1_6afqurnyvm5gse6ykmcx6sycyr
m5_6,6a1561df06fd5c9a50ed9a2f490e6e97d35fffe8ec78a775f811aff5b2714b49,eqv1_qov523ggaztoqeq2qns5uqc6wz,2011-04-10T09:02:41Z,5.3,5.3,1,2011-04-10T09:02:41Z,2011-04-10T09:02:41Z,8fff556e2c767817316062ab053acd73a953075f960e9de1e6a50a827c90fd98,eqv1_qov523ggaztoqeq2qns5uqc6wz
m5_6,601a37acd8b8a486518aab3d5ceafa611f4fda87766cc522c0b29bc8eaa6220c,eqv1_cnft4rtyylxewy7ndttuvhinyi,2011-06-08T01:53:27Z,5.3,5.3,1,2011-06-08T01:53:27Z,2011-06-08T01:53:27Z,aa5aff5e110550c3d9f3e26c57c8c9c1738bcceb35cbf92ae03f0558cdf7fe62,eqv1_cnft4rtyylxewy7ndttuvhinyi
m5_6,fe9d7f8dd79e618f1b43f95fb662c5f0efbf89ca73d33600c0c277d97ea439b4,eqv1_3bfg34vkvj3m5ite4r43ryhgvg,2011-06-20T10:16:49Z,5.2,5.2,1,2011-06-20T10:16:49Z,2011-06-20T10:16:49Z,499878f59e33761323b6d8c638ac998b6faa69a8847ca8455930db3e84da82a8,eqv1_3bfg34vkvj3m5ite4r43ryhgvg
m5_6,c6a05274bdc8a107d5d66a832252ff192b07bff5f1e39dd7a952b4683c71d477,eqv1_tuuri2n44fauy35wusbevxgahp,2011-06-26T07:48:17Z,5.2,5.2,1,2011-06-26T07:48:17Z,2011-06-26T07:48:17Z,2a2cf4dc9c8856bbe7d83cc33e1dcfbad4a8b46c6fa3f59c9c51691b1e0350b2,eqv1_tuuri2n44fauy35wusbevxgahp
m5_6,65c83590c29b4ac9f2d463e66a9e3fe3a6cbabe81521addb3f1c79f71e3d774b,eqv1_x6lfvn7dnwt2bencht3i3k3msd,2011-07-24T19:05:26Z,5.2,5.2,1,2011-07-24T19:05:26Z,2011-07-24T19:05:26Z,1534fb8dd0b2d160beec39e2d80e751b2a2e4dd21fea32ab6dd5fc3fef3a741d,eqv1_x6lfvn7dnwt2bencht3i3k3msd
m5_6,9666262f78f27c67f46b2a0c977b9262490f2a1d96baa78e31935393caefe3d0,eqv1_exx63sf6zq25win2ivtemyuu7f,2011-08-01T19:40:56Z,5.1,5.1,1,2011-08-01T19:40:56Z,2011-08-01T19:40:56Z,744b56e74f9b7fd99a4e7f2d648cab078b7d16db1d4bfa474781b8e63e8c4db0,eqv1_exx63sf6zq25win2ivtemyuu7f
m5_6,870422b4bc67813a52eb23ba5680263de4d939351915da54a59e59814f076217,eqv1_wj4so4trbp3z7it5ustng72tmh,2011-08-09T11:50:16Z,5.2,5.2,1,2011-08-09T11:50:16Z,2011-08-09T11:50:16Z,7b70895cee4e6fe389aba66c58692f5095ae3924571af63b2a5b58bdb2e45744,eqv1_wj4so4trbp3z7it5ustng72tmh
m5_6,45657d4020d8b6956a5e4228643fdf0be33792f081d6799032076f101aca0a99,eqv1_4aciqhtsiggzom24ucyuw3j7ix,2011-08-11T10:06:29Z,5.8,5.8,1,2011-08-11T10:06:29Z,2011-08-11T10:06:29Z,5ddd278fd2ef2e9d1f74d63d18c8abebac10847e752bb91da2002ebd56534eaf,eqv1_4aciqhtsiggzom24ucyuw3j7ix
m5_6,e685898bd5e49ad5e76e3e1ae0d2e755d46d43a83e332c444ad460aabf5c9e6f,eqv1_l6ucvnnz5wpeg6li66sxmphxb7,2011-09-15T15:27:03Z,5.5,5.5,1,2011-09-15T15:27:03Z,2011-09-15T15:27:03Z,5c45edc4d8f5dc6098ff47ba57cab491a3adc6b1885bb9336d621a9e930cd42d,eqv1_l6ucvnnz5wpeg6li66sxmphxb7
m5_6,e36a339932a2610925e2be23cf93234480f0c304fae69796af64533249dba9fc,eqv1_mqnf5nxk6yeewi2wraf4dn3lqd,2011-10-16T13:44:46Z,5.0,5.0,1,2011-10-16T13:44:46Z,2011-10-16T13:44:46Z,b4f9c566f30e36bd21ede9ca4ab18e901bb53a34331956ab93b18dd7333764d4,eqv1_mqnf5nxk6yeewi2wraf4dn3lqd
m5_6,492259f5b58438fc6aeb8040a3450f72971a23ebcc6ba2404a926e26762a8e1a,eqv1_x2eivqx43qg72n4cuejtjhgxbh,2011-10-31T21:58:16Z,5.4,5.4,1,2011-10-31T21:58:16Z,2011-10-31T21:58:16Z,88eaa1720062a8f76b3a71b979e4986d920c0629e72dca527dc1e13b414348de,eqv1_x2eivqx43qg72n4cuejtjhgxbh
m5_6,5054a633696a35bc240f4f3369ae5d5db7fe97237b4a0276278cdb9c08e2bfc5,eqv1_d3nopcluter2nkfn6yosabnngp,2011-12-01T12:48:19Z,5.2,5.2,1,2011-12-01T12:48:19Z,2011-12-01T12:48:19Z,aed3bb0a939506a648b8718c4dac68e50eaa6337accf8de49792f1966a68b7e5,eqv1_d3nopcluter2nkfn6yosabnngp
m5_6,d376144740f1f24491201a3187a8853d88a884ee138bb7d58c357a0c7ba5e774,eqv1_n3joipsad5r6alfeof4uy5bzry,2012-01-08T06:20:08Z,5.0,5.0,1,2012-01-08T06:20:08Z,2012-01-08T06:20:08Z,677d1f1ae584984557caf1f69db8c1439e248ab8802343cfaffc8ce539f758ef,eqv1_n3joipsad5r6alfeof4uy5bzry
m5_6,26085635fa0654dd06f213420c598a0930094fbf6e4193805a2228098624d4d3,eqv1_f4guqemxbaszdhoxtsfkylj7yg,2012-02-09T18:57:02Z,5.3,5.3,1,2012-02-09T18:57:02Z,2012-02-09T18:57:02Z,8a2e9fc8183047fb2d8f0b6ed154adfd61821aa421417a687dd6b43dc64ff582,eqv1_f4guqemxbaszdhoxtsfkylj7yg
m5_6,539d2e9398020e94c5da69360ffeb894e28a1c50157632a206d3add22abbca37,eqv1_pecoweskwl3rdax7yp4etpzssm,2012-02-17T15:44:25Z,5.2,5.2,1,2012-02-17T15:44:25Z,2012-02-17T15:44:25Z,15fe352ebf2760a53ba4ae28971d19d2de90b92ce0961eb7f4328874e14fcf89,eqv1_pecoweskwl3rdax7yp4etpzssm
m5_6,2de392cb6360f7d7ac0509fb0dcba6b4bc906728f49c5bc75142edbb856795f3,eqv1_niq3lc5st62rqo6nogel3uuada,2012-03-02T13:40:10Z,5.0,5.0,1,2012-03-02T13:40:10Z,2012-03-02T13:40:10Z,b0502f51ec81e0a8f0c99784ffaa52bdc105a570f0f37d2ebbf6c56ad95964bf,eqv1_niq3lc5st62rqo6nogel3uuada
m5_6,0cfd0bedc2ee2a16a6e4941052484b40b49bdb3fb9b5251df172ba9c489ec024,eqv1_xxqz24qy6ct64avajng6exu3gk,2012-05-03T10:19:35Z,5.4,5.4,1,2012-05-03T10:19:35Z,2012-05-03T10:19:35Z,b9fa5488cbfcecae84a68ec12196531ec3cd4d03b05f55dca05703b399f1e672,eqv1_xxqz24qy6ct64avajng6exu3gk
m5_6,66a17128572434c67ba75b4eef5af4abc41b198a91144a4a389af52ff8810e24,eqv1_pol35widyx3srmlkvdyprwxpgd,2012-06-01T12:32:24Z,5.0,5.0,1,2012-06-01T12:32:24Z,2012-06-01T12:32:24Z,9d179a70a2edd29ddcf66c119e822c46496ab4e842cf20781b73464d5bbebaca,eqv1_pol35widyx3srmlkvdyprwxpgd
m5_6,a988f075a210ccfcd42d9cc1cc8a7180b4b2282007e0c040ffeb9cc3382c3abf,eqv1_62kfif2crtamkbv373u44274d7,2012-06-14T21:51:29Z,5.4,5.4,1,2012-06-14T21:51:29Z,2012-06-14T21:51:29Z,8030f2c64b822340c4238c5cf2ffb346b325951d3601cbde11685bde9bde9972,eqv1_62kfif2crtamkbv373u44274d7
m5_6,220d5bbffd74c6461f1a3c8248fa7907d67b30918f9ff13d7793714cbe640888,eqv1_cn4lmehtjf3czpgoxjvww4bwpn,2012-06-24T07:59:35Z,5.7,5.7,1,2012-06-24T07:59:35Z,2012-06-24T07:59:35Z,f4afaef618aadc467532e3588fd2952b48f8352d426d245c5742eed2b1cd8c35,eqv1_cn4lmehtjf3czpgoxjvww4bwpn
m5_6,092b65667383fcf02868e01c5cf96002335aaaa9af5611259771a0b0da94b8f3,eqv1_ghe5x3rygttfrpfbwhlgpadog5,2012-08-11T09:34:21Z,5.2,5.2,1,2012-08-11T09:34:21Z,2012-08-11T09:34:21Z,b8e0adc077c34a88721879cc3c6023603723bcf9594d8c425fb2b510cefdf70f,eqv1_ghe5x3rygttfrpfbwhlgpadog5
m5_6,060fcf827af486b53f2aad181a430450ebff2b54f77d8596beed45c4818694e8,eqv1_qcvw3bokm3ff4hvcuc32zx6d4k,2012-09-07T03:19:40Z,5.7,5.7,2,2012-09-07T03:19:40Z,2012-09-07T04:16:29Z,5c30d6ed308fe0799bf0008039f825c3a6544207acadc4bc19a8633df567b10c,eqv1_qcvw3bokm3ff4hvcuc32zx6d4k|eqv1_xvqo7y4ybwrchknlai6x6uejcb
m5_6,21119d2fd1e44a24c9383d49bf8f323ba1c4292cba419f606d048336683de156,eqv1_jrg7glyx2i5rg7qnigr3asw7xq,2012-11-26T05:33:50Z,5.5,5.5,1,2012-11-26T05:33:50Z,2012-11-26T05:33:50Z,d84d32670178b2f5acc6fcffc4e5cc396b9753239e9c9dc01ae07a10ac14bbab,eqv1_jrg7glyx2i5rg7qnigr3asw7xq
m5_6,752d2bc1278f310e3e0145cf1447904394bf3bc60b65fa51e03d2f8ae7ebbdbb,eqv1_vb2ktqghluzfhbgo3lbeztvfc7,2012-12-07T14:08:43Z,5.1,5.1,1,2012-12-07T14:08:43Z,2012-12-07T14:08:43Z,5f21e7955f9f38970944906be54602c7d4c7fc1879159b954dda80a18368a0ce,eqv1_vb2ktqghluzfhbgo3lbeztvfc7
m5_6,b749272459e4ac1e5469503707a1273646de0fad10faed595c642ad4c083e666,eqv1_aw3udfxv2zjc2no5pmssm6jvu3,2013-01-18T12:42:49Z,5.4,5.4,1,2013-01-18T12:42:49Z,2013-01-18T12:42:49Z,abde882c726c89dd7137fe3baebedfb3c7112a8c1d9055741ea7083e9530a1fd,eqv1_aw3udfxv2zjc2no5pmssm6jvu3
m5_6,69d7a631e64ea254b2b6edb578a56147a5d87d901c43d1cbd332c36f56703908,eqv1_afgtwbwvm3mdm3hcsxhyqvi47t,2013-01-23T04:18:16Z,5.1,5.1,1,2013-01-23T04:18:16Z,2013-01-23T04:18:16Z,653849b70ca32f9e0ab859ead16ccba8a8f9a9a6f77cb5736b8b76b25da527f8,eqv1_afgtwbwvm3mdm3hcsxhyqvi47t
m5_6,711218a33d7f06f1011637fe5f3086330aa8b373904694eac713c4e73a8d073c,eqv1_mjclo57cwngbabg2lt7lxu6e65,2013-01-30T09:27:03Z,5.1,5.1,1,2013-01-30T09:27:03Z,2013-01-30T09:27:03Z,612948ff0c05f05fd93529930ea2fa875bb6a289caf8c70ffddefbf98f215511,eqv1_mjclo57cwngbabg2lt7lxu6e65
m5_6,8594711646b27bacf5f5d1ca4c50d07e541ee4e3cd5204ad640c9b3b81261a95,eqv1_6m52d7gwtxsjwaoqzv3smqymxh,2013-02-11T19:13:03Z,5.1,5.1,1,2013-02-11T19:13:03Z,2013-02-11T19:13:03Z,455b9ec7cff63f7a2ed370e20309bb7ce85b763cbe6648656647ce8c2ba32722,eqv1_6m52d7gwtxsjwaoqzv3smqymxh
m5_6,f705b4baaf079c81cde47f728020be5b2c71714f79dd569ccf9ed3c71567ac5b,eqv1_uwgvvt62sld2qfqdvf3ofhiypy,2013-02-25T05:11:11Z,5.4,5.4,1,2013-02-25T05:11:11Z,2013-02-25T05:11:11Z,68d29a58af2fffbce177ddbc56a227a2ef7c375cb1bba9cbafafb6b30eeaf3be,eqv1_uwgvvt62sld2qfqdvf3ofhiypy
m5_6,13affb1a0cdd60c5d2ded65cebf4eb3fb19c867c9cb7947e58f42e959be4f958,eqv1_4mlf4ch2sko4mqmd3kdsuyu5l6,2013-03-03T05:41:15Z,5.5,5.5,1,2013-03-03T05:41:15Z,2013-03-03T05:41:15Z,70e83fb869e4eec8d732a97c4b189b8ccf59584c460baad96b920a774df6956b,eqv1_4mlf4ch2sko4mqmd3kdsuyu5l6
m5_6,9dc8387fd8a9934b5649c7718b29462fe315cca78d2b66c43c1ed59c69a144a2,eqv1_un2iv6culgbcjaojczpnmdmurb,2013-03-11T03:01:37Z,5.2,5.2,1,2013-03-11T03:01:37Z,2013-03-11T03:01:37Z,7fcd2267ef087225ec047c3b08c58fd75ca06d11fbf5caeccd75212c2002d92c,eqv1_un2iv6culgbcjaojczpnmdmurb
m5_6,f0f1f45abc8a9a4f306e0af6ec2a662deae2e16559c306e3496675c78b3dc535,eqv1_esjrb2blnxgkp3i6eab5cbaty3,2013-03-29T05:01:10Z,5.6,5.6,1,2013-03-29T05:01:10Z,2013-03-29T05:01:10Z,4b962bc57442914e1768aa91320e460be4fb9d50d547a2e61f11a5304f94be32,eqv1_esjrb2blnxgkp3i6eab5cbaty3
m5_6,cf5dd7f43024986d25d5e6f38fab2cb5712672b2ee3c5aa9337e02bad10b0a3e,eqv1_tbui7ir5ohjcdu3cgx32rg4isd,2013-04-17T01:45:54Z,5.0,5.0,1,2013-04-17T01:45:54Z,2013-04-17T01:45:54Z,8dab2e4b7f2e9ca9125a118ba6c469484524a65a2fbb326c8ca58216b0d7a842,eqv1_tbui7ir5ohjcdu3cgx32rg4isd
m5_6,6bea7be3e37d092fddcf89f99c3244757695a59a75467f133f5a546a19ae2e7e,eqv1_hhelnptf545qv27pzqymd6pnui,2013-04-20T00:07:32Z,5.1,5.4,4,2013-04-20T00:07:32Z,2013-04-21T09:05:22Z,0417945c53ddf3e1544f81418b4fa1dce4f0133fa5a5b029e823c58129ff0417,eqv1_hhelnptf545qv27pzqymd6pnui|eqv1_4susysdumne6aqggkshmrmwvjd|eqv1_n3rbf6py6sxybwjlc3cbt7iq7w|eqv1_ksqjadxxpimo4okuxtkcynpigw
m5_6,2fbecb14fa126529801ed71d12d7e397367aa0d1580659d42d0dc760826f4fc4,eqv1_m37tq27a5t36oqbnrmubh6odpl,2013-04-22T09:11:53Z,5.3,5.3,1,2013-04-22T09:11:53Z,2013-04-22T09:11:53Z,12e4f545d96802d242dc6aae4c55c4ce4c9991caadfb05cfef75ea9f67eb3664,eqv1_m37tq27a5t36oqbnrmubh6odpl
m5_6,46c78c605b9b0dce54b22963cc60b400edb4324a661a20fa5a996a1ed19751ca,eqv1_ehjvt3jd3g2hrwuckgyzdecgr4,2013-05-15T10:54:30Z,5.2,5.2,2,2013-05-15T10:54:30Z,2013-05-16T03:34:17Z,1ed90bceb86b76e77604a01dbe2d1618e583a4da85fb630ce932f42f03e6ed56,eqv1_ehjvt3jd3g2hrwuckgyzdecgr4|eqv1_gavdwrhidfwuyhipoxchga5i5n
m5_6,c12ef9d89ed3d7087d413ec11038e8485f67ef70a5bcad7326c2c042f9328d1d,eqv1_2tw53ic2ky7qyffb726shc4jzq,2013-06-05T00:43:36Z,5.0,5.0,1,2013-06-05T00:43:36Z,2013-06-05T00:43:36Z,e61f03d20d74779328806a7da5d6b65da7fc6e9e13415cdf1de09947691c7c5a,eqv1_2tw53ic2ky7qyffb726shc4jzq
m5_6,b8b701f8c1400d1817376e2c029679a090f263751bf509e75664c4f426cd03e4,eqv1_3bkbluil6ydjydetourc2n76yb,2013-06-20T09:05:12Z,5.0,5.0,1,2013-06-20T09:05:12Z,2013-06-20T09:05:12Z,df77c1ab1c035a6b9752cd2dd113b05370385c1e1841c9dd7d5dd90010b7e07d,eqv1_3bkbluil6ydjydetourc2n76yb
m5_6,097b0529f9809fbb4d9c2399c46764b3fe37413c5035c83d8eb9f4eb64629b0f,eqv1_rm2j5cszvdeo6i4bxlm5vokur6,2013-07-22T01:12:34Z,5.6,5.6,1,2013-07-22T01:12:34Z,2013-07-22T01:12:34Z,9d23a5ca8707ec12d4b979d72c1dbbe2610895028d88a74b31c90d3c7ca5fe39,eqv1_rm2j5cszvdeo6i4bxlm5vokur6
m5_6,45a08883208f5be09cdcacd43a2684baae828835c4c58d65c7e0393603e02b44,eqv1_zhn334ufqukq25ytwosprugoif,2013-08-06T15:31:32Z,5.2,5.2,1,2013-08-06T15:31:32Z,2013-08-06T15:31:32Z,c2e9594e59f17c861bb21eb8d7dbf6da3c57f35a2cfd2ef4fa224ed8750b0d6f,eqv1_zhn334ufqukq25ytwosprugoif
m5_6,2794ed8f1bfb0a9d6dae53480074501d99b875720bdaa1446ad0e28462b1e142,eqv1_jnyz2oz3x7mol2nojsq474g4xj,2013-08-11T23:58:48Z,5.1,5.1,1,2013-08-11T23:58:48Z,2013-08-11T23:58:48Z,14b1133d92c798b96c0b6fc74d5d57ec8dbd45067648f892541aaf1c9b6c59d6,eqv1_jnyz2oz3x7mol2nojsq474g4xj
m5_6,dc34a1751a00fa9f1676dfaacda7d3928396630b9d01d701f686e1e1d3fafeb4,eqv1_fdxbtxlp54rkmrjvxaur4vtvbs,2013-08-27T20:44:48Z,5.1,5.9,2,2013-08-27T20:44:48Z,2013-08-31T00:04:18Z,bd70a9919b55df466b6c9fd6e3e9d1df6bf06105ce8e615564c3c7f2e933f7cf,eqv1_fdxbtxlp54rkmrjvxaur4vtvbs|eqv1_zlp25fpqp6shbk2xrlzead6iqy
m5_6,a76c87ff9e20104083876f42d52f4a283c734c393c436311cb9927ce50a36a38,eqv1_i2ewscwqndw6mzcsuybyb6ali4,2013-08-30T05:27:30Z,5.1,5.1,1,2013-08-30T05:27:30Z,2013-08-30T05:27:30Z,d2e44afa1f5cc8b392023d8a6600addf3335df517ed36348a6e5514dff434855,eqv1_i2ewscwqndw6mzcsuybyb6ali4
m5_6,048ac1073ee4c83668b0ddf1596920c6886c6bc82b62202cfd186c6d8c0707a2,eqv1_bw24ldy7u47dop3d4t55tmtgsr,2013-09-19T21:37:01Z,5.1,5.1,1,2013-09-19T21:37:01Z,2013-09-19T21:37:01Z,1cac6e6a4ef4cbb80df591191e0c6020078b30129f13c6d79901003889e5bb1c,eqv1_bw24ldy7u47dop3d4t55tmtgsr
m5_6,33685867fd5c8b61e6d99a173b971889767c9bc34738778a09944eef04337b0c,eqv1_afmrl6p5ift34lajtacop7x7zy,2013-10-29T20:17:51Z,5.3,5.3,1,2013-10-29T20:17:51Z,2013-10-29T20:17:51Z,73801b9758bbf3f26e374c4d868dde2f04c50ff8bc507dfbf7932ea091eb9344,eqv1_afmrl6p5ift34lajtacop7x7zy
m5_6,9f5c8d72deaa91dbdd7dee8ef6bd92e0b206c19f9740abeb7cec9bd805ca53f0,eqv1_ilx3qdyutjciew6qpjdvm2qfxd,2013-10-31T03:03:34Z,5.5,5.8,5,2013-10-31T03:03:34Z,2013-11-22T22:32:29Z,7fad2bcb692c9233d3f69f86ed6cf8accec9a11f930737cf055dc00f5952b3dc,eqv1_ilx3qdyutjciew6qpjdvm2qfxd|eqv1_x4j5id47aweqmkcjrhjiwvfagi|eqv1_vfbkblquthgrecwws6d7orpsui|eqv1_53vbur7fn3ojrei7ro3nmi3cmx|eqv1_x6a7bnkxpraejv33myhnxhjm3u
m5_6,bebf910fdbfac93db699ca69857fc8fdb50b3156bef00e629925975021c4fdef,eqv1_cbsco42la7xoakfdmnqhfyv6gj,2013-11-23T23:30:46Z,5.6,5.6,1,2013-11-23T23:30:46Z,2013-11-23T23:30:46Z,9f86a718a12ad96e7f378803bf7ab107931f301b3779fbf1b69dc357bd987920,eqv1_cbsco42la7xoakfdmnqhfyv6gj
m5_6,c982592e49f485c67ea58c2997bb525ab3d97d05b1cd2fff01fe0188f6177e65,eqv1_tyzjgkmgxkhdw4w5dbs52zvvyb,2013-12-01T08:34:23Z,5.3,5.3,1,2013-12-01T08:34:23Z,2013-12-01T08:34:23Z,f0a633dfa8ef552d53466c6dc75f477ba16f65330844651d9d3ddbb3c775ca28,eqv1_tyzjgkmgxkhdw4w5dbs52zvvyb
m5_6,815b41332a8493a6dfc078a303b11183fe24e430d48667f463f0a535d7f82e65,eqv1_nz3m6jxbtfdoyene7fg5d3bwnq,2013-12-16T05:04:52Z,5.1,5.1,1,2013-12-16T05:04:52Z,2013-12-16T05:04:52Z,289f5370167083543f3f47b77f026864a36e6a5846d737087c593c62d32ffb1e,eqv1_nz3m6jxbtfdoyene7fg5d3bwnq
m5_6,bc468ed0cf671d50aca6808fabee907413b9235e2d423760e99ed12e2f76192d,eqv1_27gtzog4uz63d2uvrt3tgl3lf7,2014-02-11T01:15:29Z,5.1,5.1,1,2014-02-11T01:15:29Z,2014-02-11T01:15:29Z,fac677d717ac19ce74f97249d640080e2e90ef453c47a7f339497ada3360cba2,eqv1_27gtzog4uz63d2uvrt3tgl3lf7
m5_6,c6cb626fdac9934574e0438443f8a97fd20a6bd0ff3b56d0fc12888aec29078f,eqv1_q3yibsnmlk3zyfnraqoi4ohdug,2014-02-11T02:14:57Z,5.4,5.7,2,2014-02-11T02:14:57Z,2014-02-12T09:24:43Z,8394bff163501e01de5dcbaf3cc6f6c8a4469443d7ba774111ab6237890400b0,eqv1_q3yibsnmlk3zyfnraqoi4ohdug|eqv1_blhzuyzjzulms3vhsypuu5rajs
m5_6,caf712af793ab03a0fb308b725937d9ba64c2718f185a77f3e58e3b4b7ace011,eqv1_rw4sc3rnumyugin437tyauqurg,2014-03-22T12:58:19Z,5.0,5.0,1,2014-03-22T12:58:19Z,2014-03-22T12:58:19Z,d0e3468632d595fabd1406edca1c31f6f5bb450b0e0e89ddaa51627a182bf373,eqv1_rw4sc3rnumyugin437tyauqurg
m5_6,0ed446a421912bd821ea26069d91dcce0e0fc76c0a4458bfe193f4cac96b5c6a,eqv1_wjhbvd2x473sdlxq356npuvad2,2014-03-30T17:10:18Z,5.5,5.5,1,2014-03-30T17:10:18Z,2014-03-30T17:10:18Z,5f4d2828beab29f822d10a354621e8828bbe5dc03b505b3ec35d55526ea43356,eqv1_wjhbvd2x473sdlxq356npuvad2
m5_6,cca4aa494494c2d41130859495d700085c8185649ab185932d5ba3b2e01a6dbb,eqv1_c4npzjuxvhu5bogstvq2yptzqg,2014-04-04T22:40:31Z,5.3,5.3,1,2014-04-04T22:40:31Z,2014-04-04T22:40:31Z,23da0a153e6707e408f5da15edc77c5e1aa507c32b60ace273d1a431a3940a32,eqv1_c4npzjuxvhu5bogstvq2yptzqg
m5_6,eadb460a3d1c23fdffa9fbec54327dce9333f2591f6de76f88a8fa645e470d14,eqv1_7i7lgtpoxnum3s6z4v5g5vjzln,2014-04-30T06:20:54Z,5.1,5.1,1,2014-04-30T06:20:54Z,2014-04-30T06:20:54Z,f9ea08a8a7f5b951209e36f3c800ba550a2ac1c5a5b46b45416aad3f4cd6ea3a,eqv1_7i7lgtpoxnum3s6z4v5g5vjzln
m5_6,27beed86eb3e9e466541c7f0e98f838945fc60bc3c16a0e24f2015b4543a106e,eqv1_o6afoseti2walg5ogvzx2w66dd,2014-05-23T20:49:21Z,5.6,5.6,2,2014-05-23T20:49:21Z,2014-05-30T01:20:50Z,f4d75a137f0856547774efb929f41335abf1e83460da53309294178bd52716ae,eqv1_o6afoseti2walg5ogvzx2w66dd|eqv1_odrii4a3qjuqazlazvq2r2hqwp
m5_6,38c697c8317c3b8df656ec33dd715eaa61b35185e8f0344bbee8cc73eb12ca90,eqv1_vigujt5sux3r4qyrap4pksuvnv,2014-07-08T21:52:47Z,5.1,5.1,1,2014-07-08T21:52:47Z,2014-07-08T21:52:47Z,89433c5761cb7f94fb80f47f762a58e192890dcd2105067faa60276a10f93638,eqv1_vigujt5sux3r4qyrap4pksuvnv
m5_6,1a66588942df0d82675d8c82ab5a36a279e264c1d96a72261d74a07d1740216e,eqv1_o2fwrrsv5uzhj5xioghbcczavk,2014-08-03T05:57:33Z,5.0,5.0,1,2014-08-03T05:57:33Z,2014-08-03T05:57:33Z,58d3459006649096523fd2993c78b94e9558267e9f627978b895e52d5ae808c9,eqv1_o2fwrrsv5uzhj5xioghbcczavk
m5_6,0bcd457f8fc51da77b997ea4940974397ccb4746a4ad309a0f0613d492fa1e25,eqv1_k4e6wyy2oxtanpglkeckbmspnj,2014-08-16T22:07:58Z,5.0,5.0,1,2014-08-16T22:07:58Z,2014-08-16T22:07:58Z,61883031ab4277a2c410f702193aad6fffae895d50abe9379cf28b4e5672f3ef,eqv1_k4e6wyy2oxtanpglkeckbmspnj
m5_6,71fbeee6152359efee65421a2efdfbf9cb9b1ff07b4332833b1b2239bbdbec67,eqv1_b4jokrkifi6tp6by5y5hydrgyt,2014-10-01T01:23:27Z,5.0,5.0,1,2014-10-01T01:23:27Z,2014-10-01T01:23:27Z,0c0593fc4f33b51814fb15bf26ee638a2d8f584c2063bb103cd629e01a651efd,eqv1_b4jokrkifi6tp6by5y5hydrgyt
m5_6,67ec7d06421fc51c1ff887502c7431639e55486dcd5889aecb3667cc1a93ee33,eqv1_mxrnevl6bccr6czjufxqraqivj,2014-10-02T15:56:31Z,5.1,5.1,1,2014-10-02T15:56:31Z,2014-10-02T15:56:31Z,1c9e0773ea0e3443e17415a657938c84a9f23c1b74430b5d49dd5bacf3a9c38f,eqv1_mxrnevl6bccr6czjufxqraqivj
m5_6,432028a0c1e1f3c2864e2578bb08ad6b39d9baa4dd4d5f88865eadacb51eedf8,eqv1_cuxxeud7mb7ycvh7ji7zdcuh4z,2014-11-25T15:19:07Z,5.8,5.8,1,2014-11-25T15:19:07Z,2014-11-25T15:19:07Z,926a1f7e6c982b57577b18e6a08878d2e94d4a7ac69b27354895d54975b34cb1,eqv1_cuxxeud7mb7ycvh7ji7zdcuh4z
m5_6,dc8a5d2fa38a976e9792f01b25e2363b8ffa132df8211d93a4bdf3aee7490cbb,eqv1_m6xourgjrilvut4nu3plmg64j3,2014-12-05T18:43:44Z,5.8,5.9,2,2014-12-05T18:43:44Z,2014-12-06T10:20:00Z,581478ffda1dee4f7306897bb58ad003b033a50862ac4f4a4308df5cbe637894,eqv1_m6xourgjrilvut4nu3plmg64j3|eqv1_thjwe5zq5iojcbfmlwazkzo2vr
m5_6,6a694f81509642ad07122d03508e10feb7a756fed028c34bba24e6d5a39c12f1,eqv1_4mel4rh5s3iedifumng4abbrzn,2015-01-10T06:50:57Z,5.0,5.0,1,2015-01-10T06:50:57Z,2015-01-10T06:50:57Z,4dcbf8d736a45a5b83aa9a4f489959ba45ade3a473f33827cecc05d2031e9763,eqv1_4mel4rh5s3iedifumng4abbrzn
m5_6,34861d268c1e21d9321cbaff2fbbe2dc3827a966fc6a91c929a0aad85ec89ffd,eqv1_whd6jeyk4u7ucpmvp3ejg5trp6,2015-01-14T05:21:39Z,5.0,5.0,1,2015-01-14T05:21:39Z,2015-01-14T05:21:39Z,fb43c5fb1805ff0e3dda5aa17271c9ad0c8b7ad80a0234c1cc9c4bb923efee77,eqv1_whd6jeyk4u7ucpmvp3ejg5trp6
m5_6,4cd70af0c9ccc711b88e00518ae634c3fd26208f85e7acab9cf3c4a7168cbcad,eqv1_5y7hngo7romcisnouqg4tlbhlh,2015-02-04T10:44:22Z,5.2,5.2,1,2015-02-04T10:44:22Z,2015-02-04T10:44:22Z,e1827cb59d9cd7c0fff88b33acdacf45d2a6f0ede21de0b62976b6dc38fb2e37,eqv1_5y7hngo7romcisnouqg4tlbhlh
m5_6,24f1236e0fb0abcfe6b135674043d719211881e93de86b4930b242eeaacd02ff,eqv1_lgldxkuruonj4d3b7fvoet25k7,2015-02-22T06:42:56Z,5.0,5.0,1,2015-02-22T06:42:56Z,2015-02-22T06:42:56Z,ba3c9a4fa09056c71014d0e6682827268cb58f137970b9324b7b8448693ccbe3,eqv1_lgldxkuruonj4d3b7fvoet25k7
m5_6,5cf3874ca2d0e96f63bfb291bba44700e6ef5ab52ba3f1f1d9919c31d82b4e1d,eqv1_zsaqvzd7nz4n6w5kz6k2igqmln,2015-03-01T10:24:40Z,5.5,5.5,1,2015-03-01T10:24:40Z,2015-03-01T10:24:40Z,d2cf374feda0b9dbee6903b1531e873d45893f2917ea222ee45081f92b65843c,eqv1_zsaqvzd7nz4n6w5kz6k2igqmln
m5_6,1719a331f30aaf09829bc8bcda121463277f437bdb6cd52fe3630ef91b6185e0,eqv1_7qhcklggx7tvpxfqe2dtkg44bt,2015-03-30T01:47:34Z,5.5,5.5,1,2015-03-30T01:47:34Z,2015-03-30T01:47:34Z,ee23c30dcb95edcea8972a7a28798bc9e131638e0c067c510e774adb9a06dffe,eqv1_7qhcklggx7tvpxfqe2dtkg44bt
m5_6,eb5ed9945c97fc521c349e429c0386dc7cb36cc9a1e464ad45f999705e079a72,eqv1_4b2muyxijtmfkqnkdyhcf4mxe7,2015-04-15T07:39:28Z,5.8,5.8,1,2015-04-15T07:39:28Z,2015-04-15T07:39:28Z,fffb47a009c2bab34f74e1e7e232f538402d25f29f9b9a5d6c5ea212d71915e0,eqv1_4b2muyxijtmfkqnkdyhcf4mxe7
m5_6,476bc731711f4436dab4d5e74b00a12d5c0327f339c523801ce7735346f35879,eqv1_tm3d2nch67zqkkbd2xn6hzmjkz,2015-04-25T09:17:05Z,5.9,5.9,1,2015-04-25T09:17:05Z,2015-04-25T09:17:05Z,20f32bd3a33db2c1dfc45ceadaffca9ef3be687f91735aa387357bed41f74c27,eqv1_tm3d2nch67zqkkbd2xn6hzmjkz
m5_6,9664f402fdb0111fae0d6e10ef72f03fdcbe82bb6030606e8b4dfd6ffa5c3a2e,eqv1_gc7arbriz4iuqqihkyw5amwtyy,2015-04-25T17:42:53Z,5.3,5.3,1,2015-04-25T17:42:53Z,2015-04-25T17:42:53Z,cc89b3123188190efb47d78e0ed2c226eb1123ed2dce618cf79be9cfadafeb62,eqv1_gc7arbriz4iuqqihkyw5amwtyy
m5_6,f1402e67e33643ea6b69d10844bc5087c989f5e969ab436864ad6841d3ea2c2b,eqv1_fxqmsdqzrkfnu6ffffozkhovv5,2015-06-24T19:12:51Z,5.4,5.4,1,2015-06-24T19:12:51Z,2015-06-24T19:12:51Z,6545e5c1a9245d82956f600dedc5c501749bfe5f4744d29b206c59b914ddeff4,eqv1_fxqmsdqzrkfnu6ffffozkhovv5
m5_6,f090a77cac4a9d9922310184ca9254352d8612a5a47f859c98fbcb21c09a8f36,eqv1_5zamzuk3rtbyykcpqxjckh4ds7,2015-10-12T10:04:14Z,5.2,5.2,1,2015-10-12T10:04:14Z,2015-10-12T10:04:14Z,99ccad4828e75c3f63da48d25847eb657ce88dc25f159e48fb990568c105543b,eqv1_5zamzuk3rtbyykcpqxjckh4ds7
m5_6,376e1959be561c1e13502ac3982d71c6ee5aa7966afbc77c0561e1a4e16ae4f3,eqv1_dh73iin3qebfvv7lsxfpod62nj,2015-10-30T11:26:39Z,5.1,5.1,1,2015-10-30T11:26:39Z,2015-10-30T11:26:39Z,cd3ca8f3fe2c933cef37697aa5f810d898846bb4a25dd98713051d4cb6879143,eqv1_dh73iin3qebfvv7lsxfpod62nj
m5_6,2207ae5bc927fe16efd8513169bdd71a8c4bf8f908a66424dce57815b58e5ab2,eqv1_jrxmivmhv6lcarnmqiax7npbeu,2015-11-22T21:02:42Z,5.2,5.2,1,2015-11-22T21:02:42Z,2015-11-22T21:02:42Z,d4597cfca1ed0627fddda671be60344632ae927d18bd268511b84ea3a7eb5def,eqv1_jrxmivmhv6lcarnmqiax7npbeu
m5_6,a25d852889b0e1920f1f639dda6d26cedf11671ff9f3b4c4e7d16b334ccb9cc4,eqv1_3ibsfw3lydouivlzbr2ji542gt,2016-01-13T20:34:55Z,5.3,5.3,1,2016-01-13T20:34:55Z,2016-01-13T20:34:55Z,f315392c4ff6ef811e9a247262028af6549caaac458dd3e150dfa8c8fb48647f,eqv1_3ibsfw3lydouivlzbr2ji542gt
m5_6,d6c75c12d49315342a50d10e10f222779ed068556d81d3d9a36ec24a8cd2fca0,eqv1_i7exmb6w2vj5iorbguqsydf5x4,2016-01-13T21:18:14Z,5.3,5.3,1,2016-01-13T21:18:14Z,2016-01-13T21:18:14Z,7a32e38b4d9897e0a6ed8125263d0cacbc604fa4fa3e8998789f15b8761d154c,eqv1_i7exmb6w2vj5iorbguqsydf5x4
m5_6,03d2358442cf274b632c2dba617f909c94b1336107cee724e7ed821292553811,eqv1_tzmsl7lk2hsbhfq7sigqmrgaze,2016-02-11T13:10:58Z,5.0,5.0,1,2016-02-11T13:10:58Z,2016-02-11T13:10:58Z,d7149eb79c7e0e95be624c41af89da638c1038636b221ac976c268985579744b,eqv1_tzmsl7lk2hsbhfq7sigqmrgaze
m5_6,16cf80232b67892ccff0c093dc05d2087ae595064a4b0b3fd364a7186bb58492,eqv1_rhtyrd2znc6uepa5njfix2tzud,2016-05-11T01:15:46Z,5.5,5.5,1,2016-05-11T01:15:46Z,2016-05-11T01:15:46Z,3bef177c75380d9b4afc083fa50154133a387235db0ef57db4c04bebb4540a8b,eqv1_rhtyrd2znc6uepa5njfix2tzud
m5_6,2af2d0113391a268f97c4ff2846ffdf4f7964217dbfb0ba03188ed4e9b6a16b1,eqv1_kutqztss5qjp5uez7ohr367ypt,2016-05-17T16:48:47Z,5.0,5.0,1,2016-05-17T16:48:47Z,2016-05-17T16:48:47Z,06f1b6705198e01235b1fa9ce21100f0b4d0ec7564ad074e4d0e6a29c6460a22,eqv1_kutqztss5qjp5uez7ohr367ypt
m5_6,4f7477b9b579e429434365d96a0db99fda3172a31cea2c7b9263fb53e9475b3c,eqv1_rgmeiaphvsmgk3wlgsidhypkrh,2016-05-22T01:48:45Z,5.3,5.3,2,2016-05-22T01:48:45Z,2016-05-22T02:05:54Z,d4ea0a7a40ba48c63dba455a14fc6f3ad1cc7c38764f0b26d55ed0e9098112af,eqv1_rgmeiaphvsmgk3wlgsidhypkrh|eqv1_4gspmxg47ejsshcepnkoeqcauy
m5_6,e7da213503366098c696a48d89ec1b6434857b8dc71e10aea99bf7fbbe6b5eed,eqv1_jx5eqdj3vx5f2hhd7btthhyeq6,2016-07-31T09:18:11Z,5.4,5.4,1,2016-07-31T09:18:11Z,2016-07-31T09:18:11Z,954da3035888328aa55a2b052301990d34bd11afd4e993ffcac395bae0eba590,eqv1_jx5eqdj3vx5f2hhd7btthhyeq6
m5_6,fafcac29c0a9825a7be847d704679488de6ef26ff28565be51b97c7079b0030b,eqv1_2n2oes3jgc537nc4xsqjm6ma7z,2016-09-22T17:23:11Z,5.1,5.1,1,2016-09-22T17:23:11Z,2016-09-22T17:23:11Z,eef138a8e49e7ee1db8bb797053b1050ee04acca17b38156b57b24025113e4f3,eqv1_2n2oes3jgc537nc4xsqjm6ma7z
m5_6,8c0aa2c951c3af56c8bf5df044c6e27139ae8383d3a0b7040cbc01997b9258f7,eqv1_3mrmvkbbrcf7swzc4rjacuv5m4,2016-11-26T09:23:24Z,5.0,5.0,1,2016-11-26T09:23:24Z,2016-11-26T09:23:24Z,be1f19757c169fd794769e411425b0e862dd7bfc0f9caf49f73c7901e966a2af,eqv1_3mrmvkbbrcf7swzc4rjacuv5m4
m5_6,d683e5630cee78a0572278b189b2c8abd902ac3b9484fc4fafd3f315f7813100,eqv1_jwlb56kewoht3nkhxv3fxv4vkv,2016-12-04T21:34:21Z,5.1,5.1,1,2016-12-04T21:34:21Z,2016-12-04T21:34:21Z,66b6f257145a9b7a65f8043fbd1be042087c20986e7607ff517c2db519a616c0,eqv1_jwlb56kewoht3nkhxv3fxv4vkv
m5_6,f059aacaec341a943fbcba0efa64ec7a0945569984eddb24ecd36d7a68cc4bff,eqv1_43sgspyh2polrebfydapmd3bdp,2016-12-14T08:14:28Z,5.0,5.0,1,2016-12-14T08:14:28Z,2016-12-14T08:14:28Z,a2c76d18daf612180dc6f84a08c1fe1c4c0fc3910fba14049e96efccd2fc4ec9,eqv1_43sgspyh2polrebfydapmd3bdp
m5_6,94690abc89d3a631ea58741791c60c67caed6b1434f12d59bde827d2b55aea26,eqv1_erqn4iumhcbasje2ny4hqqjnff,2016-12-20T10:04:38Z,5.8,5.8,1,2016-12-20T10:04:38Z,2016-12-20T10:04:38Z,525d16273486b93741aa439b5812569d91e5409f3d07fc46088bb5d0c11cbd3d,eqv1_erqn4iumhcbasje2ny4hqqjnff
m5_6,d3cd85965fd58006e429a7df40a2c0980b6239697af0b0f0d8e78f56a9ece66b,eqv1_3pj5whfktxucpblg4eu5z3d25i,2017-02-01T10:07:44Z,5.0,5.0,1,2017-02-01T10:07:44Z,2017-02-01T10:07:44Z,2359623dabbe23eefc7b6244097bc79528234a85646db75979066c7b8ce54bf5,eqv1_3pj5whfktxucpblg4eu5z3d25i
m5_6,3bc75430d4fdce6e8743e7a7ca648b2263ac391e508ee50177169eb3a8bb1dad,eqv1_ytt6gktdlhw5oca5x3nu65wyus,2017-03-26T23:55:00Z,5.1,5.1,1,2017-03-26T23:55:00Z,2017-03-26T23:55:00Z,226eddfd4a6e88e6b893ae3ed1326fde8e3cd3ba943608fb07ac9898196a9826,eqv1_ytt6gktdlhw5oca5x3nu65wyus
m5_6,b0795fa492110408101df356d27a13ae3e57ed5183c72eaa8c51f1d2b884fa7b,eqv1_ts3ovjkaejgjdst3bq2w7mhbvt,2017-05-10T21:58:19Z,5.5,5.5,1,2017-05-10T21:58:19Z,2017-05-10T21:58:19Z,0b57769e41c21ec203a11374128dbb7976d58d2ebdb08769758e6c531663ec24,eqv1_ts3ovjkaejgjdst3bq2w7mhbvt
m5_6,30ed44c95b8ca80387b48d65aef26e49d291883dfe9c4bfef97fe82c5f24c388,eqv1_efw7mjahsehdwd55n2avsb2yxe,2017-06-03T10:11:10Z,5.0,5.0,1,2017-06-03T10:11:10Z,2017-06-03T10:11:10Z,e1eb187e612b699f1b078fee763af500e7109931638da4c14747b4d148c327cd,eqv1_efw7mjahsehdwd55n2avsb2yxe
m5_6,2ba43a5900310095a983f86295c69597d3987ebd3736fe4614a520ffecb27ac8,eqv1_pjgocjxhm75wjsj7df4d4kfhyk,2017-09-16T10:11:32Z,5.7,5.7,1,2017-09-16T10:11:32Z,2017-09-16T10:11:32Z,7e4b320a13e0b7cc3bc1ec23ae443d517780d40c53a6131a02882b06d95585e9,eqv1_pjgocjxhm75wjsj7df4d4kfhyk
m5_6,9e009cf4b5e86648f3cd95e326ed31b4854fe14e8922e98862644c5da73926e4,eqv1_h6vdeptfjy7zvfoukr3kytj4s2,2017-09-30T06:14:37Z,5.4,5.4,1,2017-09-30T06:14:37Z,2017-09-30T06:14:37Z,548bfff47a6278b5da91e03317424b323d416328c370b04730b6686a0cafb3eb,eqv1_h6vdeptfjy7zvfoukr3kytj4s2
m5_6,fea89b78f2ecca8c702f4c4e36e0db3e78ec6a93bc617cfe3c2b184926777bb3,eqv1_u6r5uw7wbjhq2yklcjurh4o3oa,2017-11-18T00:31:58Z,5.0,5.0,1,2017-11-18T00:31:58Z,2017-11-18T00:31:58Z,d1b19442c96ab1d746223e4a550e2ed55d6362a1b20c6f3c091d94e077759fd1,eqv1_u6r5uw7wbjhq2yklcjurh4o3oa
m5_6,09847b9615c8d7d4d3c887475df0881f0e1904e965fe5e1eb43a3a9905f288be,eqv1_idhcrvfemh7dlszwh3cbqzzw6q,2017-11-23T09:43:33Z,5.0,5.0,1,2017-11-23T09:43:33Z,2017-11-23T09:43:33Z,3d56cfe1923135eb98ecb87757f3eee7ea82a56d74c6c9c4f02688f5ef6eb3fc,eqv1_idhcrvfemh7dlszwh3cbqzzw6q
m5_6,27bf4cdb6c09977e960f2ab7a6c4d50f7b46e5f24003832c292305920a4c5c5e,eqv1_sil236y3vrlqoq6fw7efe4x7mz,2017-12-06T23:29:05Z,5.2,5.2,1,2017-12-06T23:29:05Z,2017-12-06T23:29:05Z,d8ebed61fc6a8a72626be5d686440b782e3119ee2da42691dabca11ea2bf337e,eqv1_sil236y3vrlqoq6fw7efe4x7mz
m5_6,08fa75dca601db0ce5da9930e1b3cfc23bf23294cd255d0ab56b8e9331c9b035,eqv1_jcbtdqh7jil5syujrfiazxo2mv,2017-12-19T17:40:52Z,5.0,5.0,1,2017-12-19T17:40:52Z,2017-12-19T17:40:52Z,5a0bc8dd9c35fc70f47bc3dc47bf9b75b7c424b9adefba868408bcf7d62f50ae,eqv1_jcbtdqh7jil5syujrfiazxo2mv
m5_6,c80c7907631a14cab3907265259c777246b0a470c4872c4196bc4e4522c92288,eqv1_ii5ex5zwqzbbs74mj2nmhkiot5,2018-05-06T09:23:39Z,5.3,5.3,1,2018-05-06T09:23:39Z,2018-05-06T09:23:39Z,3ebbaa7a05d0ecbd356a22e8973cb6fb243f63ed1842a54d2840d362038d4e76,eqv1_ii5ex5zwqzbbs74mj2nmhkiot5
m5_6,4f9c3d68f3898b873ca0097cbd77daf5ace13a007ce7a953c24a284815abff63,eqv1_xujvmjlk5niaotpnsdtwqydaae,2018-05-27T17:50:52Z,5.7,5.7,1,2018-05-27T17:50:52Z,2018-05-27T17:50:52Z,e02bb971ae9ba50d360f9a006e828e876fd0869557bf5d64e5dcd2dd1fdfd170,eqv1_xujvmjlk5niaotpnsdtwqydaae
m5_6,ac870c9c2ca15aae83013b2186168767e80f29b37dfa4879a80f66228e0f8602,eqv1_2bjhafdzmfrh7qfyusceyskml2,2018-08-03T01:34:20Z,5.1,5.1,1,2018-08-03T01:34:20Z,2018-08-03T01:34:20Z,6cbe8c2fb17feb991d194b7307373064a6a8709fea30644c6556977cee377470,eqv1_2bjhafdzmfrh7qfyusceyskml2
m5_6,e1d4507fc754b635eaa5afd7791ecaef615c9ff71ef350098bad302b88cf98e6,eqv1_db3vln6og66uqedul76o7owjpu,2018-08-04T04:04:12Z,5.2,5.2,1,2018-08-04T04:04:12Z,2018-08-04T04:04:12Z,02cf89dac47b183937cef41de3dc866345343cbcbbf8f2465337939eeb5c166b,eqv1_db3vln6og66uqedul76o7owjpu
m5_6,72eb951c320c30a429ac25285f731233a57340a67854ba1d48a7b6d98393c0f1,eqv1_wtlplnzdftobhxydshhykzyl62,2018-08-12T17:44:24Z,5.0,5.0,2,2018-08-12T17:44:24Z,2018-08-13T19:50:36Z,83db864bbff823dfe625ba31b077854679536bf596aa5e5dc7f2b353c0f1b998,eqv1_wtlplnzdftobhxydshhykzyl62|eqv1_vacrhdkyaq7cnzzknbjrr76pxy
m5_6,fee25314052317ca858f8a3f39504402cc4cae944d269f9fcec845d4929d1745,eqv1_izns2gnidr4ksocawgp3wcrdc5,2018-09-03T21:52:56Z,5.5,5.5,1,2018-09-03T21:52:56Z,2018-09-03T21:52:56Z,10ce325f0e9b23b486f15614c742853d481deab0168becbc752680bfed57a1b8,eqv1_izns2gnidr4ksocawgp3wcrdc5
m5_6,71b854ecc92bcbd5f17ab71d74d1614ce3c2f52f7a019df226899ccd33ae2059,eqv1_vn6y666pf24oz4cw3wfxeu3oi4,2018-09-08T02:31:29Z,5.9,5.9,1,2018-09-08T02:31:29Z,2018-09-08T02:31:29Z,d8a4af775a0bf2a009d54f5857b64eb31df4668fb1c7d87e9ba7f5d8134ae302,eqv1_vn6y666pf24oz4cw3wfxeu3oi4
m5_6,d8d8cc5003e8051431a8af8e7bfdfc79af318883e6e30abf368950050d6b4e88,eqv1_rn3hrshibjjbb6ih3xh2p6zq22,2018-09-12T11:06:34Z,5.3,5.3,1,2018-09-12T11:06:34Z,2018-09-12T11:06:34Z,4f4a6f7173dae4cbf92cd53a8352b2674b6b00414968e3cbf5ec123e75d6209f,eqv1_rn3hrshibjjbb6ih3xh2p6zq22
m5_6,f17adbb393c0105758f933c505c2cf6d1aa1fb98e4c380e7da95dff578d2553e,eqv1_dybgwb7qrlryzf36gj67zr5d3z,2018-09-27T21:13:22Z,5.1,5.1,1,2018-09-27T21:13:22Z,2018-09-27T21:13:22Z,1cb91a1e36507cce9604eab546ceaa7d5f9b0db886c9a1ae011be899bc4649b7,eqv1_dybgwb7qrlryzf36gj67zr5d3z
m5_6,3ed0e8aacc90b7e1b4617a93509df0fda60afc0dff541ea0d946871afdb6efa3,eqv1_ypdtloum6cywrzz252hhlyjiln,2018-10-16T02:10:12Z,5.4,5.4,1,2018-10-16T02:10:12Z,2018-10-16T02:10:12Z,73bf5f3d976085ae32eb8767a7a7e08533aef310d8ff6709fa41524631639e86,eqv1_ypdtloum6cywrzz252hhlyjiln
m5_6,d1faae9d79c2f58bd54eb4c0e3fb2799c0052148ae44e454bd3e0dc2bb863644,eqv1_royd22ikfyly65foduyjwbyumk,2018-10-31T08:29:55Z,5.1,5.1,1,2018-10-31T08:29:55Z,2018-10-31T08:29:55Z,3669b716298663fe7eed18614b6b7a66ab1be3670da1044a36ffe645c9952fab,eqv1_royd22ikfyly65foduyjwbyumk
m5_6,308cf339819a84fda2ee10e7523fba2f2ec422e23018a863b89f9d970cc05267,eqv1_y45os7e3c2htqz4htfx2kl542u,2018-11-03T21:36:19Z,5.1,5.1,1,2018-11-03T21:36:19Z,2018-11-03T21:36:19Z,f47a6f9ea2cf0a93748217293cd13bb9848c3a6531e379351cc3259bef364a81,eqv1_y45os7e3c2htqz4htfx2kl542u
m5_6,d4e88b0883ad785721e328f9a34ed819cf31afaec56fe08ef4fcc1e77ec200b2,eqv1_dc24flhbhoecg3swop6gtbjwbc,2018-12-16T04:46:07Z,5.7,5.7,2,2018-12-16T04:46:07Z,2019-01-03T00:48:06Z,d2ec7a236817d448dd6c85a61fd61416a17254c4d37675438c8765d4eb26feb0,eqv1_dc24flhbhoecg3swop6gtbjwbc|eqv1_ky5uyr6vc5dncw44aybqsegcid
m5_6,11ffdb96334ef06a54a9ea973e4dbc2fd2e2178af8887cfc2216209792dce010,eqv1_jle6vdu3wg67gtum5pb6ndzefi,2018-12-20T11:08:08Z,5.2,5.2,1,2018-12-20T11:08:08Z,2018-12-20T11:08:08Z,8b6b57aa33bb0573c0152036a9fa89d9a24611b4622c0b125d28a2439c6a41a0,eqv1_jle6vdu3wg67gtum5pb6ndzefi
m5_6,7c368aec03ae71a20220df96b124dc11edc72aac1bdc188bbb0096aa674e7208,eqv1_prze4rsxn7jhxggfyxf2ddecj6,2018-12-23T19:32:21Z,5.8,5.8,2,2018-12-23T19:32:21Z,2019-01-20T14:28:33Z,33a3c06869701f2b48fd3702fd76e25eefe3a6bba6c11347a74bf0df2c5ea1d2,eqv1_prze4rsxn7jhxggfyxf2ddecj6|eqv1_7fiioxit4iexogrhthkbmworlc
m5_6,9b4bbf179ef3ce31b80c3522bb9d6e32e0172464abd6f9e5b1a2618ceedc6b44,eqv1_hghrz2dfqseunatwlwpiej2rr5,2019-01-12T04:32:02Z,5.1,5.1,1,2019-01-12T04:32:02Z,2019-01-12T04:32:02Z,bebcf88e039d4335e9c414743fbea9ff69caafcd043b84ea33da2d20c1862dcf,eqv1_hghrz2dfqseunatwlwpiej2rr5
m5_6,48eddcc707b65f077c5ddd56c5e7421660317258e00b168a819ee50abe4dcc1c,eqv1_ozuoyliavzn6yvvrosbotisfay,2019-02-01T21:54:41Z,5.2,5.2,1,2019-02-01T21:54:41Z,2019-02-01T21:54:41Z,b559cef9e6c45e6c0b46d98a072c5b0a2d24d2d47c1afb21dfd9874417c265a0,eqv1_ozuoyliavzn6yvvrosbotisfay
m5_6,7e72aef866f4b21eba6f01627538f34df2d476588e4f53121eab3b8df0fe0f85,eqv1_xpc6tfemtk2hwykqbxe6ph2xld,2019-03-27T21:36:31Z,5.0,5.0,1,2019-03-27T21:36:31Z,2019-03-27T21:36:31Z,ce5811b1c9f7e5c024ec7fb362d06e51179112d0fd487b276bbcf6cced085b72,eqv1_xpc6tfemtk2hwykqbxe6ph2xld
m5_6,8c488d14eb6c2020ffe7556e8311890268c247bed3ba162686fd27eb7d0c07bf,eqv1_fog5fuvpclhzwr36hclq7twvmd,2019-05-17T22:24:48Z,5.1,5.1,1,2019-05-17T22:24:48Z,2019-05-17T22:24:48Z,1bab669f1135b18ae7e1d238b61515e4bc3dfe61bd7115047f5c5a85cdcd2dd5,eqv1_fog5fuvpclhzwr36hclq7twvmd
m5_6,89c5bc46e05ac0475c585b5294ccb547033a4427e58faf2be5c4a7335553e173,eqv1_kmilxvccasufkyomcgpcajxn5b,2019-06-17T15:36:01Z,5.1,5.6,4,2019-06-17T15:36:01Z,2019-07-04T02:17:58Z,00a16ca3ad63b9c1c6d6177a3ddcad3458dcda6bff66798910eb25ccac6c91a4,eqv1_kmilxvccasufkyomcgpcajxn5b|eqv1_easet6bl72t5vpqcprmxqz5eot|eqv1_5l4lvitqel2j3hkgihukvt5ctf|eqv1_xwdme6wof7vlliax4i5sj6foq4
m5_6,2094c955901d12643446a4a9cb6aa59f827f66546c246a0261b00b6eebda99c7,eqv1_befsxz4r7x43s4cs5xjmkte3le,2019-07-19T09:22:14Z,5.6,5.6,1,2019-07-19T09:22:14Z,2019-07-19T09:22:14Z,f81a030d60ecfb8564d68975f0b035c324c6d8ce90302461422cf0d72ff55648,eqv1_befsxz4r7x43s4cs5xjmkte3le
m5_6,04010141dd9f95b2b8ac6a480d920cbfe24a13c670369dbeeb669760ad1e00f5,eqv1_a3jirrwqvsccu4zztv4rrwjtnk,2019-09-07T22:42:13Z,5.4,5.4,1,2019-09-07T22:42:13Z,2019-09-07T22:42:13Z,82b57979637c6b2c3d8989d6b308ad3dd73f652b96f72200848bbbee51a54938,eqv1_a3jirrwqvsccu4zztv4rrwjtnk
m5_6,fb9af78d115612bf2293e3b9bd1e42aacd7026c98228385abfe3473dbe48efef,eqv1_5smfpylygmo44gxer2kawx2rip,2019-09-16T12:48:39Z,5.0,5.0,1,2019-09-16T12:48:39Z,2019-09-16T12:48:39Z,db2987a1bbf33c9a5be10f351f79d08ad6e6e5aeb78df33c8c2fe0cfc5dd3a84,eqv1_5smfpylygmo44gxer2kawx2rip
m5_6,cbf68bcb42546aabd4d8d31e20ce6538bb75efbad58f458dfd8c340d4d08182d,eqv1_l2rnfhurnfcpjzrr37z5c7wfee,2019-10-12T14:55:24Z,5.2,5.2,1,2019-10-12T14:55:24Z,2019-10-12T14:55:24Z,f88f8d6bd521475ea3c3906481170cb59a64c15a4d4d29bcbeabc949ef13d7c1,eqv1_l2rnfhurnfcpjzrr37z5c7wfee
m5_6,07e78a7cd5c1ab14db258e191901bbbed119de2c24ebf99be6042d3c9f7b4ac3,eqv1_r5gelrrlcshbapfwqgnqrebulx,2019-10-27T05:29:45Z,5.0,5.0,1,2019-10-27T05:29:45Z,2019-10-27T05:29:45Z,9920e86149b2819198ec491dabf0d287618086db23acc355e4cc47485652adb2,eqv1_r5gelrrlcshbapfwqgnqrebulx
m5_6,221328d77daf6db2d352c3188df4fbc41ff8ca7fa6e79c194a697404d41ad7b4,eqv1_pvhjpguactvpcnfwsdoe7dtsc7,2019-10-27T17:56:48Z,5.7,5.7,1,2019-10-27T17:56:48Z,2019-10-27T17:56:48Z,19a333d7baff17d018fad31d159819b9a36bc4219ec419aa79c195bd1533e41b,eqv1_pvhjpguactvpcnfwsdoe7dtsc7
m5_6,0ea2dc63dd4234dd65787c73e5307b35041b46751e4005112a8d7122c610da36,eqv1_x6gdzcxfliiy3cpkpue5zdfzxo,2019-11-25T01:18:19Z,5.2,5.2,1,2019-11-25T01:18:19Z,2019-11-25T01:18:19Z,43603c3d0e523f6aad1a8a3e7386ad1cb7802c4a19502f0d5474b2ff95bbdc33,eqv1_x6gdzcxfliiy3cpkpue5zdfzxo
m5_6,11eec6284b6f8980f9de2252710433d783ad369658fd4c352e9511282fbd7f84,eqv1_ozkwsq4eon74oryr3x3qv2ep6u,2019-12-18T00:14:05Z,5.2,5.2,1,2019-12-18T00:14:05Z,2019-12-18T00:14:05Z,1f753ff4efeb4ef1c8a30b512dd26b19d07f8f430e7d932be159255ca1365315,eqv1_ozkwsq4eon74oryr3x3qv2ep6u
m5_6,3bb12200f3edd13a86459a689424f598cb5f69570f65b2bbeeb5a7812281ea4a,eqv1_hfhvqmhzgjemf3jjf4beeoakyq,2020-01-16T08:32:38Z,5.6,5.6,1,2020-01-16T08:32:38Z,2020-01-16T08:32:38Z,064a44b529c5efd128662e4b23070f41e043eff711dd5e743b970318abdee1df,eqv1_hfhvqmhzgjemf3jjf4beeoakyq
m5_6,8404ab1222d614dfe12b8207557b5fb6148868c1e4e898ff6f01c5de170f1924,eqv1_fmdbgwg5riasvv2yfdaev3xhy7,2020-01-17T16:05:50Z,5.4,5.4,2,2020-01-17T16:05:50Z,2020-01-19T14:23:01Z,26fdba3d25cede5925d08c7c8bfffd7270556d6715d6e475c2dbdd53b9778efe,eqv1_fmdbgwg5riasvv2yfdaev3xhy7|eqv1_d4sinmsq7trencwyjj5uc43t64
m5_6,680a469c008f7ce52ae52ddad3f3ff76e57b422f6ae78fa0a486e30444354c98,eqv1_echsrvgg7spdkq45afi2dhtjet,2020-01-24T22:56:05Z,5.1,5.1,1,2020-01-24T22:56:05Z,2020-01-24T22:56:05Z,5f07ba12aa44526baf9be55428f80a4505ce4fae7919ececa6e8944c4e431ea1,eqv1_echsrvgg7spdkq45afi2dhtjet
m5_6,62b984f8aa8b627e51d571b1a92cce4f2f10402882836307b349ae8783689073,eqv1_uhkxkrxpc76c4lpq334lxxyasc,2020-02-02T16:05:41Z,5.1,5.1,1,2020-02-02T16:05:41Z,2020-02-02T16:05:41Z,eb0b85646556079fd55be1703eb10f291a919e342478dd347cf2f5d8d3a4b331,eqv1_uhkxkrxpc76c4lpq334lxxyasc
m5_6,2a6ce482e52bb011d1a8fa6b97f1246f84e6801b19adcc426922bc894e023d2f,eqv1_ppgv2rs4ofuaynasyu37rdhtac,2020-02-20T18:01:40Z,5.0,5.0,1,2020-02-20T18:01:40Z,2020-02-20T18:01:40Z,e6d881f4f978826dc17462cd8a71ea1f4e4b608ae6ee9598cd59b24165595f4e,eqv1_ppgv2rs4ofuaynasyu37rdhtac
m5_6,e82e6b526bda4d2df7f82da31d0ccd6853438181448edf8eff472d7c29c33e75,eqv1_2ap6w2vau3gd5eja7f3kwcqzrx,2020-02-21T15:39:14Z,5.1,5.1,1,2020-02-21T15:39:14Z,2020-02-21T15:39:14Z,cd4863d6a6b7ac71c07ee65a86c4c9f37ea26c51daee584ef9ae053a6ba47ab3,eqv1_2ap6w2vau3gd5eja7f3kwcqzrx
m5_6,c00cbad211be200a6513d53bf8b9409cd8571805b1cb762c65586702b03325b4,eqv1_6gf7bhyrsruibu3g7ox4ftdezl,2020-03-09T18:12:11Z,5.0,5.1,2,2020-03-09T18:12:11Z,2020-03-12T15:44:03Z,e872264f2217d1237d0f255baeb583c92c2ca8f9899993696c7f35d658117667,eqv1_6gf7bhyrsruibu3g7ox4ftdezl|eqv1_u7mdxepgbw632hm4gd2rg6z67o
m5_6,e4ec5cbd51c662fe57ee21b0606992e581cb146dc4f159f61db70df5b55d74dd,eqv1_e33vxkpdh6n4dqkjys6646fuci,2020-03-20T01:33:15Z,5.9,5.9,1,2020-03-20T01:33:15Z,2020-03-20T01:33:15Z,590a32d579e3bd4466dca54f202855dc2c1e6537dda828125fda2ae6972a08e3,eqv1_e33vxkpdh6n4dqkjys6646fuci
m5_6,d404a9dd0d753e3b1c49cb8f966afcadfb610cc239a0e99a8fdcf1465d90c269,eqv1_lyj54zybp54hq2j5j7sy4ul3eh,2020-03-22T19:21:39Z,5.0,5.0,1,2020-03-22T19:21:39Z,2020-03-22T19:21:39Z,e43d4b01539e4c9ed33d730a7f584d379a34313b66f9f499bfa29f33c8f5e9fd,eqv1_lyj54zybp54hq2j5j7sy4ul3eh
m5_6,e934f9ae6457b6a0060c29dab2a0f0b22da103728fdd80837f8148c71f1a270f,eqv1_gtfhfkos3udmar6f4gccdp4mfq,2020-04-01T12:23:27Z,5.6,5.6,1,2020-04-01T12:23:27Z,2020-04-01T12:23:27Z,f1b4265aa08d7023e64884e08d206a505189ee4ad9c8d3cb0e44902c59705894,eqv1_gtfhfkos3udmar6f4gccdp4mfq
m5_6,63203f37bc4d947525788af93e243a54f661db66a29b398528e657021407fdc7,eqv1_phmxfgrozxnk76rfiabtt2ltv2,2020-05-06T10:51:00Z,5.0,5.0,1,2020-05-06T10:51:00Z,2020-05-06T10:51:00Z,22880558b422e58821b94c1a3b1ad2ebffbeccda891874126432307546880eaa,eqv1_phmxfgrozxnk76rfiabtt2ltv2
m5_6,9136bd2fc08868ce3fc0f727315edbf20a9b7655891fd8d89310a22870b2ed0a,eqv1_ml57r3mbcfk65q74rda5cziaca,2020-05-09T15:35:59Z,5.2,5.2,1,2020-05-09T15:35:59Z,2020-05-09T15:35:59Z,814fdad55087dcc7af59983a1ef0aac378b62b126f807f735a7300e699b99e8d,eqv1_ml57r3mbcfk65q74rda5cziaca
m5_6,71e18f0e1c1a959542f7e6a9561254215ceb7b8bc4002524e9d65c980366f05d,eqv1_2o3ttmmhlmadxytsktzeiva5mj,2020-05-18T13:47:59Z,5.0,5.0,1,2020-05-18T13:47:59Z,2020-05-18T13:47:59Z,df735b1fa76e8d693788a27ec95ce3b834a5f0b59b56f2120c923c6cceae9517,eqv1_2o3ttmmhlmadxytsktzeiva5mj
m5_6,623834924919cfc1b33a1d7a2b25673a7e887ab527db8380f8108ac67c04e417,eqv1_ryo7ijmlkflwagxmjkrf7inqjf,2020-07-11T22:38:25Z,5.1,5.1,1,2020-07-11T22:38:25Z,2020-07-11T22:38:25Z,a27404c71a81d64de5305f2c60191096fc6a4ebc0fcfa5ad61029ddefce98be6,eqv1_ryo7ijmlkflwagxmjkrf7inqjf
m5_6,d96668c23a81f43f60bedc30065feee01e719d667b800a6f77059d053df0fa09,eqv1_p244rh5vktxmys5sjgthgfbxvs,2020-07-13T01:28:02Z,5.0,5.0,1,2020-07-13T01:28:02Z,2020-07-13T01:28:02Z,717d5fda1f5fb97a6a6055c7b610354818863812b64655f06e6aec2f20e86ab5,eqv1_p244rh5vktxmys5sjgthgfbxvs
m5_6,f5b11b4fdaad831ac964a7e1be7fdb300050369d9c721b307039ef3663b4c884,eqv1_lckwval5ug7bdq2kajqjtmpujs,2021-03-23T21:14:16Z,5.4,5.4,1,2021-03-23T21:14:16Z,2021-03-23T21:14:16Z,44dc1a197c5692e4e37967790dba4c91ddd941913e9099a14879b26d77d85ff0,eqv1_lckwval5ug7bdq2kajqjtmpujs
m5_6,671363ee7ab16c6e3eedeff023957736207dd401ea99783e7d0f359646ff83bb,eqv1_m4hwjmxeps4indwfq5d3qffxm7,2021-03-29T17:27:24Z,5.8,5.8,1,2021-03-29T17:27:24Z,2021-03-29T17:27:24Z,5f4ebaff154de8539d52a821de8a9b8050cdac92e832097504b168e3d40e9fc9,eqv1_m4hwjmxeps4indwfq5d3qffxm7
m5_6,c633bfdbdf81c8a07fce94655b0006890f5a2354e65ce0009565836ed10692cd,eqv1_ouhqejt3jkhgrfj6ggbfl52znw,2021-05-21T13:21:25Z,5.6,5.6,3,2021-05-21T13:21:25Z,2021-05-21T14:31:10Z,ac270b4d18439fefb0c51dc9e25b049941cfab17ecc205a03bfa182043b9c272,eqv1_ouhqejt3jkhgrfj6ggbfl52znw|eqv1_deqvsbxdusl7u5dbaihazfxew5|eqv1_hpjavtdnn6yjd46uw6emsqq3yu
m5_6,0db9635451ec776c89631fe7d7d6ca3bd8919f9dced50e90040e10ac46a1e5ae,eqv1_q6t2cy2u5rz62fw7cpcq62eug7,2021-05-22T02:29:34Z,5.1,5.1,1,2021-05-22T02:29:34Z,2021-05-22T02:29:34Z,e35d717e75313920f7299b1b98180cc4d02cfe9d2069ba5a012a04aa081c9fa6,eqv1_q6t2cy2u5rz62fw7cpcq62eug7
m5_6,d49870a316d182fd64381ecc08253a45a6608af0c48744ecd8faec270853ffff,eqv1_xwz54dttsxvm7z5xpet4ny47dc,2021-06-10T11:46:07Z,5.1,5.1,1,2021-06-10T11:46:07Z,2021-06-10T11:46:07Z,a5811a031e13886f9d723559a8d3cac7c35d0280475917e2160c3f6f075d0ae4,eqv1_xwz54dttsxvm7z5xpet4ny47dc
m5_6,7c6cdf83d66eac6d1ab35f42f122fd460c35116be83383e08f169445994ebfd2,eqv1_ufjfyklcowfcruque5m6ndbmke,2021-06-12T10:00:46Z,5.0,5.0,1,2021-06-12T10:00:46Z,2021-06-12T10:00:46Z,e9755dd288da2902e73fc8f6e0ce6752fe9ee1dcb70a14e9d80f05745321c139,eqv1_ufjfyklcowfcruque5m6ndbmke
m5_6,2456318dcd65aaa464b10308a89655564781f2c7836c71bd1bdaf4f9c656f790,eqv1_kabinlwp3wbvhysrvwbqj55io3,2021-06-16T08:48:58Z,5.8,5.8,1,2021-06-16T08:48:58Z,2021-06-16T08:48:58Z,b5ac30168d31212412f346264a4c0d91e353f904a96fc4ff4b31decdc93dc13c,eqv1_kabinlwp3wbvhysrvwbqj55io3
m5_6,4aba39367b1ff803b781e1a1ed4bd80e1f5b71c402aef195d98c17696fd41b1c,eqv1_uz4uwpfqqlf4rjgcuy2xlrbmrz,2021-08-13T04:21:35Z,5.8,5.8,1,2021-08-13T04:21:35Z,2021-08-13T04:21:35Z,c90ee30a2149fde390a77e9a4e8ce036faf923043a10b103d5f0940ec21e5baa,eqv1_uz4uwpfqqlf4rjgcuy2xlrbmrz
m5_6,211a8da894d9e0e5f62e805784bcbee73ec602c2f29a294d4c131ab74a96bee4,eqv1_fq47bt7niksxh4wggstdghjnhd,2021-08-25T23:38:18Z,5.5,5.5,1,2021-08-25T23:38:18Z,2021-08-25T23:38:18Z,683656795d85cbaa2eb2bed89b03c604f4df8e0d8cbc66ba64df684d2305b7ce,eqv1_fq47bt7niksxh4wggstdghjnhd
m5_6,5497e19bbb74566cdfbd7d886d05e89044957146c4e793205566ef59097809cd,eqv1_vsybjhyp35qb26figbzn3lttpb,2021-09-04T01:54:08Z,5.1,5.1,2,2021-09-04T01:54:08Z,2021-09-04T17:52:08Z,f8571f94980be19af3279a8578be3b716d492dd720a973c1e2ee8c81bf0bcdc2,eqv1_vsybjhyp35qb26figbzn3lttpb|eqv1_nqzosev6tfvhg3xl2uqvz2ujbf
m5_6,f668095c14e8e931cd1991d735f5e39c7345b0ed2219ae0a7e10a19ed0889da1,eqv1_wlw2ewj45cqfurx7vtdp4q64ag,2021-11-30T13:53:43Z,5.8,5.8,1,2021-11-30T13:53:43Z,2021-11-30T13:53:43Z,c0177c77babda5559eda02ec16de563177467a04bd489d9c46dff8f65e591a42,eqv1_wlw2ewj45cqfurx7vtdp4q64ag
m5_6,5252a836223ccc87c6908706dd1c5eca8d60ebd5fe0d354a939701a990108bdc,eqv1_pg73texpibwg27vvwv6y34mo3e,2021-12-18T23:54:28Z,5.3,5.3,1,2021-12-18T23:54:28Z,2021-12-18T23:54:28Z,1613f78ef0a20c4effb262c11517cdb3523140dbc8f2d1707218bf540f978a03,eqv1_pg73texpibwg27vvwv6y34mo3e
m5_6,fe0338cd32f15af8e3fb0330f046247630fd4189e95ade9b0a6f26fd6ea0f838,eqv1_5jo3g5zohl2ekio5ylqrn5mspe,2022-01-02T07:02:06Z,5.5,5.5,1,2022-01-02T07:02:06Z,2022-01-02T07:02:06Z,98aec94636e5ace2b7f018aac01c7029c19b6ba9a76010d769b791633d14095e,eqv1_5jo3g5zohl2ekio5ylqrn5mspe
m5_6,8314462a9f4041c71ef37831c4feba4cd142fbc217ef9593d5e5c74bcec745b2,eqv1_64vbnmkxeehd7uoi2vrhht666p,2022-01-07T18:09:05Z,5.1,5.2,2,2022-01-07T18:09:05Z,2022-01-12T10:20:40Z,e4d504189e2cbb36813632b5f141ecd41a39df28213cd31f3a2a7630a7f764ef,eqv1_64vbnmkxeehd7uoi2vrhht666p|eqv1_bk2vtl74ccju6cjqdjv6dkosfn
m5_6,71ef92cb7d7c23be31a5b42b6e0d05f7d5cd13735f73d6000c321659a704c1e6,eqv1_3o6mdgclpjpguanay2kcqif4a2,2022-01-23T02:21:17Z,5.8,5.8,1,2022-01-23T02:21:17Z,2022-01-23T02:21:17Z,aa82feed3f0484c7cc32223bfded395c613317ec0db4e1a6cd440e5f1807533c,eqv1_3o6mdgclpjpguanay2kcqif4a2
m5_6,a163ecb12c5b3b457fa5f7ddc2b39ce187ddffd6608ce72072ac550c4f292247,eqv1_l4skqphrmttv4d463qhch2mc73,2022-03-17T00:26:03Z,5.1,5.4,2,2022-03-17T00:26:03Z,2022-04-15T01:26:14Z,fff67a5cd431a7fd5ff9bba52eff150aaadafe78f4a8fe769e33076efaa659e4,eqv1_l4skqphrmttv4d463qhch2mc73|eqv1_w5owjyxzeup6urruq743faqqa6
m5_6,40046381dd915893b325b272f77ca955d08a7caa2ff3eee4127c8888fcd7efb8,eqv1_xuopa5vctn2k6sdlilxy5buqiq,2022-03-17T13:41:18Z,5.2,5.2,1,2022-03-17T13:41:18Z,2022-03-17T13:41:18Z,7020b09e4a29dcbd6cb1866d6a01615134c10644353f8bee63110eb68bdc5040,eqv1_xuopa5vctn2k6sdlilxy5buqiq
m5_6,b36e4e655964a703487c4f1eefba0b9338e7149db17326eeb45f413a281e5a27,eqv1_zf5siw3w4ipqulhlnorgupcgs5,2022-04-05T23:50:05Z,5.1,5.1,1,2022-04-05T23:50:05Z,2022-04-05T23:50:05Z,ce33b2297a37f078faab9d9f578b6a73d603241e40498cab8cc65702494baf41,eqv1_zf5siw3w4ipqulhlnorgupcgs5
m5_6,9b5c3086e3e29ca87f4d68faee9c8a60f6be783cb0e0eaccf0a229f326c6c39e,eqv1_f5a5aammomdgqxumfyoi7d6tsd,2022-06-08T06:52:24Z,5.0,5.0,1,2022-06-08T06:52:24Z,2022-06-08T06:52:24Z,639d88bdf966051944e4473e76b18c04f1475b009dd0a05387615ce1dab824ef,eqv1_f5a5aammomdgqxumfyoi7d6tsd
m5_6,1418cabd37a56e8e4a1f57534f7b8a19303254487111579d949cf84b629f7da8,eqv1_a24462nvnzzxaakf4ztcjjgck4,2022-06-09T16:03:09Z,5.8,5.8,2,2022-06-09T16:03:09Z,2022-06-09T19:27:00Z,b1a482cc714f44ffa2d7f84da670a48e6a0a5448eb70b307ead623fb0ac90951,eqv1_a24462nvnzzxaakf4ztcjjgck4|eqv1_tle76dseiujddawhr4a77qi6f2
m5_6,08c0c5e1536032a21f6c107d4d10d5da892886052ec556a5b0700478e96b9d96,eqv1_252wz6sva4u6yx42urbssdu6pf,2022-06-23T18:27:37Z,5.1,5.1,1,2022-06-23T18:27:37Z,2022-06-23T18:27:37Z,5958191112f487a49f2441ec8cd385c049e5516466d76c02c05b8b7203cbc24c,eqv1_252wz6sva4u6yx42urbssdu6pf
m5_6,ebe51540e952fe0bb85a9d7a9c62d3a46aaf6be1d829da639fce66dcc47b155c,eqv1_mal7azqzfogqsclujlq65veuth,2022-07-01T20:13:11Z,5.1,5.1,1,2022-07-01T20:13:11Z,2022-07-01T20:13:11Z,91911b7d23834400e61e07ccd1c7ff0cca95e17e0773a6c6359e087e47bf108c,eqv1_mal7azqzfogqsclujlq65veuth
m5_6,c67b38d55c6268e6f72e8a313fdbd9272e9cabcf22b7a1866ebeae1abecaf586,eqv1_3owv7bqlvfuli5vdswzs3ytjok,2022-07-02T22:02:11Z,5.2,5.2,1,2022-07-02T22:02:11Z,2022-07-02T22:02:11Z,7c4b6abe9b07d452bd22e0d1f8f46a4a970f5e41bd441bbd200ec134bf87cb9d,eqv1_3owv7bqlvfuli5vdswzs3ytjok
m5_6,f17a8accc4d49c1631eeafb61efa67b4ea4d230d2f34ef039396d368df970d30,eqv1_jtonwojefb3gi7jybvxobbdii7,2022-08-14T08:20:00Z,5.9,5.9,1,2022-08-14T08:20:00Z,2022-08-14T08:20:00Z,4a886933975fcc66f7c56a584f611f35adcdb5cd117f8d4da25d3caea424c2a8,eqv1_jtonwojefb3gi7jybvxobbdii7
m5_6,eb449fffb6137821b26a7efc6a5ca897357007f6dac32c1889242486ed7197bb,eqv1_wkrgagle3ze2t3v4vldohjm7fm,2022-10-16T08:54:31Z,5.1,5.1,1,2022-10-16T08:54:31Z,2022-10-16T08:54:31Z,20454c0a569fa8e72e2de994016d738fdc3acf96148fd70109d44a98ad1b2ca5,eqv1_wkrgagle3ze2t3v4vldohjm7fm
m5_6,fc41c80ac4cbd3c9fb654a586ba675374bb00271ee849039943757600d891186,eqv1_4trgcwfx2awupe3zzbrefj5wrh,2022-10-19T04:35:34Z,5.5,5.5,1,2022-10-19T04:35:34Z,2022-10-19T04:35:34Z,7f8988cde2729319704489b71c1f1376275556a48e3bb441e6c3bb8c7575fbda,eqv1_4trgcwfx2awupe3zzbrefj5wrh
m5_6,6859e71b4c4c999d3809438204d4b6c44d284a4677a7b69adc1d3ed480987604,eqv1_slmpkqd3aeptkenmzcuu63ffid,2022-10-22T05:17:01Z,5.0,5.0,1,2022-10-22T05:17:01Z,2022-10-22T05:17:01Z,1bec392db72faf24a29c1d0d94cd26fba3be65912cd4e4d6262078184831a53e,eqv1_slmpkqd3aeptkenmzcuu63ffid
m5_6,c40561aa56f43e0dec488b92b53e55759adb42f5f8142bd666702467c9ae2c34,eqv1_jttdfog7zndzfhpqbqc5a4s5uz,2022-10-23T15:06:58Z,5.1,5.1,1,2022-10-23T15:06:58Z,2022-10-23T15:06:58Z,f0e1148781ef559e5e100398b2f7411336f615202fd469346aecdf7e12319412,eqv1_jttdfog7zndzfhpqbqc5a4s5uz
m5_6,c8c68c1986ee5760cb0ae29ba589e63425d45d5587302669d01d4795ac3454d2,eqv1_sea46pqzjsniwg7h24tk6xbdui,2022-11-10T05:01:06Z,5.6,5.6,1,2022-11-10T05:01:06Z,2022-11-10T05:01:06Z,2fef0ef2431bbe6041bd3dec53a55c5476422a804e44599d7d41103f046cf3a2,eqv1_sea46pqzjsniwg7h24tk6xbdui
m5_6,01c37d9f273c33ef2dffa1b522d82e0250e2550e8a2523d86dc8a46846ff17e6,eqv1_wjzcpgwnxupoep7w5vgc5xzq5f,2022-11-18T17:27:34Z,5.0,5.0,1,2022-11-18T17:27:34Z,2022-11-18T17:27:34Z,1316a0e97a548fd824e781ca23ee288e14fd969050db17e0861bc382bfd46e0d,eqv1_wjzcpgwnxupoep7w5vgc5xzq5f
m5_6,4c2587475ffc7046e351c58ec9429505e40fb6ee491712dc6053ff89be074f37,eqv1_wu7isfexy4d4f3smdlxrqam3al,2022-12-22T02:47:02Z,5.0,5.0,1,2022-12-22T02:47:02Z,2022-12-22T02:47:02Z,578d69c6170fa7029f51a87f1b428437892776f28e42a4dcc068c76a9a311997,eqv1_wu7isfexy4d4f3smdlxrqam3al
m5_6,7ff8750dc1feefdd0e8fd3acf602b85441b0a4356d0b411c383c1ea12f7ae69a,eqv1_cnuoestulmmasdamr2acmlvqtb,2023-01-25T19:49:43Z,5.6,5.6,1,2023-01-25T19:49:43Z,2023-01-25T19:49:43Z,cd449ad1bfaab6a2900d9be8b2012af2b5ddfeddd2fd781e9d68a3f08c488198,eqv1_cnuoestulmmasdamr2acmlvqtb
m5_6,49c1418988b649639a73f968865d61cf71cdbcfc504b2a31f8925d66fe813f5e,eqv1_ycknbuwor4tzexokgi4wweo4ah,2023-02-26T23:58:05Z,5.1,5.1,1,2023-02-26T23:58:05Z,2023-02-26T23:58:05Z,9a22cdc73e6df61332e03f0798f555b25ffc17cd2d7c36815725f4e4781ee985,eqv1_ycknbuwor4tzexokgi4wweo4ah
m5_6,0239e845cc355ca7616f6a11df741e5979c929a0267d8e1259ae011480aeb2ac,eqv1_eokfw4uyzlbzsz7rnqznt5diwi,2023-05-02T15:27:22Z,5.2,5.2,1,2023-05-02T15:27:22Z,2023-05-02T15:27:22Z,c4971139a799a5ec2b6c42791e024d4cfbe1a672898941e14cbe201a3785d9d8,eqv1_eokfw4uyzlbzsz7rnqznt5diwi
m5_6,8f56ecceaa1df4bb7894b1a39b7ce3904613e8dd5b514a69d815120255019ab5,eqv1_qw633rdzugb4ln5jeugf75s52r,2023-08-05T18:33:59Z,5.5,5.5,1,2023-08-05T18:33:59Z,2023-08-05T18:33:59Z,dfe45a607e35a80d4f3352006e68d67ece16a14835b28c218918c6c2c592039e,eqv1_qw633rdzugb4ln5jeugf75s52r
m5_6,a0b75ca166db131eaf5f23893e9e0e10a93e40815179942b0d6404c90e54cb57,eqv1_kv2r4p6a5prmapkk4xqhkdkzz4,2023-10-24T11:32:13Z,5.5,5.5,1,2023-10-24T11:32:13Z,2023-10-24T11:32:13Z,4734d9ed123e5df546be7ff60661da159a7eed274b921e0693527992b005eb14,eqv1_kv2r4p6a5prmapkk4xqhkdkzz4
m5_6,57563b93fe3dcfaa1839c4d28c879adde57a6f4dee47c5d171a86dc012f6b71f,eqv1_vh3gtbvatjkg6kz23cozpibzcq,2023-11-07T18:09:48Z,5.4,5.4,1,2023-11-07T18:09:48Z,2023-11-07T18:09:48Z,80aa4f0d9c80ccd8656b1705eb728a0f5d1bc77a3e376f2592113794cfe4c4c8,eqv1_vh3gtbvatjkg6kz23cozpibzcq
m5_6,d45a76966d510fe7265fed6d7cf04de4e3f633a45002836536138c34b456b05d,eqv1_aednkmmskfpkynsxp4lss5yifg,2023-12-01T14:55:56Z,5.0,5.0,1,2023-12-01T14:55:56Z,2023-12-01T14:55:56Z,5554f4f257f1229094c9c1158e56a70dd1b28bae5da8fff165047de2e22ac923,eqv1_aednkmmskfpkynsxp4lss5yifg
m5_6,ce4b6f6c6f1240a225d6b25e301ace9bd7a808c641377b84eef54f07ae914d89,eqv1_aw2ayfldbqlfnvk3adrz3qyihl,2023-12-01T17:36:33Z,5.0,5.0,1,2023-12-01T17:36:33Z,2023-12-01T17:36:33Z,78bb812506bd86e646c9b58d9a20dda2afe933178e60b4b5151d2b7c94177989,eqv1_aw2ayfldbqlfnvk3adrz3qyihl
m5_6,73c22397f18d6a7c73ab36fe6bedb6f06c616fc93b4d15a729582b483b001c0d,eqv1_aexeseucvlmlndlexrxwxykxi3,2023-12-19T01:46:21Z,5.5,5.5,1,2023-12-19T01:46:21Z,2023-12-19T01:46:21Z,22c7641a23f6d4e53e7234fa9bb32bc1215fa3b43e8f42e8885995c7676bbe7a,eqv1_aexeseucvlmlndlexrxwxykxi3
m5_6,95d8a52c0ae27d0567b694080f5a35c5213b87aaa1aa3d21b55d3e91a676c7e6,eqv1_il5ib666fwadu7x33dsutopl6j,2024-01-22T18:42:33Z,5.2,5.7,8,2024-01-22T18:42:33Z,2024-01-29T22:27:40Z,0486d8da8e760a79b8981c4f741dc8cef0a5e1c235958e7b3886eb1e3871fbef,eqv1_il5ib666fwadu7x33dsutopl6j|eqv1_ix3slssdpicjefpnt3x7t3a3zw|eqv1_rin4hg7gvi2awlpb2k5ug4shvt|eqv1_c6ef24o6y2sqymf4vdzt7vbgkw|eqv1_jhyrp7dgibqhe4xyylxkcddpbz|eqv1_g3cdn5m3xxzulnt7lm5jwnfegv|eqv1_7aepvuk2gjsas7mygkdcbmcxjg|eqv1_e3sxwwceohfxtjy6omgltbhobv
m5_6,6b5451265aad98e5baf5b93c9b80199febad9a5dbf7a6e71fae3e53ab19ba605,eqv1_wprpmqshukbwwxvyx36454kyb6,2024-02-23T22:58:55Z,5.3,5.8,2,2024-02-23T22:58:55Z,2024-02-25T04:14:59Z,1d7c662f5baae07a40f39413c177250838ed75ef1333fcb9397c0d234369e704,eqv1_wprpmqshukbwwxvyx36454kyb6|eqv1_s73woeufiua7gub7da7af3fbvv
m5_6,399f806e986c47add3bf3d6d1c089fa9f39c82b44d854bb05c8df62366af83c4,eqv1_bzfpxxsjb4qidojqfeoxq5hxzx,2024-03-05T02:07:31Z,5.3,5.5,2,2024-03-05T02:07:31Z,2024-03-07T10:06:30Z,177e011f783b21e9aef7a0101f3c2b17098f98a5f4f5f165ebc9815584283565,eqv1_bzfpxxsjb4qidojqfeoxq5hxzx|eqv1_3x67644g5ugjgpajzfo2yrpabm
m5_6,549a4bc77143eb989ff0c1972daed897c40d463dc2e0c416f2c06feddb6255a6,eqv1_edcqdw2ypojuvhorx7ylndcwxm,2024-04-04T00:39:35Z,5.5,5.5,1,2024-04-04T00:39:35Z,2024-04-04T00:39:35Z,d457297a7d385e584a9a1da3f06945d7466e79d09572371dd975338e7536cb7b,eqv1_edcqdw2ypojuvhorx7ylndcwxm
m5_6,2119e5be5e7d4cd4d00500edad1b20ed0d7fa9e42777158ce2d819810fcfa5b5,eqv1_xer5qwyptpk5ecj43liuolkgsm,2024-04-07T08:46:18Z,5.4,5.6,3,2024-04-07T08:46:18Z,2024-04-10T14:56:17Z,a78ae66de516a8cefddf82444845f787d18b3e4918127eccb87d767dd4b2cbf9,eqv1_xer5qwyptpk5ecj43liuolkgsm|eqv1_33msaq5hkcz7ta6wybirkkdeiv|eqv1_asjshcx37jsihlajyqf7xnwnch
m5_6,4c230f3596850b1820dad69f708e86803e15920ee814139777dce5bb38c43031,eqv1_x2ahgs2sht77xia4tnlpapyxbl,2024-04-13T05:44:41Z,5.2,5.2,1,2024-04-13T05:44:41Z,2024-04-13T05:44:41Z,9238be69de38b3bcf2596b8246da102cd276ac6005021f494eca1133052844ad,eqv1_x2ahgs2sht77xia4tnlpapyxbl
m5_6,354d982a9e2b4bec1b3516d9410feaee6b6135ba30ab6bd87e43842ca519bf98,eqv1_ksfv5zqguaiol3xwxpliii2hav,2024-05-20T05:10:22Z,5.2,5.2,1,2024-05-20T05:10:22Z,2024-05-20T05:10:22Z,dd1a23779e70c26bff4f5373643606a0ce0cbebbf578608174b4c8d4af97bc04,eqv1_ksfv5zqguaiol3xwxpliii2hav
m5_6,135ada664e8db98edc3147463992902fe6daba51e5e20e453e03c7737e276d96,eqv1_q5xm2akacgh4om7wkrh7qsdtdf,2024-05-27T03:07:10Z,5.0,5.0,1,2024-05-27T03:07:10Z,2024-05-27T03:07:10Z,baaffc1985d860c25d4cb58a5c43be9d90cbb3d93e918238ec5dc9b173b3b91b,eqv1_q5xm2akacgh4om7wkrh7qsdtdf
m5_6,605661401e8c350bb94db49b1e8153457a029400ec39c10785d7b0590cb2068e,eqv1_pbnbasf2qtrhbwfchfwcmrnape,2024-06-01T00:46:37Z,5.9,5.9,1,2024-06-01T00:46:37Z,2024-06-01T00:46:37Z,593026cbfd8016c168a628e6c4171b5d446efb3acd701cbc4e599ac2f8b2d874,eqv1_pbnbasf2qtrhbwfchfwcmrnape
m5_6,b09011e988f67fc26b6bc0786489ab08c4eb91ff42799c190e604e60afef4d91,eqv1_6rssprlqbdd3hdumeyk5x3pbas,2024-06-10T17:35:24Z,5.0,5.0,1,2024-06-10T17:35:24Z,2024-06-10T17:35:24Z,8db56719e250b47f2ae95c8adb9d4b745d2235aa58d3d22da95ddcfd151278bd,eqv1_6rssprlqbdd3hdumeyk5x3pbas
m5_6,347a4365848ee3c7a7bda2ecead715734fb733d08fdc51f38ca8ea047f1ba554,eqv1_65dc6wf6uuasqdidlattekm2ce,2024-08-21T23:38:00Z,5.0,5.0,1,2024-08-21T23:38:00Z,2024-08-21T23:38:00Z,870d03c8468d04458d3070ce8fa2b2de10511c127d9bd86e3e655d8ceafeb74b,eqv1_65dc6wf6uuasqdidlattekm2ce
m5_6,2576724cc6f50a1810ef13674d9f45fb861944860c25ef325ca9a45da05e200a,eqv1_3wmj34qmq4hrv2xevfv4oiyruf,2024-10-16T22:23:01Z,5.3,5.3,1,2024-10-16T22:23:01Z,2024-10-16T22:23:01Z,16f83ff36265de9fc71634e7d4ff1eb63772745180c5595600de32e83582d53f,eqv1_3wmj34qmq4hrv2xevfv4oiyruf
m5_6,50811eb059ff47c61418122c4b3fe93337b2a7d6bb0a5286e786bbe3ba79b1d5,eqv1_buwbb7r2gozklcf4h3l6gjw5gn,2024-10-26T08:35:57Z,5.5,5.5,1,2024-10-26T08:35:57Z,2024-10-26T08:35:57Z,1117a79b918192beb529bd33195283844a380e86f1c5f1d749d0f737a821623b,eqv1_buwbb7r2gozklcf4h3l6gjw5gn
m5_6,1b6e02404907cf954e6e8256d851559ed0fc8aaceef0556b583c4928b4024c51,eqv1_edhqtvfxpi2x5caj7s33ulq4ni,2025-01-08T07:44:20Z,5.5,5.5,1,2025-01-08T07:44:20Z,2025-01-08T07:44:20Z,4c2ccb4880b5fb0d6f42fa270b07721bdc464122247f10ce92a7a26fd40c8161,eqv1_edhqtvfxpi2x5caj7s33ulq4ni
m5_6,017c216e2c833e50280205b12a407c01b14203feb204956f81f2fc96dce93f48,eqv1_bj62laoxqfbf6q3owvd7cquz4g,2025-01-13T12:58:20Z,5.0,5.0,1,2025-01-13T12:58:20Z,2025-01-13T12:58:20Z,c47f0523d8f5702913468233524e066ee5ef15e9559af608f9b365d1671b0572,eqv1_bj62laoxqfbf6q3owvd7cquz4g
m5_6,461437a24ac2ddd276e691ba07cba3887150e5e7f97c46168037898e075c4f6d,eqv1_t3ow2fkie2og756ctlegf3u7hr,2025-02-04T23:42:33Z,5.0,5.0,1,2025-02-04T23:42:33Z,2025-02-04T23:42:33Z,6df9ad8361d9331fbf10b96c0dbdb75a54550e242132053b49b430357a008641,eqv1_t3ow2fkie2og756ctlegf3u7hr
m5_6,653f83916bc52a7813e8dfee8e1c954923bf272e4d8243a08d2c10ae0bd779db,eqv1_kwexyndbuoqn7qqj36lj4iizb5,2025-05-11T21:11:21Z,5.5,5.5,1,2025-05-11T21:11:21Z,2025-05-11T21:11:21Z,41a98bcf8187a93e9edf14b0f82c9c9f5efa64aa49f889de405e08f67ee620f5,eqv1_kwexyndbuoqn7qqj36lj4iizb5
m5_6,a64e1e64ea98a81830151e1a583600b11519034980ad1930edaf217f5a67c31b,eqv1_24h2dx5swpdfv35nsy5pl7avfu,2025-06-04T20:31:51Z,5.0,5.0,1,2025-06-04T20:31:51Z,2025-06-04T20:31:51Z,0118bacd9f51042a2a79241aaee46a566618f277262645afb218899da3ebab03,eqv1_24h2dx5swpdfv35nsy5pl7avfu
m5_6,30f6de6cb8c2d0ca896b1741e7b8347de58df1bc333817ad34cf9580c4be54e4,eqv1_famviucfkoh5g5tov67ep2afc4,2025-09-26T21:49:57Z,5.6,5.6,1,2025-09-26T21:49:57Z,2025-09-26T21:49:57Z,bbb084cd93862a75b8719da2046e5c293b1b598c7d8db0522ff2789bd4e9fc25,eqv1_famviucfkoh5g5tov67ep2afc4
m5_6,9aac6b6138d22ff93d2a5fa121b9cfa19d132161079d55bae9ba0cd884cfcff0,eqv1_yo3ggknugsmoq6hkqqbv7a5pka,2025-10-09T05:17:38Z,5.4,5.4,1,2025-10-09T05:17:38Z,2025-10-09T05:17:38Z,dd57cc0f786060be9bbb9969420d3410ee8be2b14af9f1132da894f0b6c12c7f,eqv1_yo3ggknugsmoq6hkqqbv7a5pka
m5_6,54958d6dd85f7c070de081d9c3ab36453cee03ef307f18bc1e1637ce64985561,eqv1_bntjjjijyol624s7rwdf3nkc5j,2025-10-25T11:45:22Z,5.5,5.5,1,2025-10-25T11:45:22Z,2025-10-25T11:45:22Z,4901540ad476b2cb728840987551155896c544e6757cd0d24a5a7b79d4bcbc81,eqv1_bntjjjijyol624s7rwdf3nkc5j
m5_6,6542e47240b90d1f795fa9091c4cd5709fb775031e0fa28ae4703d553da9d4ba,eqv1_wmhygaapfeaokuhsq4emmohbym,2025-12-11T11:59:23Z,5.0,5.0,1,2025-12-11T11:59:23Z,2025-12-11T11:59:23Z,5929eacc06fb26f95e1238811a9a82e3117be062cb4e887ce938c15b6d66a1a6,eqv1_wmhygaapfeaokuhsq4emmohbym
m5_6,36ab914745a7da783fddb21cb93ccbb8f09b71a2be6906c49487a2d05aff7cde,eqv1_daym2bmsqsmz65zczdkoqwbtgb,2026-01-06T19:17:13Z,5.2,5.2,1,2026-01-06T19:17:13Z,2026-01-06T19:17:13Z,385f05100db922339cc4ced40e93aabdd09324dfc618aba128b62f6caa842935,eqv1_daym2bmsqsmz65zczdkoqwbtgb
m5_6,b81b3e1d68250ffe5895d8e58d4ef9d0fcbf6746971ffd095f6c87874db7a176,eqv1_fjhu2t7n6tk5zzl2th575b3dd4,2026-01-19T11:32:03Z,5.1,5.1,1,2026-01-19T11:32:03Z,2026-01-19T11:32:03Z,f8331e50fd05ae2ae5efc6cba6aeaaa7fe364cedcccabd9ed084030a4cca8d39,eqv1_fjhu2t7n6tk5zzl2th575b3dd4
m5_6,b77373215c94b622a1bf1626bf88105fa584fe3b4ddfe314da3b16fea95dde8c,eqv1_3errxunf6n5527d34fnay53akg,2026-01-26T06:56:00Z,5.5,5.5,1,2026-01-26T06:56:00Z,2026-01-26T06:56:00Z,73effdabddcb0f8dd27093f5a89b452a968301b9a667e251bbb0fae36abdbc01,eqv1_3errxunf6n5527d34fnay53akg
m5_6,d0e616ae3c2cb5be624a3b3c84888c7349f892cc19ddfb20ea6c39eb8fec9b02,eqv1_r2hn3euuytlx3ob3dnfjkmuend,2026-02-23T04:12:07Z,5.1,5.1,1,2026-02-23T04:12:07Z,2026-02-23T04:12:07Z,ce97c4974d40e2ec57dcd6502f8b251dc3aa256467ef3ceef659c57fed81958f,eqv1_r2hn3euuytlx3ob3dnfjkmuend
m5_6,03dd977f129a2037ed2998b21756313a45e062010ac727f1a53d4b89921f467e,eqv1_4vo6vjn444gzc36j6jp56qz72f,2026-05-17T16:21:00Z,5.2,5.2,3,2026-05-17T16:21:00Z,2026-05-18T13:44:25Z,49e87b3db107c9bf464777240370dc6c132dd40ad1fb08e2cfb527ba72893ce8,eqv1_4vo6vjn444gzc36j6jp56qz72f|eqv1_x5p6uct6zjuocbmjclznxlb2gl|eqv1_f2gtnbhg53ogm5gsl26s4s27d2
m5_6,6bd6c5f1430167b508a50463bca84f84992b52503974759fad8beafa2152c8d6,eqv1_fohoo5m65kktxzzcmbx74wzwxv,2026-05-29T06:55:00Z,5.0,5.0,2,2026-05-29T06:55:00Z,2026-05-29T06:55:56Z,7f3c8aacdcdec9904da7795ab69275618ec63f9fa42e5d8d9f2d4310c1a29d0e,eqv1_fohoo5m65kktxzzcmbx74wzwxv|eqv1_j4zh6ec75ui2av2ayd4232lnsv
m5_6,97a7d32a2bc9050dc5d177469b8050c9aa11061dbce01763fc8ffa7f53f586f2,eqv1_dlcdjg6f7gabxooy2ffy77znep,2026-06-23T15:29:00Z,5.2,5.2,2,2026-06-23T15:29:00Z,2026-06-30T23:44:53Z,779e064eab5b5e647a89de613f87175a23c4edddc71aa3024fa57f99217280de,eqv1_dlcdjg6f7gabxooy2ffy77znep|eqv1_ottysmzgr6phk72lf2tg6bmkvv
m5_6,0a89340c43ac513d75c99a5a63c75c3495cebb0e97fed084143ac1c2fd711a50,eqv1_kv7sydtbc4ktsqjt2iskvcfzne,2026-06-28T16:12:00Z,5.5,5.5,4,2026-06-28T16:12:00Z,2026-07-08T02:08:48Z,9fec509705bcff3bf9dd3871a9f33197484c34f65703945eda9c357203e7fc4a,eqv1_kv7sydtbc4ktsqjt2iskvcfzne|eqv1_lbc2ugmhmsq223pimpxe4g2e23|eqv1_eeeemjvp2rp7rb6ealvzu5ngyh|eqv1_fhgpetrub2ph5aqwqprd3qkjmg
m6_plus,9734995b50c543e822ef43fbba871e6b5c9a81fffc804d969c8aa948fb3df6ac,eqv1_dwv7p77kqz6d37fm6osc4vbsmz,1970-01-04T17:00:37Z,7.8,7.8,1,1970-01-04T17:00:37Z,1970-01-04T17:00:37Z,8656ef92ea8f3875d8dbf5cb6869f6ddfc91da9736b2b0617efdfa4ad45fce28,eqv1_dwv7p77kqz6d37fm6osc4vbsmz
m6_plus,de0ec326f6666f32069ac7724eccb5da6f5ae70b9b77976902ef4e4176a4c79c,eqv1_bnwa3ly6nhrvka2hpr2zrjq3cw,1970-02-06T22:10:40Z,6.2,6.2,1,1970-02-06T22:10:40Z,1970-02-06T22:10:40Z,f9c719f07295b9dada4da8c8187216d3d06a68a4745179d80f46bf71454351a4,eqv1_bnwa3ly6nhrvka2hpr2zrjq3cw
m6_plus,489e761d3320ade2c11f0e81752a0e7626d32eb28b27e852af1fc5ccafb02ff7,eqv1_rw2yuvmgh6n6cov6lv26n4dtyp,1970-02-19T07:10:03Z,6.1,6.1,1,1970-02-19T07:10:03Z,1970-02-19T07:10:03Z,e0c547dd70bf484456bfeb6276b02720c0a8633355d915478d914264a1205918,eqv1_rw2yuvmgh6n6cov6lv26n4dtyp
m6_plus,1f87a9d64161f59b4c12995a3c9f10ab349184ecbf78ef362eaf75fa3dce0364,eqv1_d2upisn2ychmaj3vydzwp42syc,1970-02-24T02:07:34Z,6.2,6.2,2,1970-02-24T02:07:34Z,1970-02-24T02:07:34Z,a7eb4893d2942b8dabe138b08623ac301d38fc7786039616b8f4bb97d4c0edc9,eqv1_d2upisn2ychmaj3vydzwp42syc|eqv1_lnkpl4prigkdijmyilbiyoj3pz
m6_plus,b0eb6ffda0e966a688ad99b6efb494c0dd37d557eab05b13094c964128a1e9b7,eqv1_4wqujuvcz7gn6bh2223x3doodu,1971-03-23T09:52:10Z,6.0,6.1,2,1971-03-23T09:52:10Z,1971-03-23T20:47:15Z,7a42aec36e9efa4ce24f208ded1adab2df1a46ef9791b33cfbf44d0bdf7d6214,eqv1_4wqujuvcz7gn6bh2223x3doodu|eqv1_qbhociegiw5hgmepd333ixegme
m6_plus,59916fef2b084f79e93600416e172891a52a91aba62a1e13513d93728dbb3fc1,eqv1_mirvyzf5dblqq6wxycld34hyf7,1971-03-24T13:54:18Z,6.3,6.3,1,1971-03-24T13:54:18Z,1971-03-24T13:54:18Z,48c80dce05693752447c51aef7bc519a3e438ad6a0f718b9d1ecd8b277e2d4be,eqv1_mirvyzf5dblqq6wxycld34hyf7
m6_plus,b9a699598aba004ed775f794512e5d0474d3ca2b385a58ae8efe4207e869a451,eqv1_qmk4x77kbrmjlu7yu2ytbknnta,1971-04-03T04:49:01Z,6.3,6.5,2,1971-04-03T04:49:01Z,1971-04-03T04:50:44Z,48e80c98fc8c8bea4610eefe1d40c631c727b7c0bdeaeae7b5ae7a5b3f82b9e1,eqv1_qmk4x77kbrmjlu7yu2ytbknnta|eqv1_ih2vkicults6yirvbws6cuyaf5
m6_plus,5ef016c36b26f2c30acf77918cfba963196b69114f62445344c1dc7a59a44bf9,eqv1_eh3bf6kmm4lkgy2qnx5ikaaoww,1971-04-28T15:32:01Z,6.7,6.7,1,1971-04-28T15:32:01Z,1971-04-28T15:32:01Z,182369963dcbfa65abd0eb5814c7c3d826464c82ba4d2d2c5ba1a6c285292da8,eqv1_eh3bf6kmm4lkgy2qnx5ikaaoww
m6_plus,1e294632dbf47ea4cd0006792150a332ab6bc99c3101427dc07990f30160152d,eqv1_u5s4ojwmxwzp7qny2ad3vwxh2v,1971-05-22T20:03:30Z,6.5,6.5,1,1971-05-22T20:03:30Z,1971-05-22T20:03:30Z,ea686f440c2718d6c752f512ca4d202bc78c29b278c236f546c56fc18f48b713,eqv1_u5s4ojwmxwzp7qny2ad3vwxh2v
m6_plus,c114e0fb99022439ec608231da52ac253cc6b8054495be9ac7e6c6b5a113ee66,eqv1_cse6weiuker66rf2egi6gk6xt7,1971-09-14T03:11:06Z,6.2,6.2,1,1971-09-14T03:11:06Z,1971-09-14T03:11:06Z,1bfc5890781f8d4795c7a69d8f5f63456a67ac9a984ea4424fe103f3f857cb85,eqv1_cse6weiuker66rf2egi6gk6xt7
m6_plus,05d26835af401b1bea25a33410a6621b4a576a72fc833334263ef73e67deacf9,eqv1_oholwmo5gict63dodjn2syqlnm,1972-01-15T20:21:50Z,6.2,6.2,1,1972-01-15T20:21:50Z,1972-01-15T20:21:50Z,c5a72ccd86203982e83b2bfed794b81625af4011eaece3715635c2f254524055,eqv1_oholwmo5gict63dodjn2syqlnm
m6_plus,f22509e6575ec34f363bdbde950c10cc3d95aa2acc4f501d5135ee04594bd444,eqv1_x5i7llwdsp4prbmyskuwbvwklb,1972-07-22T16:41:01Z,6.0,6.0,1,1972-07-22T16:41:01Z,1972-07-22T16:41:01Z,d8c987ec3a1e66eb507f1e854a0296c675adc32317f730682091693018550467,eqv1_x5i7llwdsp4prbmyskuwbvwklb
m6_plus,ed0d3bcbe495ef7056fd07786be8c41d6657b14b727742f6cbe0eec76cdc7548,eqv1_krv5m7tfjq3jk7ajhuip5x4nkj,1973-02-06T10:37:07Z,7.6,7.6,2,1973-02-06T10:37:07Z,1973-02-07T16:06:28Z,e622a4ecfd3a204e9d85780d362a66ba2e7612855f6f03462f87ae498f6c0b9b,eqv1_krv5m7tfjq3jk7ajhuip5x4nkj|eqv1_whlhwo2kgq6465jcd4lerestnw
m6_plus,953a800f7c651f98480f24f6d53dc735cda12ca76c60033cdc54743fcc4fe078,eqv1_mz7zuzqxyxkdj5o7yqjtvxiwf2,1973-06-02T23:57:07Z,6.0,6.0,1,1973-06-02T23:57:07Z,1973-06-02T23:57:07Z,3b7b6a4872d0b15445f7d4eef4e38f83425278e45c1eb932b5f22540b519f568,eqv1_mz7zuzqxyxkdj5o7yqjtvxiwf2
m6_plus,e5de495c3b5c3b32b5d1a7e2cb6265e3535f49568d633fc8a1b4e5910b252cd2,eqv1_rh5ctywttpdjkaofkkbai5cjtx,1973-07-14T04:51:20Z,7.3,7.3,2,1973-07-14T04:51:20Z,1973-07-14T13:39:29Z,3a1a84d839c11c2543ad69679dbff2dccbc7b9260ee2074c29b9a4aa2949b7dd,eqv1_rh5ctywttpdjkaofkkbai5cjtx|eqv1_anxosixrlb7samhyj5255awakb
m6_plus,c996fc6882e508b268decaf0468a56ce4f51876829bd6203491400837db9462a,eqv1_vzwloj6gxzioirpcejo7mqrtcn,1973-08-11T07:15:37Z,6.5,6.5,1,1973-08-11T07:15:37Z,1973-08-11T07:15:37Z,b9bae091c66b1927c11cd0a0913ab9ebb8c75a576bdbd008ccf2fd5b706d19ae,eqv1_vzwloj6gxzioirpcejo7mqrtcn
m6_plus,8f4f66c0a3b92c8578f3e5dc6a570874a80805562acd4d3edeee093a3f848464,eqv1_3daopowaa2aoqi5ubnyjfqq6ro,1973-08-16T03:58:11Z,6.3,6.3,1,1973-08-16T03:58:11Z,1973-08-16T03:58:11Z,7d685e5cf27de3d44ef59c578f69d961a7e402e9392f721dcef57b3a29989bca,eqv1_3daopowaa2aoqi5ubnyjfqq6ro
m6_plus,51686ead51b64c262c405e5a6a934c13cbb028a2bb435da7bc99140b1c3af26e,eqv1_khovovxqfusslwjqrlp34gvczh,1973-09-08T07:25:42Z,6.0,6.0,1,1973-09-08T07:25:42Z,1973-09-08T07:25:42Z,ee8f80e8d69930b567bb976c2c24b4a97079cd26279a738358ca9e8d13e35d10,eqv1_khovovxqfusslwjqrlp34gvczh
m6_plus,0189c253545e170d6289a96bbaaff690b4eba36a8af350d5b6379268079946e3,eqv1_y7z5zex5h54z7b6nr7o2q6ka3r,1974-05-10T19:25:18Z,7.1,7.1,1,1974-05-10T19:25:18Z,1974-05-10T19:25:18Z,7f01ec046778b6de4fe687b314fc7ff478f0bf926b9510b524915f7ea6237b8d,eqv1_y7z5zex5h54z7b6nr7o2q6ka3r
m6_plus,dfe99e6d0724279d3ccc2759dc9333ba9d888b3a7697b43203af25a701b26ec9,eqv1_zwwo6vqgfvg27f7lrnfm2444x7,1974-08-11T01:14:00Z,7.3,7.3,1,1974-08-11T01:14:00Z,1974-08-11T01:14:00Z,abb3fec4fd75f57b502f73f8125279aecdfe06969c6e97db36123446eb8d4fbe,eqv1_zwwo6vqgfvg27f7lrnfm2444x7
m6_plus,79f067f9537336302596cc89da41e1529e7b9c2bcd249ad684156763c976d760,eqv1_ew5xcx4sflfegm7iqauarhywtu,1975-01-15T11:34:42Z,6.2,6.2,1,1975-01-15T11:34:42Z,1975-01-15T11:34:42Z,601ded3c7dffe4b62e6196960b38f068ae31b12f6d8869f5a0f5da96b0b9a937,eqv1_ew5xcx4sflfegm7iqauarhywtu
m6_plus,aca922590601ccaeb71431b2234a8adeffb3fffb6197bf07cbbbba2920f63fc2,eqv1_qytylvoifm2f7dgkyvgltiy737,1975-01-19T08:02:03Z,6.9,6.9,1,1975-01-19T08:02:03Z,1975-01-19T08:02:03Z,a51f89bc95f92c1a217dd3c7c35c08d1cf52f5ef55b347b594764d54012b6653,eqv1_qytylvoifm2f7dgkyvgltiy737
m6_plus,a2f188ac2c1cbf40bf27462a754ff27958689dbc6403c4dc9335febdb8a30a5a,eqv1_t3az5ydhp3lnwmvjbfzfiohj35,1975-02-04T11:36:05Z,7.3,7.3,1,1975-02-04T11:36:05Z,1975-02-04T11:36:05Z,0ca2b84cb70e0ed33564642c1bf0c31faca5de36da56539741b5f5531f0d3902,eqv1_t3az5ydhp3lnwmvjbfzfiohj35
m6_plus,6303568fe1dc639961939ba7af73bb7e2fcfdcc124a97d2073ef28de4b08e472,eqv1_4bvhu3i7uhsenx5lqzcedljvye,1975-03-18T18:44:16Z,6.0,6.0,1,1975-03-18T18:44:16Z,1975-03-18T18:44:16Z,6fd9a29ea5a64d969c28a6a390d333d450422805cf50e77c5ef8a08de2a47b1f,eqv1_4bvhu3i7uhsenx5lqzcedljvye
m6_plus,e0ec246aa52a083c542c5c016026b4179a60a7b203fe4169f1d500ae4d20103b,eqv1_gd5yzceg7aee6wejfe74rnubna,1975-04-28T11:06:43Z,6.1,6.1,1,1975-04-28T11:06:43Z,1975-04-28T11:06:43Z,e2c16b457c8dfc0d835835431c4fdacd1ee7b43626d3c2802e2bc9208cf380ef,eqv1_gd5yzceg7aee6wejfe74rnubna
m6_plus,ac403cf563dd0243e6ca8dc0b045e3daffe0b410851ce80e7f4cfac81997d22f,eqv1_jmihkx4tzkjv6jai77wbcsxn4p,1975-05-05T05:18:46Z,6.4,6.4,1,1975-05-05T05:18:46Z,1975-05-05T05:18:46Z,6e3841c1a8b32feda8bac36dff46510c6846a47bf81efb992ca08397bef5f2fd,eqv1_jmihkx4tzkjv6jai77wbcsxn4p
m6_plus,b3e6a9c681a54b8526da2346132f5c0e03f28131e319e8ab0901696053efc87b,eqv1_2dl7trxixuoz45726r23wunzgg,1975-06-04T02:24:29Z,6.1,6.1,1,1975-06-04T02:24:29Z,1975-06-04T02:24:29Z,9fe4d37bf7c575077c9908482aa939ad9f3b77c70e2ebf069e1fc51ea08b10c8,eqv1_2dl7trxixuoz45726r23wunzgg
m6_plus,8653c2a87454e66a5c5d4ca2242614220d18dc7da34d4237a6e1f293cc94307e,eqv1_msjm5zcqms4of6vvqwhrqdsbhd,1976-04-05T16:54:38Z,6.2,6.2,1,1976-04-05T16:54:38Z,1976-04-05T16:54:38Z,1fd2baf6ef0bad0db0b7f6ab1f7f1079014924f0a1dae8a0d7b28cd11dc22ba5,eqv1_msjm5zcqms4of6vvqwhrqdsbhd
m6_plus,1e3e9c72fc73d719cd631ccfec907d031c4da224c0fa81b225f9e0eeacd4b6b4,eqv1_pa2lcxr3dvdl2xotcpx4y2o6gt,1976-05-29T12:23:20Z,7.3,7.4,5,1976-05-29T12:23:20Z,1976-06-09T00:20:35Z,71b69f88492d42e378e29ea63b5b68bfaab45cf69797e2d5c24fe1bae12bcaa9,eqv1_pa2lcxr3dvdl2xotcpx4y2o6gt|eqv1_h26q7sxn653ahnm5amgndqhqci|eqv1_cxxa57haksw4dkpox7aj4auxpg|eqv1_yb2x343kbgvbke2pwakj57exmm|eqv1_bjqwladcbba2vhbvsptoye5ixw
m6_plus,ba0dc324f8c73c49c077f9d8a5741adc69db714d2202aa1d767de2a070e6e11e,eqv1_3kkobie6xjmvuidonzkgtedals,1976-07-03T16:33:22Z,6.0,6.6,2,1976-07-03T16:33:22Z,1976-07-21T15:10:47Z,ffa659d2b43a572fb8ab9b2116b90007b1539e9892004042f791117dccbd9461,eqv1_3kkobie6xjmvuidonzkgtedals|eqv1_gdcjz4tk44nwciksqjontlaqjj
m6_plus,b2db5de8396fa7c741bbcf0895a5f9dd77d797039d7490f227d04e81752028fc,eqv1_6rwlhpfs3szia3gy3ozazqcsap,1976-07-27T19:42:54Z,7.8,7.8,3,1976-07-27T19:42:54Z,1976-07-28T10:45:34Z,a7e6ea4ed3743207ce5735988d730234e1c3ae2c5266f8b1e5c00ee33ba3499d,eqv1_6rwlhpfs3szia3gy3ozazqcsap|eqv1_ifcuwvjgx6lll7g6utvv7hguqw|eqv1_2nyzmtok5keg2wagjwmkzhtj4l
m6_plus,8d4a4421bb93d832c4de3d0b1ac50f4e544df1ad873b6cb3bdc83fc45de8e96f,eqv1_hiovkth7hgdj2jcr2lk7krervo,1976-08-16T14:06:45Z,7.2,7.2,3,1976-08-16T14:06:45Z,1976-08-23T03:30:06Z,a9dabc09c51aae7a75b65a46218fd8c5bea6b63f21a8ab6a5b18b15894973a46,eqv1_hiovkth7hgdj2jcr2lk7krervo|eqv1_yx27cjzijrhokdtgqsgr4zgecb|eqv1_tvm7hegtegxzepigoavg74zric
m6_plus,44be1252a70900777fa2a6933a55e52d3183566a33265812d7a57aff1c0584a7,eqv1_pdaojbtl37obktjaeta4l45hy6,1976-09-22T20:07:01Z,6.2,6.2,1,1976-09-22T20:07:01Z,1976-09-22T20:07:01Z,9bdcf9dc35e86d3870306ab36e9041d2c46b79e9cdaf8f887d8f517549b6d7b5,eqv1_pdaojbtl37obktjaeta4l45hy6
m6_plus,b32e434d141a022f40486ded336e3615b74801fe2f5687bc4b0b059c8bd9651c,eqv1_6l7ohvxz3dck7exeyqauszadb2,1976-11-06T18:04:05Z,6.7,6.7,1,1976-11-06T18:04:05Z,1976-11-06T18:04:05Z,34b59068a8fc78f0591fc6ada46f673e31a2e82f49de776adc1c6eb952f6c706,eqv1_6l7ohvxz3dck7exeyqauszadb2
m6_plus,bde2e8ab14d8750dc4e88744b0f4d739b109a0df25adef58f12047517c134280,eqv1_fyximfy33u3hn7xbxyai74tkcx,1976-11-15T13:53:01Z,6.9,6.9,1,1976-11-15T13:53:01Z,1976-11-15T13:53:01Z,fc65d8d08822a0d625376e5886ff0b44d93b9f9e88337d204d05197115070fef,eqv1_fyximfy33u3hn7xbxyai74tkcx
m6_plus,521395fcf4d5d86f1097402507639e120742f10308771765e1d7a819213d03f1,eqv1_iujyqkvjbcd32ufldavgpfomt5,1976-12-13T06:36:57Z,6.4,6.4,1,1976-12-13T06:36:57Z,1976-12-13T06:36:57Z,ecbd1ec9cba64bd875fcf0cc9da4f6cfc1aa0c7111ddfe1c10deef9b57c1c2fe,eqv1_iujyqkvjbcd32ufldavgpfomt5
m6_plus,1b2899743d7ed6c7831db609ffdd98491790663a811d230700f0faf368875bf4,eqv1_tinyxxwqfwuax4qiki4ds2aswu,1977-01-01T21:39:41Z,6.4,6.4,1,1977-01-01T21:39:41Z,1977-01-01T21:39:41Z,130bf0282964077252413e4f1841259c42336e0cd9adb8fe65fe4e08de036d19,eqv1_tinyxxwqfwuax4qiki4ds2aswu
m6_plus,ed44bfc2a0aaffb23d66f871c51619e5738d581c3f87bdadc17cbdd1e8676d57,eqv1_yheemyznb6ul7phxecwhmf6zxm,1977-01-19T00:46:16Z,6.3,6.3,1,1977-01-19T00:46:16Z,1977-01-19T00:46:16Z,5e8c0b5f1be9c519843b833acfede3576977cd3e0803274d61ddfcfc3f454b50,eqv1_yheemyznb6ul7phxecwhmf6zxm
m6_plus,dbca96a2a60bd7b1bf332e90241e97dcce1cb285da1ed099cdd6d5282abffa98,eqv1_mefw3rwv4cm67xmigxufdpz6jb,1977-05-12T11:17:52Z,6.2,6.2,1,1977-05-12T11:17:52Z,1977-05-12T11:17:52Z,8bcee05c7c1485411023cdfdb93b362905724d7d1b276a8714fb6369b48a0b38,eqv1_mefw3rwv4cm67xmigxufdpz6jb
m6_plus,2784ccb8c74d2a5a6917619e9ac5b26ea06cad12a8bfe3e86b45dd9ed22f8204,eqv1_uaqt34fnfmqq5sd6vzo2tbshcy,1977-11-18T05:20:10Z,6.6,6.6,1,1977-11-18T05:20:10Z,1977-11-18T05:20:10Z,c77aabc32679b5aac16d5ed06607c36522c369e621562540b07499b731ae8eda,eqv1_uaqt34fnfmqq5sd6vzo2tbshcy
m6_plus,2f4ad4e63303ee4aca34aa00e6f0b7b2422013762b8ef6f4965d9ac17ca7f883,eqv1_3ibvi4cd3lnmb555lpe4bmf446,1977-12-18T16:47:16Z,6.2,6.2,1,1977-12-18T16:47:16Z,1977-12-18T16:47:16Z,c3ed399569e29d204d18c7b41db9d9926590a669041aa8b6cc9b0c1ed8a66645,eqv1_3ibvi4cd3lnmb555lpe4bmf446
m6_plus,dec9192b4247d8164d367c47333370d5918cd0be4c10d35b807957235f9f31b0,eqv1_eursshafqupluto7ei4bvajvs3,1978-04-04T00:40:29Z,6.4,6.4,1,1978-04-04T00:40:29Z,1978-04-04T00:40:29Z,d60ac203b102a7b10e4754860e3b862cc605b703a6c578c4c1a82ce229f993f9,eqv1_eursshafqupluto7ei4bvajvs3
m6_plus,6b3e253665ceb5698e09b2ed9e5b6b405e29db3926e7b0d19ddea8674921fdea,eqv1_xywkhqjhpkqmtgbam7uvdxvf3b,1978-10-08T14:20:04Z,6.0,6.0,1,1978-10-08T14:20:04Z,1978-10-08T14:20:04Z,92e52a316359e3148d9fb1c84f99c64bfb1808d851f50832e3e42cd82cca6fbb,eqv1_xywkhqjhpkqmtgbam7uvdxvf3b
m6_plus,09c399e34c329c882a657e1e69a2a5834eb4eba5f37bf2cd11ad4d71c07f8868,eqv1_tydrsvfephlpttddtkguoluz3m,1979-03-15T12:52:26Z,6.8,6.8,1,1979-03-15T12:52:26Z,1979-03-15T12:52:26Z,c265bc57ded266d88b04047107eda2a22611fe0515edfc6506fe00554379a4be,eqv1_tydrsvfephlpttddtkguoluz3m
m6_plus,c2277869db3e53922e96171d82b9f4e711bc5dae25721e739ea060e293953901,eqv1_6wnt5nn2detqi6vzuqe2pglnlp,1979-03-29T02:01:31Z,6.0,6.0,1,1979-03-29T02:01:31Z,1979-03-29T02:01:31Z,9319178a91c8c49dfda05548fceac6b2f3873c9b7ac2e7bc2211c22e84d10813,eqv1_6wnt5nn2detqi6vzuqe2pglnlp
m6_plus,b2eeac0e6e133ca20b5760494c25c4393fc0db018f9f9750d65df19c62c5318a,eqv1_7sdqqarraqvk7vu43bm77tqdwi,1979-03-29T07:07:22Z,6.2,6.2,1,1979-03-29T07:07:22Z,1979-03-29T07:07:22Z,9a8aa6a0296a347a0402f7393cd0f002f64ba025831d3d2aa7330da916797803,eqv1_7sdqqarraqvk7vu43bm77tqdwi
m6_plus,642c492326f6613c7c3da28378df69ab1302d029194a6d7b46f0a2bb22e92800,eqv1_4ewk4yxfymrhiy5gwledxaxx2j,1979-07-09T10:57:23Z,6.0,6.0,2,1979-07-09T10:57:23Z,1979-07-09T10:57:23Z,4c9191258f951a675d4026b95e00d2adb5ead80e07370a64783902d6dfb3635d,eqv1_4ewk4yxfymrhiy5gwledxaxx2j|eqv1_flb5dcflcffwvjf6yqla3v5c6a
m6_plus,fa9b4bbbd2f7ccc36919616ce32e7cc635c35a3673e76b63174be93be55bc5e8,eqv1_xobhiormcwnjbms5w4ufm3ol5u,1979-08-24T16:59:29Z,6.0,6.0,1,1979-08-24T16:59:29Z,1979-08-24T16:59:29Z,b1ebf6197c3f77ab736f731915bf460d36e26e00cf5a59cacc0d4054f0d07867,eqv1_xobhiormcwnjbms5w4ufm3ol5u
m6_plus,63fae9a4ccf56b0a97a67ecb80b775ebe9255bf57d94aba2322e5801ad9dedbe,eqv1_nw4nhz4mfekrfv6ifoutotjtio,1980-02-22T03:02:45Z,6.6,6.6,1,1980-02-22T03:02:45Z,1980-02-22T03:02:45Z,1e0bc1972f8402f7cb3700922d32e29c6c4fddd333c6b49d3709076a77d30ff1,eqv1_nw4nhz4mfekrfv6ifoutotjtio
m6_plus,4b86d805749ced95bb3d2bc54a8fb3c36b4ffbf9d4dceb1fc04d711b4f7bc9af,eqv1_iyss6h5b54phmawznmovhvqmy6,1980-06-24T07:35:46Z,6.1,6.1,1,1980-06-24T07:35:46Z,1980-06-24T07:35:46Z,e481fcf59f6a28ccbfabc44b9be4f17ba0f80b5ab284d4fb662005f177be3535,eqv1_iyss6h5b54phmawznmovhvqmy6
m6_plus,69ec9ced89f1d4ec694e69f5cd787830487b6308bc12139db899b5abb4f9b985,eqv1_4oxffy5mozuf4wpfcmlantpit5,1981-01-23T21:13:48Z,6.9,6.9,1,1981-01-23T21:13:48Z,1981-01-23T21:13:48Z,e0a33bcf24b25d814a1d62b0cc54b22dab979d088e19941b00147facd4ef88e6,eqv1_4oxffy5mozuf4wpfcmlantpit5
m6_plus,615305e1ec840052b6fe1a13bbf4bb91d1da966aa50e234c786068ec06d98f21,eqv1_qdfxky2wxxokctlwa32fjd2wxe,1981-06-09T22:08:18Z,6.5,6.5,1,1981-06-09T22:08:18Z,1981-06-09T22:08:18Z,ab1e7ab45ba43d7544c7fbb508e4cae998a7cfcc7f4dd6a855b447f960dc21ec,eqv1_qdfxky2wxxokctlwa32fjd2wxe
m6_plus,be60c7449a38719a2874973dae0cacca855cc92928b868a16b4e9548ab979355,eqv1_luarn2iliejtjhdp2awaegajez,1981-09-19T06:51:00Z,6.0,6.0,1,1981-09-19T06:51:00Z,1981-09-19T06:51:00Z,9f653ce1088390d2bb064ec4ec7b9b973f59418f8d00d1637e8d2f95dfae8dd9,eqv1_luarn2iliejtjhdp2awaegajez
m6_plus,c7a40167d8bdd87d4b653d76a26097bebc5ec20226dc48a3de5478a3a59cde89,eqv1_uvr67yzz7mxairo7tvaoggtwoo,1982-01-23T17:37:30Z,6.6,6.6,2,1982-01-23T17:37:30Z,1982-01-23T17:48:03Z,1cfcbdee2efb5000fccd06c2179faa2db536bbc5beb7bc3b59d60f2121fb43e9,eqv1_uvr67yzz7mxairo7tvaoggtwoo|eqv1_fxunaoz45ndtnaijhszs3dnrgj
m6_plus,9c8ebeb898688137b9e02eb28760ebc882667d34f28f604fe387943da1025d35,eqv1_et5guhulsouytugeuhdkflvwod,1982-06-15T23:24:32Z,6.0,6.0,1,1982-06-15T23:24:32Z,1982-06-15T23:24:32Z,b93f32ececc3e61c408fd006fbc952c1434579fba78cbbfba716dcb151586dbd,eqv1_et5guhulsouytugeuhdkflvwod
m6_plus,dd649f5030eef41b9fbbf04a69e064254502ca68a24222dccf54321073b8ba49,eqv1_p3u6mfh7jszm3vlqmz64wkkfar,1983-02-13T01:40:11Z,6.7,6.7,1,1983-02-13T01:40:11Z,1983-02-13T01:40:11Z,d13154d30cc3c1bd1466496cf18deaffb56520e0f695988552e9f86f8fce39d4,eqv1_p3u6mfh7jszm3vlqmz64wkkfar
m6_plus,5869efd491f103a1012a75cbc86bc93dba4b1d63c14cdec84d0fd25661d5fc59,eqv1_ov3ydrrvm5phvjhz6yeszvhhrd,1983-04-05T06:50:29Z,6.1,6.1,1,1983-04-05T06:50:29Z,1983-04-05T06:50:29Z,c071b7038702420cc18584cbd10ec646a0cf1599599e6d078db5bdde24cbd715,eqv1_ov3ydrrvm5phvjhz6yeszvhhrd
m6_plus,971868797d2e85dc1103ec683cccaa3be4de2bc1339b2166a5de838876216806,eqv1_odvqx2huc7rcskvwmzp4aosybz,1983-10-08T07:45:27Z,6.1,6.1,1,1983-10-08T07:45:27Z,1983-10-08T07:45:27Z,a31ada2fc8f9c26ebdb638b9829b17da59d8f6643c93d492b8934120e49e5abc,eqv1_odvqx2huc7rcskvwmzp4aosybz
m6_plus,45dfdebcb5aadcb1c94b90105b458ba18f2473fb29ee35c0fd1d58564043d1d6,eqv1_aabwcoetk3depiydagjblixeqr,1983-11-05T19:48:24Z,6.0,6.0,1,1983-11-05T19:48:24Z,1983-11-05T19:48:24Z,24399ece6c9cb042990c6711db08d56b1d85abbca6c6540e7d7927db201bc0ff,eqv1_aabwcoetk3depiydagjblixeqr
m6_plus,9c8fc07387d616a52eca0ba36c2d1d59618459ff830e96d31729380885c0b9d4,eqv1_63mbskqbay64wdeilkbpenqz6x,1983-11-06T21:09:44Z,6.0,6.0,1,1983-11-06T21:09:44Z,1983-11-06T21:09:44Z,614ad22e5ba62903bf4e0bd7961fae21d57d0afbcd6611d63660d988e406793b,eqv1_63mbskqbay64wdeilkbpenqz6x
m6_plus,a7363566054ec61faade9be28590957c75b635bbcd71281e2493b80ad17c4adb,eqv1_rfosgpqb4zfuurk6rq6mrj6e6f,1985-04-18T05:52:52Z,6.2,6.2,1,1985-04-18T05:52:52Z,1985-04-18T05:52:52Z,1582e85e1e008fe2755febcc62d3356fcbf7f9c843c1659490815bd935b25e40,eqv1_rfosgpqb4zfuurk6rq6mrj6e6f
m6_plus,4795f4ea249c5051a5f2b210196a80451f291bde96f3c23c2081d3d7493f7001,eqv1_mbuuqsb2dwexalldgkbba3qhho,1985-05-20T15:11:40Z,6.3,6.3,1,1985-05-20T15:11:40Z,1985-05-20T15:11:40Z,339daee91ca1345cc8a24be565587fc7da62c2116b7d61dafb4bd392a8536870,eqv1_mbuuqsb2dwexalldgkbba3qhho
m6_plus,cdb03f2ff92d269403dfa4b0ce07ffc4a3bb24ec2be8af96b6b123d3c3a9fed5,eqv1_ctzxwoyryijvm5vtntnlakronv,1985-08-23T12:41:55Z,7.1,7.1,2,1985-08-23T12:41:55Z,1985-09-11T20:45:50Z,2002e54bfca392dd03c46d27ce4d658618a8c385a02224fc8500dcec243285bd,eqv1_ctzxwoyryijvm5vtntnlakronv|eqv1_t2ce4malpcyyd2mpiazid6sifq
m6_plus,908ff45becca4a0da86a6d46e601df082d15821a3b24355079ea380827bf3e1e,eqv1_ezgfsaqvvs6dpbjahinymh4kxp,1986-06-20T17:12:46Z,6.4,6.4,1,1986-06-20T17:12:46Z,1986-06-20T17:12:46Z,2b7fdbe803392819213cbce6e9f1b2600c869af5fb3599583afdea63e43cad19,eqv1_ezgfsaqvvs6dpbjahinymh4kxp
m6_plus,836c1a1f24389ff26aa50aef9d40b5854ce92c083bbd5afae1f2fb0319dcceca,eqv1_ghn2jgisq3jenmxn7lqllkvbmv,1986-07-06T19:24:22Z,6.1,6.1,1,1986-07-06T19:24:22Z,1986-07-06T19:24:22Z,6e786f0c799ea8c34a3ec39dcfffba3909cbcd9dbbd90d4fee4602d145f8b52e,eqv1_ghn2jgisq3jenmxn7lqllkvbmv
m6_plus,3bb8beba886989710b3d12016970bff329e1cb2ea4815838f30a1137e0b921a3,eqv1_lrjva7ni655y5qf2kpxfwm73cg,1986-08-20T21:23:52Z,6.4,6.4,1,1986-08-20T21:23:52Z,1986-08-20T21:23:52Z,2ded8b475264cc68c0f85d8f436d861ad5a6349718b5ca6610860c1fc7d36c1c,eqv1_lrjva7ni655y5qf2kpxfwm73cg
m6_plus,e6a7c2ea0d62250b86f45c84b17e8cf63c90663fe3a6d7efda7e5408efc0ba09,eqv1_mlikum3vxrq4odevcs6farzeyv,1986-08-26T09:42:59Z,6.5,6.5,1,1986-08-26T09:42:59Z,1986-08-26T09:42:59Z,31426e0610d4217f28189562ed9fd08d3cfebbfae1bdf5da09c6a3d673993298,eqv1_mlikum3vxrq4odevcs6farzeyv
m6_plus,fc50f15234986f01a58468820caefcb022c4914f9730437bc51bd60ea2413e6f,eqv1_pjn2guqv62dnfaoid4lxdwbb6x,1987-01-24T08:09:20Z,6.4,6.4,1,1987-01-24T08:09:20Z,1987-01-24T08:09:20Z,d9552d5bb9f4e8547b753c6c897ea1c5577b0d05f7a2df50d5bceb56cef92bfb,eqv1_pjn2guqv62dnfaoid4lxdwbb6x
m6_plus,0b5863d48d1bfec900c77471b743e34b2f89c331a17a47ecc5e2bb5eebcbb393,eqv1_prf7fwurauss2i2wxkgfbestgs,1987-02-25T19:56:34Z,6.1,6.1,1,1987-02-25T19:56:34Z,1987-02-25T19:56:34Z,d3fcc0bed7b18c1ace6367e5452d54375b32ffc7c389e8db570f8086cb7d66ca,eqv1_prf7fwurauss2i2wxkgfbestgs
m6_plus,2ab3a74b1084b4cc1c95add6823e71ba6dd57f04e45c31284ab811ca6b67ab8f,eqv1_m4auy6hszoi5vtsvmuu2rplkrg,1988-11-05T02:14:30Z,6.8,6.8,2,1988-11-05T02:14:30Z,1988-11-25T22:29:39Z,08968a25ee56fd7416ea30c77d7540a7d930640756290f564ebd2325ab3a1445,eqv1_m4auy6hszoi5vtsvmuu2rplkrg|eqv1_xcaprwzajkngylpk6c7d742wiv
m6_plus,e850aed24e67db37010b6ef6edc9bf1df692e86cc7bd3f77bbc59e7c7d845a54,eqv1_h6pmqhwhtgji4ab6jdgrqbuvw4,1988-11-06T13:03:17Z,7.4,7.4,3,1988-11-06T13:03:17Z,1988-11-30T08:13:29Z,c2bff9ac350833ab58f90f0803ca8b3d5eebda0346785c673a5537d9a2442557,eqv1_h6pmqhwhtgji4ab6jdgrqbuvw4|eqv1_phghkio5ym4ei65csnxxfyp7in|eqv1_j5mezh3xbpaigf5yheby6linqr
m6_plus,5007830ccc72b0c7c5cd6cbb891df78aa24fa050c1d5bc0dfa35962691d4c95a,eqv1_qgriworbqzqsxxigkoipzayxfl,1989-04-15T20:34:08Z,6.6,6.6,4,1989-04-15T20:34:08Z,1989-05-03T15:41:31Z,170ede98fffe9c75e873517b5ebb0399e61fc927b2288d33eb6edbd0b93317bd,eqv1_qgriworbqzqsxxigkoipzayxfl|eqv1_z6rmhe5z5zip6ofdbyqu6v4lo4|eqv1_3y4nt4ji7twbzqvy2mpytoudi6|eqv1_ljj742pozzwyxwqlnftd2o7xhd
m6_plus,e15c3f6e6e0c89b0637e267c0b6649289271756075a77f8a461d2d93f630f5cb,eqv1_bmvs22tljq7wmbi72vcn6th3kl,1989-05-07T00:38:18Z,6.2,6.2,1,1989-05-07T00:38:18Z,1989-05-07T00:38:18Z,b64356b0671b23cee072bcd5463388005521c65d1be80449802f6b693376bb58,eqv1_bmvs22tljq7wmbi72vcn6th3kl
m6_plus,31d40c096590b82b7b9810b7204dc93101cb4d53103af8ad36f6135d6532e46e,eqv1_shlkucs3ube6m7hosi4n6h7udi,1989-09-22T02:25:50Z,6.5,6.5,1,1989-09-22T02:25:50Z,1989-09-22T02:25:50Z,525257df018cd08db062db296732599ea5bf8c5fa82d82a4888eec67cac19b41,eqv1_shlkucs3ube6m7hosi4n6h7udi
m6_plus,123f21e1d031ee900e8b41feb6fb5f7b3de17b8e37553d582c1166059decde92,eqv1_psj3vyr5b3zy6c27dvm2dcwljf,1990-01-14T03:03:18Z,6.5,6.5,1,1990-01-14T03:03:18Z,1990-01-14T03:03:18Z,c1c4dcd8a3b2ce2565ed931f3f993669fee6f7f826f17fd850502b0c18e58cce,eqv1_psj3vyr5b3zy6c27dvm2dcwljf
m6_plus,5533e543062b3996357c88f78c42553d79099c7663efd2a38c6cafc0aa0d6e59,eqv1_eftquwu23nkgxyhwiyxrywbwqt,1990-04-17T01:59:31Z,6.3,6.3,1,1990-04-17T01:59:31Z,1990-04-17T01:59:31Z,d3ed3e59e2ade929e174a0448c9336e345b1c626c8fe83f9bea377a65c4d4387,eqv1_eftquwu23nkgxyhwiyxrywbwqt
m6_plus,7e27763b79af96608a8a048c69b87b283b399b8ac50ddf46fcc24f1f664b848f,eqv1_3gxoffocure4roc76arbbqfnt2,1990-04-26T09:37:10Z,7.0,7.0,1,1990-04-26T09:37:10Z,1990-04-26T09:37:10Z,186a5573a600996cdf0a49e29bb593782a4f16ec4dd9fb53a04cb597d1ab2e30,eqv1_3gxoffocure4roc76arbbqfnt2
m6_plus,575fd76e230dc9af938cef1aff4e18660841fb7506195b0523f2a3b4b7cb21b9,eqv1_7sm4ehijcbwzrqdnahuxcpym4f,1990-10-20T08:07:27Z,6.1,6.1,1,1990-10-20T08:07:27Z,1990-10-20T08:07:27Z,d60b282b70a42a2a3135be517b03379c6819cb9d565d37df31ee4971d43befea,eqv1_7sm4ehijcbwzrqdnahuxcpym4f
m6_plus,bff15724875d0ff12c883e292b254b9c85b818634183dc11067af156704ac529,eqv1_nz5zfvjcxd32ziksc2g6mho2ji,1991-02-25T14:30:26Z,6.5,6.5,1,1991-02-25T14:30:26Z,1991-02-25T14:30:26Z,b5ebb487983b45fa054d10f095b44161a5c2f7cb1ee941f3575b2fcfe261c4d6,eqv1_nz5zfvjcxd32ziksc2g6mho2ji
m6_plus,b272ef1f6b4679e4e7413e7890c443589efea0de267f3bd66b43f61066115323,eqv1_7on43wxddcct2fw3k6td7bbfe3,1992-07-30T08:24:46Z,6.5,6.5,1,1992-07-30T08:24:46Z,1992-07-30T08:24:46Z,5914cd39283a4bf24abd4d8590f2bd29f71a40cad626bcb38c547fed8e6c70b2,eqv1_7on43wxddcct2fw3k6td7bbfe3
m6_plus,bd7410d762b6a84e1b60958a9508e346633511b0460d750817fbe7323a762146,eqv1_agxlrekiow2jrqmhcmbnhay4vw,1993-01-18T12:42:12Z,6.3,6.3,1,1993-01-18T12:42:12Z,1993-01-18T12:42:12Z,eeb46be07941ecb97679c9e5177d7c18a1236924370c2accc801bc29014aeb99,eqv1_agxlrekiow2jrqmhcmbnhay4vw
m6_plus,6164a8a4af55fdc5a002434c154dd9902ce8860dc1af4ec5930bb35a640b4501,eqv1_mt45rlokos7xh7hhssngq6ziz6,1993-01-26T20:32:03Z,6.3,6.3,1,1993-01-26T20:32:03Z,1993-01-26T20:32:03Z,87f699ed553b74298ad0460666d258654b51455ec1535b07bf59357d7a89725a,eqv1_mt45rlokos7xh7hhssngq6ziz6
m6_plus,4a0a7de219d20df78d4501df4ab46db53c23cdee07a5bdc62de68848cc3b5943,eqv1_eyrn2jb2i7gfvq6ujogltkctas,1993-03-20T14:52:02Z,6.6,6.6,1,1993-03-20T14:52:02Z,1993-03-20T14:52:02Z,60a42c54392208ba4235cdc7841efff7d33afbab628a7c9949da0c1c9080da6b,eqv1_eyrn2jb2i7gfvq6ujogltkctas
m6_plus,45ebdb06ca195f0a6da424e3fd2ab9946c4811e6c4ac99ad6442a26243dca3db,eqv1_us7fx74jl5xogeup7e3hvxtmpj,1993-10-02T08:42:34Z,6.6,6.6,1,1993-10-02T08:42:34Z,1993-10-02T08:42:34Z,4148cb7b2ec181bbb6c8b6f59a7817b81d8d2669f7492700b7f8b30040d6c87e,eqv1_us7fx74jl5xogeup7e3hvxtmpj
m6_plus,6e59460b96f983be206b8ade362f355a021ccaa0f72924f8475bfe9d894da7c9,eqv1_3urijtwluhsopvsip5xxh7ywsd,1993-10-26T11:38:21Z,6.0,6.0,1,1993-10-26T11:38:21Z,1993-10-26T11:38:21Z,b975811dbf31263205af34655d1e5c89970f3bc70ba2b4097c7e4eb9f1305246,eqv1_3urijtwluhsopvsip5xxh7ywsd
m6_plus,b83835fab99998bdda9f21c4f58db001edbd09afadd7a9905285a0468d336a89,eqv1_enovm7uj6lbg54as2bqpppsszq,1993-11-30T20:37:11Z,6.0,6.0,1,1993-11-30T20:37:11Z,1993-11-30T20:37:11Z,a8e0957ac544b10a858f26e6cfc4b373ad9bbe5379369ac633c000e7a907cc22,eqv1_enovm7uj6lbg54as2bqpppsszq
m6_plus,904edf7f499867aed4df0bdf574f75106ca2f0e7dca0979187c9e1ed61a62e5e,eqv1_mpanv22auynchsehotn3zf5slk,1994-01-03T05:52:31Z,6.0,6.0,1,1994-01-03T05:52:31Z,1994-01-03T05:52:31Z,95f7d83d27ccc8c7afac39a6c964567841c097921099d37a39c39365a5278514,eqv1_mpanv22auynchsehotn3zf5slk
m6_plus,19f31ba9455ed802bc51e6157d51bf8a2cd0f246ff181060b544eb3cbdb0d8c9,eqv1_snopfcibwudivgw2bgp2pk3vvy,1994-06-29T18:22:36Z,6.3,6.3,1,1994-06-29T18:22:36Z,1994-06-29T18:22:36Z,47836919c0aa9306652e59825d7ca4008956a6aa1ae24ca44e7ab0a2ec20dae6,eqv1_snopfcibwudivgw2bgp2pk3vvy
m6_plus,4ac0bf6084c90bc3627f17f0f3b8ecfc8ecce6a415b4b5a054a0fee33dc0ed15,eqv1_ytjhap4dnd2cyoreuui2ym3ti4,1995-10-23T22:46:52Z,6.5,6.5,1,1995-10-23T22:46:52Z,1995-10-23T22:46:52Z,178479d7fef3befe9d33ac6cafe03b7a1b2df9ab2b4d2d63db751399035abca5,eqv1_ytjhap4dnd2cyoreuui2ym3ti4
m6_plus,de3b5304d17fe791f185a158a74e8cd3882b95e70d3b6235e5a4f2d6e9028c3b,eqv1_pdpuc2eafqpvzrq3mjbbna7rx6,1995-12-18T04:57:05Z,6.2,6.2,1,1995-12-18T04:57:05Z,1995-12-18T04:57:05Z,87551f898eb397e355bc47454d8e5856c3e7b2ceb8c4472f6972801fe5c32566,eqv1_pdpuc2eafqpvzrq3mjbbna7rx6
m6_plus,774628ff2061ad6c110eea422df338c90cafa825dfed5ab76d22b7a66cae646f,eqv1_zenvutw6fvlanofqgqkpewyrmi,1996-02-03T11:14:18Z,7.0,7.0,2,1996-02-03T11:14:18Z,1996-02-04T16:58:10Z,f3666bd1bcfc340e6edb57c13e7b7a479cd59ecca6b37ea79e52e1fd7d34a73a,eqv1_zenvutw6fvlanofqgqkpewyrmi|eqv1_wce66xn2ivxxatoq45ylqv7mdo
m6_plus,62b50d3f9147c9968142fbbd418fe33a6a13c6ad42c7ce7222fb9c6eaa4a98ca,eqv1_ju2iibsj2sxb7wbtwbq3iqz7g4,1996-03-19T15:00:25Z,6.9,6.9,1,1996-03-19T15:00:25Z,1996-03-19T15:00:25Z,04066c5c1d738aa9dd44bbe0553b3cc7f1a0af8c4015980f7354323cfd208455,eqv1_ju2iibsj2sxb7wbtwbq3iqz7g4
m6_plus,9866598ad99b9509ad85ae57fcb0dbd050422e73f033d8ecf06402468a800fa0,eqv1_vekne4w7a4axnymtg6ehzfy7zs,1996-05-03T03:32:43Z,6.4,6.4,1,1996-05-03T03:32:43Z,1996-05-03T03:32:43Z,09186085845d8ee5a95e0a1c8947bb562afab8574eb0def36adb823eaedcde76,eqv1_vekne4w7a4axnymtg6ehzfy7zs
m6_plus,7c470af81934dbc9dcca6c5637bcde9c9c63962f9f16db968c643c7dd9e9a410,eqv1_yrlbu5foahyuxjus46e6edbbky,1996-07-03T06:44:44Z,6.0,6.0,1,1996-07-03T06:44:44Z,1996-07-03T06:44:44Z,ea10c4bc0c7cddfd96459bf3d5e53cfa5f9f13e65d905fed3f4ca584abf02f10,eqv1_yrlbu5foahyuxjus46e6edbbky
m6_plus,a61a7c812a78001193e0c7b1d09e1885f9d546a11f3edf86571d76be33cbd42a,eqv1_cu7kgrsqhtoj2k4sixtvqw5msm,1996-11-19T10:44:45Z,7.1,7.1,1,1996-11-19T10:44:45Z,1996-11-19T10:44:45Z,961ea102931991c7cdff05d3bf5c9aacdf7d06a407531fb31bae12e723ba3a14,eqv1_cu7kgrsqhtoj2k4sixtvqw5msm
m6_plus,15e87024fef083abb55fb6f7cc3025f0494a4cf778a9d9e0b44d0be2193c0392,eqv1_5t5u2qavsouctaj442sudse5th,1997-01-21T01:47:14Z,6.4,6.4,2,1997-01-21T01:47:14Z,1997-01-21T01:48:22Z,b46fae24a7da1b52f781fcc405688920e98c19416c7161a704ce9f73141a2437,eqv1_5t5u2qavsouctaj442sudse5th|eqv1_bwk2vmqolx5whytni2qk6wavbq
m6_plus,959afa7fd8db14c2f0fefe73541b72e14c7ca980775b3ce7408cb0a9c3b48908,eqv1_pzab5546balvoemku2x5erozzs,1997-03-01T06:04:14Z,6.0,6.0,1,1997-03-01T06:04:14Z,1997-03-01T06:04:14Z,ebb3b0168c4b71c4c1278f8202075c05365e66e4c7f64fdc39a40104c206c3c8,eqv1_pzab5546balvoemku2x5erozzs
m6_plus,a053f5026d13faa7c24e71c6e5a90418ed94d8f70ccc90339e04e2bbed1ccc3a,eqv1_xyga3ucioho7rqrpbjfh5jnlu7,1997-04-05T23:46:16Z,6.3,6.6,4,1997-04-05T23:46:16Z,1997-04-15T18:19:09Z,675b8e4954ed388f733d4441a59cb61b34d678230cddd0072a7eb96741f9ed9d,eqv1_xyga3ucioho7rqrpbjfh5jnlu7|eqv1_v333sj767hycojml2eqzwtpf3r|eqv1_ppnynybapb4nr3eisgjlqor7hi|eqv1_i6fioqo7hzs5cz37iz2kaf5yox
m6_plus,c2336d6be92e1de49d5df65a84173b57e717fbb81f9e5315c0dc5b46b22ad700,eqv1_az2xcfwialb54ecflysu5aiijf,1997-11-08T10:02:48Z,7.5,7.5,1,1997-11-08T10:02:48Z,1997-11-08T10:02:48Z,817de30e60f19af29c83f4a8ac05c259aa7b22872176216fcae31c12c1b1ae8a,eqv1_az2xcfwialb54ecflysu5aiijf
m6_plus,0a29283844a317661ae520e10e2549a4c9a5c280bcea4b287ed468c22f7f739e,eqv1_gi4tinj2qeasjo6lwfajdy5xro,1998-01-10T03:50:39Z,6.2,6.2,1,1998-01-10T03:50:39Z,1998-01-10T03:50:39Z,0392c07d543078f8c56335848ae88f24550af251c803e00ba017c1f8d757348d,eqv1_gi4tinj2qeasjo6lwfajdy5xro
m6_plus,657aa9fc7f49ef116aa731b0eced5eee97455ad98471630d940a7c65fd15f267,eqv1_ca6fz3udnw6ngnxq7yfn6ek6st,1998-03-19T13:51:33Z,6.0,6.0,1,1998-03-19T13:51:33Z,1998-03-19T13:51:33Z,5963cd020a72ec48141c7ec145249a3d9034881807442135a7e9b9da829ed259,eqv1_ca6fz3udnw6ngnxq7yfn6ek6st
m6_plus,759259a8654052190b47f76719052b8b760b94d4084bbea3d308216330dcf823,eqv1_pnn5xoq3nvojyvhiblmneo46kr,1998-05-28T21:11:44Z,6.2,6.2,1,1998-05-28T21:11:44Z,1998-05-28T21:11:44Z,a51f70502adbeae9061d475dfa9f3458454edffe55063e032355a8b6123a2315,eqv1_pnn5xoq3nvojyvhiblmneo46kr
m6_plus,357ec34aabfedceb5fe7cbfa8270a1e713419883124926c3341ce868e250f3fa,eqv1_l6njh4zswqzp2g35o77bsxdaxj,1998-07-20T01:05:58Z,6.1,6.1,1,1998-07-20T01:05:58Z,1998-07-20T01:05:58Z,bda4925fe27f8c1f7fa8dcce9b070fed064df7629a578af4016b2cb43ef28396,eqv1_l6njh4zswqzp2g35o77bsxdaxj
m6_plus,37ce50656d8320aac6f91f49b084105538395a63b331d4c9e5da43595ed1a2e8,eqv1_rwno6bzl56snzwbv5actuoku75,1998-08-02T04:40:41Z,6.0,6.6,2,1998-08-02T04:40:41Z,1998-08-27T09:03:34Z,4e845e154cbac014f1f943672b47ba4985593528bbd5bc5e62d7445ac48aa133,eqv1_rwno6bzl56snzwbv5actuoku75|eqv1_qp7z7nx2tw5cnkmotftng3j2ex
m6_plus,22e4729880181e738f816d97c266c164b99fb9b3cd34772fe3bbb38c60931f79,eqv1_rxgfqi5s2qrcxl6utgvboqe4db,1998-08-25T07:41:40Z,6.0,6.0,1,1998-08-25T07:41:40Z,1998-08-25T07:41:40Z,baa0a5636fc18d518fa32170790e9248752763de7ddeb9495cfea6000fcbbaff,eqv1_rxgfqi5s2qrcxl6utgvboqe4db
m6_plus,5d97029b987745bdec237281d88a31364c0a4c895794ae69f29c455c9fec986c,eqv1_cgqyvgoueyykspiedsi67h4rti,1998-09-03T18:15:56Z,6.2,6.2,1,1998-09-03T18:15:56Z,1998-09-03T18:15:56Z,691eb919b435fe227c3c39d3794a6238ad37951bec080635cfd49709ee470a61,eqv1_cgqyvgoueyykspiedsi67h4rti
m6_plus,9ee367e442f836b2ae0966adfc00bf271825ac820387152b54096ae33aac3e0a,eqv1_67f2ihdte3ymfwcbodezwi4btf,1998-11-19T11:38:12Z,6.2,6.2,2,1998-11-19T11:38:12Z,1998-11-20T11:38:12Z,7a8ffd345d98586f875f618495696d5c0010d40212dcc594dfcb78deaa2cfff9,eqv1_67f2ihdte3ymfwcbodezwi4btf|eqv1_cgo6zw35iwf4d7vhidossd3tk2
m6_plus,06a68e77025f5e70c8d3bd923644f8c5b0600057e3c83204a49ce4a526117ece,eqv1_elmrl33pspig6hjabscvhjvoj4,1999-04-08T13:10:36Z,7.0,7.0,1,1999-04-08T13:10:36Z,1999-04-08T13:10:36Z,1e186c60b7cc8a20974011fe237c16402429720876ccf65aa5b21fd9b18a6f5e,eqv1_elmrl33pspig6hjabscvhjvoj4
m6_plus,00aab24a71fa1bd8cf47a95afbc5156ed429cfcfe7a3345f67a2b749c59a07ab,eqv1_q7mybblm62mufvedxneal4xbcc,2000-01-14T23:37:02Z,6.5,6.5,1,2000-01-14T23:37:02Z,2000-01-14T23:37:02Z,c5daeffef3f5f911e07166909ed8259fd06bc562fd3dd3367f29914776fb6591,eqv1_q7mybblm62mufvedxneal4xbcc
m6_plus,cb81a1da282cc2a30751707df1160b9d991e49158517024340c456434bb3ae1c,eqv1_dghcytkwa6si7lywf2ywbft2pn,2000-09-12T00:27:53Z,6.6,6.6,1,2000-09-12T00:27:53Z,2000-09-12T00:27:53Z,b48c2f4f2c46dbdefdfd1a972a11e7077b9b23e2cf4519faf4968746efed98c3,eqv1_dghcytkwa6si7lywf2ywbft2pn
m6_plus,4f3d62e67152e6251f18ae87cc29a8f61e92766cca5b786c2c5a935d3746eb19,eqv1_qja2gg5zt4h6l3na6jn3qp5fie,2001-02-23T00:09:20Z,6.0,6.0,1,2001-02-23T00:09:20Z,2001-02-23T00:09:20Z,177f79bfc9c2882521969e15035fc34b6f464927e3dc54f4cdbed6ae8e3b7d59,eqv1_qja2gg5zt4h6l3na6jn3qp5fie
m6_plus,3e24a4599a3a113f2fd103e3a541ceba33ed16cc980ba865c40e56c2c2368115,eqv1_ju3rff7fvkm4unvd7yds62t7pa,2001-03-05T15:50:02Z,6.4,6.4,1,2001-03-05T15:50:02Z,2001-03-05T15:50:02Z,028d5993b27323d27240337f268594b3bb647114f16b3103ea067430f1850d14,eqv1_ju3rff7fvkm4unvd7yds62t7pa
m6_plus,6f6361b2bc1e079c3e504eee90eecaeb0e83411d085085d744efc11bdd4909c6,eqv1_flb7rstfk7xletmk42vtz52dbg,2001-10-27T05:35:39Z,6.0,6.0,1,2001-10-27T05:35:39Z,2001-10-27T05:35:39Z,4e081200f1d2336104ce57d9ff128c9a447db6e914bf4a454ccf26daf4840453,eqv1_flb7rstfk7xletmk42vtz52dbg
m6_plus,9722e6fce56e93be2fa16436bbd21b6d08d3a9b24b6bd8e83526f7e37698e7a8,eqv1_jvtf3aiphvyiqatuonvb3b6dor,2001-11-14T09:26:13Z,8.1,8.1,1,2001-11-14T09:26:13Z,2001-11-14T09:26:13Z,67d86b4168bddacfd8163d302712d4453191277137b31afe9306634f2f380345,eqv1_jvtf3aiphvyiqatuonvb3b6dor
m6_plus,d2f3a5639c1d43f62384c250c39582fa63cee7eb679bbeb1b273e60cd5cf904b,eqv1_xlkvpnbsa7rjsz4lt6pv6thjnn,2002-06-28T17:19:31Z,7.2,7.2,1,2002-06-28T17:19:31Z,2002-06-28T17:19:31Z,08c251cb0d83cf944914ea87800d969d2287842de9303c13678b4deb98eb2dfe,eqv1_xlkvpnbsa7rjsz4lt6pv6thjnn
m6_plus,f8fa78915a9740cf9eda93e60b92748f92bf9f2808b4329810d190f5127e8410,eqv1_rff7hrshxi7yrfpdz7kyqy6ft3,2003-02-24T02:03:46Z,6.8,6.8,1,2003-02-24T02:03:46Z,2003-02-24T02:03:46Z,c64323c6802e03d1c0945751fcaafbc87828b8d4db7718e419be6d6c84824e20,eqv1_rff7hrshxi7yrfpdz7kyqy6ft3
m6_plus,45d0f90f243e2f9064c2dd425a77cd36dcd95613b45d012fd26ad7f5f3920860,eqv1_qqbxggbh536bww6godndfvoj4y,2003-04-17T00:48:41Z,6.6,6.6,1,2003-04-17T00:48:41Z,2003-04-17T00:48:41Z,8426307d91432dafd0db727a61c3564dc569aed43d9a2e6f9c938b9cbcb6179a,eqv1_qqbxggbh536bww6godndfvoj4y
m6_plus,f81df976a8a76e8b7e42a2038d95f29439e4c167910f2751b61f346d20e7dd1a,eqv1_cc5zqlyqkq7sw4w2jfdcf5kma7,2003-07-07T06:55:45Z,6.1,6.1,1,2003-07-07T06:55:45Z,2003-07-07T06:55:45Z,9ca803275483eeb8340273d6cc425360f588464765630f5abbab61ed7cc29947,eqv1_cc5zqlyqkq7sw4w2jfdcf5kma7
m6_plus,04f86560c391cd19a6d124cbe46d7c8942068d69439ab6f4c398b0f1db6453b9,eqv1_gujcaqsm43dcjlatbrfrnq65xy,2003-07-21T15:16:32Z,6.2,6.2,1,2003-07-21T15:16:32Z,2003-07-21T15:16:32Z,7e6b1e51a3f01627aed5d2cdab1c56089f7d11596b1df50aac606a3630a253e4,eqv1_gujcaqsm43dcjlatbrfrnq65xy
m6_plus,c955e49ca46e967a106a305349bb702eed69e3ebcacd2401f0a110d978d4d052,eqv1_odo3gdgeimrmdqz3yvrru7fq45,2003-10-16T12:28:04Z,6.1,6.1,1,2003-10-16T12:28:04Z,2003-10-16T12:28:04Z,2e6ac59ad29d0561a6ea9ffb8c301d3980e7b1124e7babf42bfb77f209550679,eqv1_odo3gdgeimrmdqz3yvrru7fq45
m6_plus,cd8fec06f743feebe72393eb3a95abacf44366f0665b370e7e16c8b02a7231c1,eqv1_ebscqr2tld7y4fj2ac3m2ltlnz,2003-10-25T12:41:36Z,6.1,6.1,1,2003-10-25T12:41:36Z,2003-10-25T12:41:36Z,723cfb3cedd0d12e07a2deb635e0cad69b8960244ce05d5604d48bce873bb38e,eqv1_ebscqr2tld7y4fj2ac3m2ltlnz
m6_plus,6dc6bc3ae76e07348a4216201ddcbab3c6d1f345211a546c0bc83223ae8dc626,eqv1_xuidud2rfzw6bmngcym2a3zxbt,2004-03-27T18:47:32Z,6.3,6.3,1,2004-03-27T18:47:32Z,2004-03-27T18:47:32Z,b84d212974a8ddc7fb2efaa74b3ceb80c61dda4ba4aab96543d93d1e6f214790,eqv1_xuidud2rfzw6bmngcym2a3zxbt
m6_plus,50aab517d31994d573477d0cd555489ce542d1341c0a84fdb2e5919517b73da2,eqv1_f6jacr44tcxcmffw3ezsn53b2p,2004-07-11T23:08:44Z,6.7,6.7,1,2004-07-11T23:08:44Z,2004-07-11T23:08:44Z,089107c847d21d9d13e36ed29eb107a2e7f074ee269577adaa92f5ba6d92f2c1,eqv1_f6jacr44tcxcmffw3ezsn53b2p
m6_plus,68a7d2afb37ffe9be43855115bc9593bc9736c4a368817ce9ea4d67ff047144b,eqv1_j6buono6lu5acyzbqfyqlyjujz,2005-02-14T23:38:38Z,6.2,6.2,1,2005-02-14T23:38:38Z,2005-02-14T23:38:38Z,52b7d16a3ac8491dbfd4068242c6b17496b84a71857702f3623d0be15e0baa07,eqv1_j6buono6lu5acyzbqfyqlyjujz
m6_plus,8a7b8bf39b839e6cd80a4e618603f0d279b82827ca4cf246b8192f8dcac1b57d,eqv1_unvmgkmpwpxhoqognth43bmubi,2005-04-07T20:04:04Z,6.5,6.5,1,2005-04-07T20:04:04Z,2005-04-07T20:04:04Z,03b610594bbfb8bc4b546644fc1b6dfbd2e411b24f1bbb9193632b411d0fd228,eqv1_unvmgkmpwpxhoqognth43bmubi
m6_plus,89598792dd1d74f4653027096ba7efa29fe8dbdb1a655a53d036bfecb4e5f9bd,eqv1_qx7a2snalodm2ctqqc5fqp5few,2007-05-05T08:51:42Z,6.1,6.1,1,2007-05-05T08:51:42Z,2007-05-05T08:51:42Z,fe837ad462a4ceb48161966d5ad56bbfb1d38150933a3dfdc51d07db27f8f56c,eqv1_qx7a2snalodm2ctqqc5fqp5few
m6_plus,50a45d628ecb4567352c9f904491f89e6c211fc78adec41e64cc2670cb9f0ff7,eqv1_nuopq53bbohkjni7wdhkhqubyd,2007-06-02T21:34:56Z,6.4,6.4,1,2007-06-02T21:34:56Z,2007-06-02T21:34:56Z,9930c921f037a18935a9227a7ff8595e4585f78c688ca9d78dc49514e398f61b,eqv1_nuopq53bbohkjni7wdhkhqubyd
m6_plus,4ddf2e961fdce2b280d45fbbaa95322a8d05dc2d35118c973637b7730e84265e,eqv1_gio7hvxfoszhog2qkajd3mspwm,2008-01-09T08:26:47Z,6.9,6.9,2,2008-01-09T08:26:47Z,2008-01-16T11:54:47Z,a4d187603b64014260931372807c2747856a038408c81ab0a7779c0cc7f58e40,eqv1_gio7hvxfoszhog2qkajd3mspwm|eqv1_csrj57wlzjlau3ylbpiwrrbxty
m6_plus,261bae6b322be2cd5968bc289c17ba1352c0d71ef5b7b050d3e79e213221950e,eqv1_gbi24c7uxnv3u2m7w7ujztkoll,2008-03-20T22:33:03Z,7.3,7.3,1,2008-03-20T22:33:03Z,2008-03-20T22:33:03Z,ff8ead8cee93eabc0ede925c9d186c77a679bf1db4386bcc3121b5fde17f2642,eqv1_gbi24c7uxnv3u2m7w7ujztkoll
m6_plus,5f36a665e468ec2b0f146d4fa7fb0edf4e8526c471eb8a4982ac489ed35355ce,eqv1_3tctfod6n7r7jq35iutzg6ehfa,2008-05-12T06:28:04Z,8.0,8.0,4,2008-05-12T06:28:04Z,2008-05-13T07:07:11Z,1965e2f5b8e293e1298d8d2acee9c9a9c268d9bf4e3a89e94b8a4a20b359a64b,eqv1_3tctfod6n7r7jq35iutzg6ehfa|eqv1_pv3ncvz5i72hjfji6ru4tixgkq|eqv1_53l63cunh7in3oresidepj6m7u|eqv1_2zuuoumvtmvjyzplex55xlwg3n
m6_plus,931f0ad7de7ce5d051701f70e0ef2db06efde67170f5993833ff23729b020e3d,eqv1_nqenjzgyg7o3unlcbvvwxtl6w7,2008-05-17T17:08:23Z,6.0,6.4,2,2008-05-17T17:08:23Z,2008-05-25T08:21:47Z,c9d42261e5fd701246de0819654f1c2228b9c7f48d96a52d9ae99f1d8c38b7b5,eqv1_nqenjzgyg7o3unlcbvvwxtl6w7|eqv1_eds3fz72xba2qacx5jdky5u654
m6_plus,407dd76c65dc1310331a1fcb31cfe049b04188bedf2f815ab5c47c8d2ebc1cfc,eqv1_uzfu7w7zzxy5qrnl73soklpgdb,2008-07-24T07:09:29Z,6.0,6.1,2,2008-07-24T07:09:29Z,2008-08-05T09:49:19Z,b9bdd16e60689349fc8984f41c247ab9b1d43775b7ca434ac0495bd84db40542,eqv1_uzfu7w7zzxy5qrnl73soklpgdb|eqv1_7sqicowf3jwcacs4us2lvzo6al
m6_plus,d8aebd46e2582de67d06d7655ceab06a7784ab0da5fe242c06d51c74ac511e51,eqv1_omdhhmbrvwhlrttkfxnx4s6ana,2008-08-01T08:32:45Z,6.1,6.1,1,2008-08-01T08:32:45Z,2008-08-01T08:32:45Z,8745f1b8430026aa167d3d175acd489b19bf1d248cd71d20f533a3ca27ba111c,eqv1_omdhhmbrvwhlrttkfxnx4s6ana
m6_plus,8757a78cd2e2ed2b4f510280b46fa9f53c51e61dc407b908660e8ed49f28fe81,eqv1_wmnrugbesqoqwokzgg3263b4rl,2008-08-25T13:22:00Z,6.8,6.8,1,2008-08-25T13:22:00Z,2008-08-25T13:22:00Z,603dc33c37642ae718d763eff6561190373b7b4177443e2a0baabf81b2e9f555,eqv1_wmnrugbesqoqwokzgg3263b4rl
m6_plus,402e4376bc66336f4644ec2cda71a2d61aa97142957d6d744a0dfb642f45d6b7,eqv1_ei5oxxvcoyoco2hirlblxogkpx,2008-08-30T08:30:50Z,6.1,6.1,1,2008-08-30T08:30:50Z,2008-08-30T08:30:50Z,d74a16772e6c2b29bb41f3ef16b0a441476dd58f3948a09a8a8e6dc057e55822,eqv1_ei5oxxvcoyoco2hirlblxogkpx
m6_plus,d0e16fdd3097745b53087773c5cf2cc293b18e50bd105ef25762acd3063c0cf1,eqv1_r6sg2yjrxjcy3pomewe6pocsus,2008-09-25T01:47:14Z,6.0,6.0,1,2008-09-25T01:47:14Z,2008-09-25T01:47:14Z,ce538ac642505f4c7eb48e4895aabd76790aec3c4e9263e493218f8b7ad06dd0,eqv1_r6sg2yjrxjcy3pomewe6pocsus
m6_plus,30012cd06e3ad45486cec3b22c476f397207cb9c92845f4b8b75d93a15cb31b3,eqv1_ipn4mamkirg4p4donyjuebvrb2,2008-10-05T15:52:50Z,6.8,6.8,1,2008-10-05T15:52:50Z,2008-10-05T15:52:50Z,dabc287a97eb5212895ac1dba7107a50959528c4c9a2b1c62cec54032ad0143a,eqv1_ipn4mamkirg4p4donyjuebvrb2
m6_plus,2f597b84c79e3db492ad57848b127d918ae3bcec2fecf49c0e271438e0a9988d,eqv1_khhmakykgufm4tdcpmu76n6pj5,2008-10-06T08:30:46Z,6.6,6.6,1,2008-10-06T08:30:46Z,2008-10-06T08:30:46Z,a5d97a8e3f80160f37f6ae83177d4f255205ec9551ad922f713c17b88ce72ed3,eqv1_khhmakykgufm4tdcpmu76n6pj5
m6_plus,e496bfcdf4b72ba0adc8261ac76d5a8f2d24adfe59f20ea2e55e3e88656b7729,eqv1_fpv7d6wpvkt6e7onv4gp2lan6x,2008-11-10T01:22:06Z,6.3,6.3,1,2008-11-10T01:22:06Z,2008-11-10T01:22:06Z,930ebb27968c58e7dca361a7cb15466174b414d04fe0926c39b56a5e96b77ec1,eqv1_fpv7d6wpvkt6e7onv4gp2lan6x
m6_plus,eb081cf06b679cfe0b15e581a2783a9317d0740ca3bbdaf0680682ac9e54c3fc,eqv1_2vi7anzvtpi7tfckx4forjki3a,2009-07-09T11:19:13Z,6.0,6.0,1,2009-07-09T11:19:13Z,2009-07-09T11:19:13Z,b285f86a877895b4b3e10d702bcb7740ea79cfdf827dd02ddc5dbd7106e16586,eqv1_2vi7anzvtpi7tfckx4forjki3a
m6_plus,111332eb64b681a294b43bd39a0721d990055c15a6d7db201714ce16db40aa98,eqv1_h25nrs2ye22rlimidl45ckkwej,2009-08-28T01:52:06Z,6.4,6.4,1,2009-08-28T01:52:06Z,2009-08-28T01:52:06Z,96d46359d6b3c230c69c3478759980f4c397608c4f658fe7d798bca3bcb47980,eqv1_h25nrs2ye22rlimidl45ckkwej
m6_plus,ca1c1b4c9701890dc093be58ffe7e79231b6ccf933fdafefef9e7c063a6cceee,eqv1_mslqibohrdaceelwxs4fihrtos,2010-04-13T23:49:40Z,7.1,7.1,2,2010-04-13T23:49:40Z,2010-04-14T01:25:17Z,cb1beeb73819b6767a4ca0598d483146993e931d2889c361b5ddb02da8914350,eqv1_mslqibohrdaceelwxs4fihrtos|eqv1_pg6d5i6zjcpsy24oyxlqi6whx7
m6_plus,5622d77d7e5a3702ce494522b4c4cf5a38b1c11d9638bd7e66cf70c91140be78,eqv1_pd3mk7fhpjv4uegbix67jbvy7c,2011-05-10T15:26:04Z,6.1,6.1,1,2011-05-10T15:26:04Z,2011-05-10T15:26:04Z,d742133d677f4fde65b22f488e03ac92a984337d5ffa04f2ffe603792fdb4caa,eqv1_pd3mk7fhpjv4uegbix67jbvy7c
m6_plus,0bd59fe36b38980b4a604cf0a55e635f2491e4b1f287a07fbdd9bfc0491e6b62,eqv1_4r76xhe3nwepwqs2cdgoxatinx,2011-11-01T00:21:28Z,6.0,6.0,1,2011-11-01T00:21:28Z,2011-11-01T00:21:28Z,94da1821126c008016291a3e7ea4551e333a36e783aa125ed68c5faa0853662d,eqv1_4r76xhe3nwepwqs2cdgoxatinx
m6_plus,9c810f50442df0fc5757acb400f60ad0c1ea85ac65e6fa23df1b914ce48b81a6,eqv1_knbtlp22dtrkycdfjzst4ikeld,2012-03-08T22:50:09Z,6.0,6.0,1,2012-03-08T22:50:09Z,2012-03-08T22:50:09Z,237676ed5c8f68194631a572afda3de660e98f2375934dbc69da19857c342e40,eqv1_knbtlp22dtrkycdfjzst4ikeld
m6_plus,6ea37de7dff78c42a927b2008377aae0e4ccc3c12d80bb042bd5356758930a8e,eqv1_5rtmug4id42hhxhey5iuxl5igt,2012-06-29T21:07:31Z,6.6,6.6,1,2012-06-29T21:07:31Z,2012-06-29T21:07:31Z,50c6f2cf4ac8a19a23eb8387f746cfdbd58664233ce7ceb8bcd5fc589179978a,eqv1_5rtmug4id42hhxhey5iuxl5igt
m6_plus,03e0dd0b4e617fa42c1e315497b6ba739319fb1cb09f1da233ff389bc18d2c86,eqv1_v4hsqz2tyfauxr2r4oxbcva7z2,2012-08-12T10:47:12Z,6.2,6.2,1,2012-08-12T10:47:12Z,2012-08-12T10:47:12Z,703b893c9569840427f90d4bf390e2f6b59192004d54e28453f2c8eae56d8270,eqv1_v4hsqz2tyfauxr2r4oxbcva7z2
m6_plus,640113e28e605df338a6c2935ce707510192497258d74f158d3dbea5c6aa76b4,eqv1_lcq7ggjrhdxkbajeqjgbf56s4e,2013-04-20T00:02:46Z,7.0,7.0,1,2013-04-20T00:02:46Z,2013-04-20T00:02:46Z,94caa8d3defe60197f63fda8028fbe989ffd6eec6cd6de1486cac13a02add471,eqv1_lcq7ggjrhdxkbajeqjgbf56s4e
m6_plus,31a31e0775a3c7b89c585fc40eb82b69eea01346e25b50b875df57de0ae3bd9a,eqv1_ck3uip5ua7ezr7iex5pteahjkz,2013-07-21T23:45:55Z,6.6,6.6,1,2013-07-21T23:45:55Z,2013-07-21T23:45:55Z,435a23fe09de0b0b7118b0f169936439dbe5dd2654a8ba29785bf31600e8c1b3,eqv1_ck3uip5ua7ezr7iex5pteahjkz
m6_plus,f1f62f8babc506301cc105a5000c955bbb8fd68c88b71c963bf8bc3f28fd5f77,eqv1_vcf3gxtxdzhskcmb42zszrnlpv,2013-08-11T21:23:40Z,6.1,6.1,1,2013-08-11T21:23:40Z,2013-08-11T21:23:40Z,414bcb788d577324bbee9ff197fbbeb470349f82f0b3e26f74f10a005a57f98a,eqv1_vcf3gxtxdzhskcmb42zszrnlpv
m6_plus,b530fff838e3bc5f569a9065f899a38ab31729ecfa55e44bb386111f85fedbfa,eqv1_vwgiwrt2q3ss6mdbsprt555nqt,2014-02-12T09:19:50Z,7.3,7.3,1,2014-02-12T09:19:50Z,2014-02-12T09:19:50Z,0911ea122a8344f752456613db463e3658edf9d569a6d9a92b0d5ce3e37a2531,eqv1_vwgiwrt2q3ss6mdbsprt555nqt
m6_plus,37c9a48935597d7fb092964c145770ae629032c906b52638cede6c05d655a284,eqv1_twy37oo77hjhp2geqtqkbgbfrn,2014-05-30T01:20:12Z,6.1,6.1,1,2014-05-30T01:20:12Z,2014-05-30T01:20:12Z,74aed6360b5ccc2fec968ef0004cf06d81b6c40cac25a1dddf2ddb985b06072a,eqv1_twy37oo77hjhp2geqtqkbgbfrn
m6_plus,156b815cec9d66e5c10ee648a1ef9bbcf9a89515e5960fa5d045f39a223183b6,eqv1_5hsltzfysqf3dsyzkz2emumbod,2014-08-03T08:30:10Z,6.5,6.5,1,2014-08-03T08:30:10Z,2014-08-03T08:30:10Z,ca73e2c89982d2efead7fbe65ac188438e4d539de08e3f40bcd6d8969ced7ff5,eqv1_5hsltzfysqf3dsyzkz2emumbod
m6_plus,175cc8da3d74dc9108eaae68e445b524979a4d41b3f82e129ad76ac1fca2e66b,eqv1_tpeyephubhlgv2xjtnavlb3naw,2014-10-07T13:49:39Z,6.6,6.6,1,2014-10-07T13:49:39Z,2014-10-07T13:49:39Z,7ac74b8f5a5c6d263fcd1f0e5ec6fd138260a274adbc49cb429e45cbbb9fbe52,eqv1_tpeyephubhlgv2xjtnavlb3naw
m6_plus,8da9a5584aae358ccce8e49389e34464df9a0db93b424d8afdce1c4a525a6262,eqv1_z4gcewabm3nqrq7el3vbtbdryl,2014-11-22T08:55:25Z,6.3,6.3,1,2014-11-22T08:55:25Z,2014-11-22T08:55:25Z,7eba680e9fdc4cceff059f1c5c6bfacdff43d6b95e90bc2507787969b7e981d6,eqv1_z4gcewabm3nqrq7el3vbtbdryl
m6_plus,d2ccf1761450b7fd667a4bf368e0abac0a747b6545b58468f4a90c1bbf4256c4,eqv1_aavxids4bk6sixtepv2iajf62e,2015-07-03T01:07:46Z,6.5,6.5,1,2015-07-03T01:07:46Z,2015-07-03T01:07:46Z,d378e8536babab7f79ce41045aa5a1313a415c6598838e9a2a77bd1050b24973,eqv1_aavxids4bk6sixtepv2iajf62e
m6_plus,0d423ab63738da28be7deca322c4ab2697d2191e7eca03901a92b4df41f28999,eqv1_sd3z5vl3u4agfqfkcuteqsypnb,2016-01-02T04:22:19Z,6.4,6.4,1,2016-01-02T04:22:19Z,2016-01-02T04:22:19Z,207a374201cc68e660d679ebace9e852ba0d315ff3079c46ee20bb0d6a0f8815,eqv1_sd3z5vl3u4agfqfkcuteqsypnb
m6_plus,91329696c3025024c87fe06a493a1451f11097b1ea17df0c7a607ca5c25120e4,eqv1_wm57zjclwkifkjn7q63iatuad4,2016-01-20T17:13:13Z,6.4,6.4,1,2016-01-20T17:13:13Z,2016-01-20T17:13:13Z,438f86e12fa37ff982350b0bdf97e7b532d6ae832eb0a5544bc08970648040cb,eqv1_wm57zjclwkifkjn7q63iatuad4
m6_plus,23d44877ef6e333c0d8e453e7ce2be10eda052837e0e3a0efcd872986bb2dc5a,eqv1_7atuevfjm5jrpmb5pz6tdwhfxu,2016-10-17T07:14:49Z,6.2,6.2,1,2016-10-17T07:14:49Z,2016-10-17T07:14:49Z,c3d4c42bd4af69a7bb3911ff50a2eaceeea4ef37cb01f7621a51def1f9973178,eqv1_7atuevfjm5jrpmb5pz6tdwhfxu
m6_plus,3f97b88fe5c52f7dc34bfbaec197a7e4b072c7c00c9818bcdccd41f07d84c79d,eqv1_4ddcmvlcbjphneoznrnkrkbqbk,2016-11-25T14:24:30Z,6.7,6.7,1,2016-11-25T14:24:30Z,2016-11-25T14:24:30Z,b78dbf715fd7ad9119994fe569d57b78ef625f6613f8ed304730b9a6415c20ac,eqv1_4ddcmvlcbjphneoznrnkrkbqbk
m6_plus,4275a25c9040420a28ed9002f2932c38a370358f1b3693f68573bfea65fd54c8,eqv1_k7wbl5qctb6i3bwqb6wqhathcb,2016-12-08T05:15:03Z,6.2,6.2,1,2016-12-08T05:15:03Z,2016-12-08T05:15:03Z,c367aac0bcbd0ef5edbd83e58e8f35c63bb063bf17e10c1a9f025eb3cd07c769,eqv1_k7wbl5qctb6i3bwqb6wqhathcb
m6_plus,96b055754ad3bef9494bc97b6c1444ddfeec7510b1efffe9173048cce4494d73,eqv1_evqe3eaw3axm7b5pmpgil6xojh,2017-08-08T13:19:46Z,7.0,7.0,1,2017-08-08T13:19:46Z,2017-08-08T13:19:46Z,1c2ac6b05a6a0d8bec4cdf3d8c94ecd07fe56b3fda7e2aa839a1941c450df2d3,eqv1_evqe3eaw3axm7b5pmpgil6xojh
m6_plus,f45596a214aa5eb74782d3792972f44a3a0eb0997bd2229237ab136959a9dbee,eqv1_t6xgqlghorbgehdjnsfegihba4,2017-08-08T23:27:52Z,6.6,6.6,1,2017-08-08T23:27:52Z,2017-08-08T23:27:52Z,a73977df67db56c4282f2458e746adc40097fa205c05ec41c2b9d2a3a0bd4fa4,eqv1_t6xgqlghorbgehdjnsfegihba4
m6_plus,8567433833d287d204d8105b6ce49b47f6308ca84455183d13bf29d401f28921,eqv1_zaszmcqknnmr2uiposww2to526,2017-11-17T22:34:19Z,6.9,6.9,1,2017-11-17T22:34:19Z,2017-11-17T22:34:19Z,f0d58192226f945cb47436454fce620382f193cde29897c55c96b46992b4f2e2,eqv1_zaszmcqknnmr2uiposww2to526
m6_plus,7276e33c417fa59decda2dcd6cb6441c28e330b47992b4dee944996a46a2c26b,eqv1_wppvsavce5n4oummx6hynqtelg,2019-04-23T20:15:48Z,6.3,6.3,1,2019-04-23T20:15:48Z,2019-04-23T20:15:48Z,f88a3d4e04c30c116feed953a33c376b71bafcf03af26772e30a352a50cb0b75,eqv1_wppvsavce5n4oummx6hynqtelg
m6_plus,126d83a9c8d8ea742d0e2b25583036b2478e6bb34d483e2d1719e428cf78ea52,eqv1_ac2kwg4ow2hdrlq4tz74twr2ly,2019-06-17T14:55:43Z,6.0,6.0,1,2019-06-17T14:55:43Z,2019-06-17T14:55:43Z,642cabc9dc17ba0902146305f17422d2f1506aad79b2b46cb95f426a0bcd8828,eqv1_ac2kwg4ow2hdrlq4tz74twr2ly
m6_plus,242d0b7ad61cc3ca5c7ddec1437a6a83a76ce7ed9e5bb28bec49f948392d8869,eqv1_wugvkqvbeu4xicjrr32apl7lwe,2020-01-19T13:27:55Z,6.4,6.4,1,2020-01-19T13:27:55Z,2020-01-19T13:27:55Z,e514e3322058689f247839f5f287473c56630d256296cd1bcf97a2784906a477,eqv1_wugvkqvbeu4xicjrr32apl7lwe
m6_plus,db546af7df5ff4dfd86f49c0b147b1c96a2e5bdbaccd1ae4581af7bf8d2f2c9e,eqv1_z345mavp4fpcqibrxrfwwqbyl6,2020-06-25T21:05:20Z,6.4,6.4,1,2020-06-25T21:05:20Z,2020-06-25T21:05:20Z,80bcea8dde840cfdee8d2c6e4204b55651e115d5a091015e2afc709adccbf878,eqv1_z345mavp4fpcqibrxrfwwqbyl6
m6_plus,3aeeabd6d0dccdd16fc96d751f31f7fad87bf628cae277302ff9f2be9160903b,eqv1_mwwgwsbqky5tiozcs2vhkhbj7q,2020-07-22T20:07:20Z,6.6,6.6,1,2020-07-22T20:07:20Z,2020-07-22T20:07:20Z,9934cdd5e0d8f07c521ce88ee8e2c27caa2e3bf2dda260090532f3d63df100fe,eqv1_mwwgwsbqky5tiozcs2vhkhbj7q
m6_plus,951234106cf00604c2ccab3098402d77dad70acfa06f744e656d98dfc2a01a8f,eqv1_bom33o2hs7swwtjcsfvi3xkap7,2021-03-19T06:11:26Z,6.1,6.1,1,2021-03-19T06:11:26Z,2021-03-19T06:11:26Z,be3895cf799b3265b25c2310e489f8b9cd5c6b257f974bc07d8943e19e516a99,eqv1_bom33o2hs7swwtjcsfvi3xkap7
m6_plus,a6a089a33f39c81e98c1228491c7dd5ad1cebe81edb1c506760eb04a5f83b387,eqv1_z2esny5y5hqjivlpfr3d4uya7y,2021-05-21T13:48:34Z,6.4,6.4,1,2021-05-21T13:48:34Z,2021-05-21T13:48:34Z,1dc15333f4aef72e9a4cde2067ccd5c40676125d98bc24c5a559f46fc00cda74,eqv1_z2esny5y5hqjivlpfr3d4uya7y
m6_plus,c0c666ae35887f92bcbd4e2332b66d6dea451d1df6acc4a19fe0de7b8c0acef3,eqv1_q4c6xfl6evtcfghoisu4glidh7,2021-05-21T18:04:11Z,7.4,7.4,1,2021-05-21T18:04:11Z,2021-05-21T18:04:11Z,8741b94264aee48d881f037894d644a7aafa43a5995bfd2e4c13efc74eb84846,eqv1_q4c6xfl6evtcfghoisu4glidh7
m6_plus,3febe9ee7ec224f1f9ef1bd02558787de0b78b25b1de5aa365712c0ecd4ad0f4,eqv1_tediaq2y2obhswkt2aswtyaj7n,2021-09-15T20:33:31Z,6.0,6.0,1,2021-09-15T20:33:31Z,2021-09-15T20:33:31Z,8acda12e0113fbc5a1878caacc733dd719492f3a14a61c3387f93c57414db2cd,eqv1_tediaq2y2obhswkt2aswtyaj7n
m6_plus,fad79b883d34520fdc795cb6e7944e944412ca2c77e7258752aac53c6b94832f,eqv1_bmzbk656kutfdkruvxyjeudmfl,2022-01-07T17:45:27Z,6.9,6.9,1,2022-01-07T17:45:27Z,2022-01-07T17:45:27Z,23bdc6a5c0bc473090f5ae25894dc937f0eb5f279e925911e0eafacfc197fa66,eqv1_bmzbk656kutfdkruvxyjeudmfl
m6_plus,679184d9cb1e86d9cfcd409a503e122658e94a510e469f97b0954ad0a2a22a26,eqv1_zjnclfeyncc5xt5vydnjxin33t,2022-03-25T16:21:02Z,6.0,6.0,1,2022-03-25T16:21:02Z,2022-03-25T16:21:02Z,7689beb7efb7ae4f97d999387405ff41322851043e72122c08b2a796c91a14cd,eqv1_zjnclfeyncc5xt5vydnjxin33t
m6_plus,ffd0ec026db79e2e815af06402c16f7aa0bc3bdeb8fea4ab747556c3c3dd5315,eqv1_jonxcx7amwtrzkjizlkk4lifz4,2022-06-01T09:00:08Z,6.1,6.1,1,2022-06-01T09:00:08Z,2022-06-01T09:00:08Z,a0a6b85567b34bab9b6e0a48986175869cb7f17791f0a543bf625931937fdbea,eqv1_jonxcx7amwtrzkjizlkk4lifz4
m6_plus,1bbe7637f92e39b34da3a52e7d9e9da32c83f88b74b040354d1a38f74ea51acd,eqv1_b3qqqf5dadrqnaspptuoolscmx,2022-06-09T17:28:34Z,6.0,6.0,1,2022-06-09T17:28:34Z,2022-06-09T17:28:34Z,093534fc62a71fb0c7bf6136b8fd2ee0a61dcb1b92a301d4c569b75facd2f578,eqv1_b3qqqf5dadrqnaspptuoolscmx
m6_plus,a14bf643e28712212de844d1dd0700a87d903e57d0a40e948e9fb169a6f6ecdf,eqv1_wwdu5rmayboicmyv5ca2lqgh5k,2022-09-05T04:52:18Z,6.8,6.8,1,2022-09-05T04:52:18Z,2022-09-05T04:52:18Z,3b75666ce02f3431f7c29ca097597cb6edc8b5b866564c307f3674b3465ceed5,eqv1_wwdu5rmayboicmyv5ca2lqgh5k
m6_plus,4e685809aa36298ebd22697b3d4a46981dc4df0b504f539821f5f8c5b1d3a054,eqv1_i4wabz3g5e2wsqh6ebkgeujnqv,2023-01-29T23:49:39Z,6.1,6.1,1,2023-01-29T23:49:39Z,2023-01-29T23:49:39Z,461170b0c2eb7396cc2c77d35432b5271fdbb76453b198f134909ad5428a0d56,eqv1_i4wabz3g5e2wsqh6ebkgeujnqv
m6_plus,43fc97ee4501f99e18d6d994ed328a958daf1a2390d4cc38e6774e1f0b1b7ebc,eqv1_vghbg4nh2g72tmcruh2jp7pz4i,2023-12-18T15:59:30Z,6.2,6.2,1,2023-12-18T15:59:30Z,2023-12-18T15:59:30Z,0c7187e44ab96360dfc829ff4f776f077921272edceb22ee2c8eb474154ce0d2,eqv1_vghbg4nh2g72tmcruh2jp7pz4i
m6_plus,60d7a1ba9e50a3e488485cd10b7ab40e7feaa43df8ebda844e1357c8edf53612,eqv1_mjrn6exqdi257uvx6jpy3tiqtb,2024-01-22T18:09:05Z,7.1,7.1,1,2024-01-22T18:09:05Z,2024-01-22T18:09:05Z,53c2ad58d7a28a5e8dd7507e4c22370ecd3dba354f294c3f6f3753373c4c5b84,eqv1_mjrn6exqdi257uvx6jpy3tiqtb
m6_plus,8f8bbf924006cd3bd1770d7e483331903165ced36444b588aea70c722e32c017,eqv1_nl2lhkpzy2teje2pfrsusm3l7f,2025-01-07T01:05:16Z,6.8,6.8,1,2025-01-07T01:05:16Z,2025-01-07T01:05:16Z,7e58325220cdf12d30db7a7f316c389bd49a0af4769b23d81911333369a51c95,eqv1_nl2lhkpzy2teje2pfrsusm3l7f
m6_plus,ed92bbeb91dfb1ad486871cf71d07f23f2cc906c61beab39bbf51c2b918a86ae,eqv1_2zwpnmwqqd5d4x6zu2nsrmt33k,2025-12-04T07:44:06Z,6.0,6.0,1,2025-12-04T07:44:06Z,2025-12-04T07:44:06Z,bdcf0982618a4bf86ffe445bff4c6557c5e1804aa1ed7631f5e8515a8d330fe4,eqv1_2zwpnmwqqd5d4x6zu2nsrmt33k
m6_plus,5b92a730459047a1202abb94f7abe57bb58e09c3f0bce05978d8c99f284147da,eqv1_swl3dei2xt4nsiweqnwij4ozyf,2026-06-16T09:06:00Z,6.3,6.3,2,2026-06-16T09:06:00Z,2026-06-16T09:06:53Z,1e026d233878b8ef6cb0d7b8eab394163860e48e8dd43b490c76147c6fef1d90,eqv1_swl3dei2xt4nsiweqnwij4ozyf|eqv1_n7cuem3d3kbfv4irjhcpq2i4zu
