snapshot_id,fold_id,anchor_role,block_id,anchor_utc,cutoff_utc,cell_id,row,column,clipped_area_m2,base_event_count,parent_row,parent_column,parent_event_count,estimate_source,status,raw_mc,main_common_mc4_training_allowed,exclude_indeterminate_training_allowed,supported_area_contributor
C_DEV_2000_2004__I1,C_DEV_2000_2004,inner_block_start,I1,1984-12-31T16:00:00.000000Z,1984-12-30T16:00:00.000000Z,g500000000_r+0000004_c-0000002,4,-2,20961703964.393833,35,2,-1,1461,parent_1000km,supported,3.2,True,True,True
C_DEV_2000_2004__I1,C_DEV_2000_2004,inner_block_start,I1,1984-12-31T16:00:00.000000Z,1984-12-30T16:00:00.000000Z,g500000000_r+0000004_c-0000001,4,-1,90331151902.37128,349,2,-1,1461,base_500km,supported,3.3,True,True,True
C_DEV_2000_2004__I1,C_DEV_2000_2004,inner_block_start,I1,1984-12-31T16:00:00.000000Z,1984-12-30T16:00:00.000000Z,g500000000_r+0000004_c+0000000,4,0,98547006665.30876,36,2,0,112,not_estimable,indeterminate,,True,False,False
C_DEV_2000_2004__I1,C_DEV_2000_2004,inner_block_start,I1,1984-12-31T16:00:00.000000Z,1984-12-30T16:00:00.000000Z,g500000000_r+0000004_c+0000001,4,1,111974151311.93896,11,2,0,112,not_estimable,indeterminate,,True,False,False
C_DEV_2000_2004__I1,C_DEV_2000_2004,inner_block_start,I1,1984-12-31T16:00:00.000000Z,1984-12-30T16:00:00.000000Z,g500000000_r+0000004_c+0000002,4,2,13322759354.481386,3,2,1,19,not_estimable,indeterminate,,True,False,False
C_DEV_2000_2004__I1,C_DEV_2000_2004,inner_block_start,I1,1984-12-31T16:00:00.000000Z,1984-12-30T16:00:00.000000Z,g500000000_r+0000005_c-0000004,5,-4,201303005.47642165,0,2,-2,8,not_estimable,indeterminate,,True,False,False
C_DEV_2000_2004__I1,C_DEV_2000_2004,inner_block_start,I1,1984-12-31T16:00:00.000000Z,1984-12-30T16:00:00.000000Z,g500000000_r+0000005_c-0000003,5,-3,23419775399.026546,8,2,-2,8,not_estimable,indeterminate,,True,False,False
C_DEV_2000_2004__I1,C_DEV_2000_2004,inner_block_start,I1,1984-12-31T16:00:00.000000Z,1984-12-30T16:00:00.000000Z,g500000000_r+0000005_c-0000002,5,-2,88018439537.05296,480,2,-1,1461,base_500km,supported,3.6,True,True,True
C_DEV_2000_2004__I1,C_DEV_2000_2004,inner_block_start,I1,1984-12-31T16:00:00.000000Z,1984-12-30T16:00:00.000000Z,g500000000_r+0000005_c-0000001,5,-1,250000000000.0,597,2,-1,1461,base_500km,supported,3.3,True,True,True
C_DEV_2000_2004__I1,C_DEV_2000_2004,inner_block_start,I1,1984-12-31T16:00:00.000000Z,1984-12-30T16:00:00.000000Z,g500000000_r+0000005_c+0000000,5,0,250000000000.0,18,2,0,112,not_estimable,indeterminate,,True,False,False
C_DEV_2000_2004__I1,C_DEV_2000_2004,inner_block_start,I1,1984-12-31T16:00:00.000000Z,1984-12-30T16:00:00.000000Z,g500000000_r+0000005_c+0000001,5,1,250000000000.0,47,2,0,112,not_estimable,indeterminate,,True,False,False
C_DEV_2000_2004__I1,C_DEV_2000_2004,inner_block_start,I1,1984-12-31T16:00:00.000000Z,1984-12-30T16:00:00.000000Z,g500000000_r+0000005_c+0000002,5,2,196907565002.725,16,2,1,19,not_estimable,indeterminate,,True,False,False
C_DEV_2000_2004__I1,C_DEV_2000_2004,inner_block_start,I1,1984-12-31T16:00:00.000000Z,1984-12-30T16:00:00.000000Z,g500000000_r+0000005_c+0000003,5,3,671816831.7331845,0,2,1,19,not_estimable,indeterminate,,True,False,False
C_DEV_2000_2004__I1,C_DEV_2000_2004,inner_block_start,I1,1984-12-31T16:00:00.000000Z,1984-12-30T16:00:00.000000Z,g500000000_r+0000006_c-0000005,6,-5,26307687034.742226,1,3,-3,75,not_estimable,indeterminate,,True,False,False
C_DEV_2000_2004__I1,C_DEV_2000_2004,inner_block_start,I1,1984-12-31T16:00:00.000000Z,1984-12-30T16:00:00.000000Z,g500000000_r+0000006_c-0000004,6,-4,190320594398.8866,36,3,-2,166,not_estimable,indeterminate,,True,False,False
C_DEV_2000_2004__I1,C_DEV_2000_2004,inner_block_start,I1,1984-12-31T16:00:00.000000Z,1984-12-30T16:00:00.000000Z,g500000000_r+0000006_c-0000003,6,-3,238853371056.8762,23,3,-2,166,not_estimable,indeterminate,,True,False,False
C_DEV_2000_2004__I1,C_DEV_2000_2004,inner_block_start,I1,1984-12-31T16:00:00.000000Z,1984-12-30T16:00:00.000000Z,g500000000_r+0000006_c-0000002,6,-2,247672469161.56644,141,3,-1,807,parent_1000km,supported,3.2,True,True,True
C_DEV_2000_2004__I1,C_DEV_2000_2004,inner_block_start,I1,1984-12-31T16:00:00.000000Z,1984-12-30T16:00:00.000000Z,g500000000_r+0000006_c-0000001,6,-1,250000000000.0,404,3,-1,807,base_500km,supported,3.2,True,True,True
C_DEV_2000_2004__I1,C_DEV_2000_2004,inner_block_start,I1,1984-12-31T16:00:00.000000Z,1984-12-30T16:00:00.000000Z,g500000000_r+0000006_c+0000000,6,0,250000000000.0,12,3,0,158,not_estimable,indeterminate,,True,False,False
C_DEV_2000_2004__I1,C_DEV_2000_2004,inner_block_start,I1,1984-12-31T16:00:00.000000Z,1984-12-30T16:00:00.000000Z,g500000000_r+0000006_c+0000001,6,1,250000000000.0,22,3,0,158,not_estimable,indeterminate,,True,False,False
C_DEV_2000_2004__I1,C_DEV_2000_2004,inner_block_start,I1,1984-12-31T16:00:00.000000Z,1984-12-30T16:00:00.000000Z,g500000000_r+0000006_c+0000002,6,2,249287979377.55872,34,3,1,69,not_estimable,indeterminate,,True,False,False
C_DEV_2000_2004__I1,C_DEV_2000_2004,inner_block_start,I1,1984-12-31T16:00:00.000000Z,1984-12-30T16:00:00.000000Z,g500000000_r+0000006_c+0000003,6,3,32419323521.00597,1,3,1,69,not_estimable,indeterminate,,True,False,False
C_DEV_2000_2004__I1,C_DEV_2000_2004,inner_block_start,I1,1984-12-31T16:00:00.000000Z,1984-12-30T16:00:00.000000Z,g500000000_r+0000007_c-0000005,7,-5,186851169308.37936,74,3,-3,75,not_estimable,indeterminate,,True,False,False
C_DEV_2000_2004__I1,C_DEV_2000_2004,inner_block_start,I1,1984-12-31T16:00:00.000000Z,1984-12-30T16:00:00.000000Z,g500000000_r+0000007_c-0000004,7,-4,250000000000.0,61,3,-2,166,not_estimable,indeterminate,,True,False,False
C_DEV_2000_2004__I1,C_DEV_2000_2004,inner_block_start,I1,1984-12-31T16:00:00.000000Z,1984-12-30T16:00:00.000000Z,g500000000_r+0000007_c-0000003,7,-3,250000000000.0,46,3,-2,166,not_estimable,indeterminate,,True,False,False
C_DEV_2000_2004__I1,C_DEV_2000_2004,inner_block_start,I1,1984-12-31T16:00:00.000000Z,1984-12-30T16:00:00.000000Z,g500000000_r+0000007_c-0000002,7,-2,250000000000.0,120,3,-1,807,parent_1000km,supported,3.2,True,True,True
C_DEV_2000_2004__I1,C_DEV_2000_2004,inner_block_start,I1,1984-12-31T16:00:00.000000Z,1984-12-30T16:00:00.000000Z,g500000000_r+0000007_c-0000001,7,-1,250000000000.0,142,3,-1,807,parent_1000km,supported,3.2,True,True,True
C_DEV_2000_2004__I1,C_DEV_2000_2004,inner_block_start,I1,1984-12-31T16:00:00.000000Z,1984-12-30T16:00:00.000000Z,g500000000_r+0000007_c+0000000,7,0,250000000000.0,56,3,0,158,not_estimable,indeterminate,,True,False,False
C_DEV_2000_2004__I1,C_DEV_2000_2004,inner_block_start,I1,1984-12-31T16:00:00.000000Z,1984-12-30T16:00:00.000000Z,g500000000_r+0000007_c+0000001,7,1,250000000000.0,68,3,0,158,not_estimable,indeterminate,,True,False,False
C_DEV_2000_2004__I1,C_DEV_2000_2004,inner_block_start,I1,1984-12-31T16:00:00.000000Z,1984-12-30T16:00:00.000000Z,g500000000_r+0000007_c+0000002,7,2,191666483395.32416,34,3,1,69,not_estimable,indeterminate,,True,False,False
C_DEV_2000_2004__I1,C_DEV_2000_2004,inner_block_start,I1,1984-12-31T16:00:00.000000Z,1984-12-30T16:00:00.000000Z,g500000000_r+0000007_c+0000003,7,3,2298776648.082298,0,3,1,69,not_estimable,indeterminate,,True,False,False
C_DEV_2000_2004__I1,C_DEV_2000_2004,inner_block_start,I1,1984-12-31T16:00:00.000000Z,1984-12-30T16:00:00.000000Z,g500000000_r+0000008_c-0000006,8,-6,15385288772.278814,38,4,-3,1737,parent_1000km,supported,3.2,True,True,True
C_DEV_2000_2004__I1,C_DEV_2000_2004,inner_block_start,I1,1984-12-31T16:00:00.000000Z,1984-12-30T16:00:00.000000Z,g500000000_r+0000008_c-0000005,8,-5,232223638076.97324,779,4,-3,1737,base_500km,supported,3.2,True,True,True
C_DEV_2000_2004__I1,C_DEV_2000_2004,inner_block_start,I1,1984-12-31T16:00:00.000000Z,1984-12-30T16:00:00.000000Z,g500000000_r+0000008_c-0000004,8,-4,250000000000.0,90,4,-2,784,parent_1000km,supported,3.3,True,True,True
C_DEV_2000_2004__I1,C_DEV_2000_2004,inner_block_start,I1,1984-12-31T16:00:00.000000Z,1984-12-30T16:00:00.000000Z,g500000000_r+0000008_c-0000003,8,-3,250000000000.0,69,4,-2,784,parent_1000km,supported,3.3,True,True,True
C_DEV_2000_2004__I1,C_DEV_2000_2004,inner_block_start,I1,1984-12-31T16:00:00.000000Z,1984-12-30T16:00:00.000000Z,g500000000_r+0000008_c-0000002,8,-2,250000000000.0,148,4,-1,330,parent_1000km,supported,3.2,True,True,True
C_DEV_2000_2004__I1,C_DEV_2000_2004,inner_block_start,I1,1984-12-31T16:00:00.000000Z,1984-12-30T16:00:00.000000Z,g500000000_r+0000008_c-0000001,8,-1,249425621182.58255,146,4,-1,330,parent_1000km,supported,3.2,True,True,True
C_DEV_2000_2004__I1,C_DEV_2000_2004,inner_block_start,I1,1984-12-31T16:00:00.000000Z,1984-12-30T16:00:00.000000Z,g500000000_r+0000008_c+0000000,8,0,249737666957.76474,170,4,0,415,parent_1000km,supported,3.2,True,True,True
C_DEV_2000_2004__I1,C_DEV_2000_2004,inner_block_start,I1,1984-12-31T16:00:00.000000Z,1984-12-30T16:00:00.000000Z,g500000000_r+0000008_c+0000001,8,1,250000000000.0,220,4,0,415,base_500km,supported,3.2,True,True,True
C_DEV_2000_2004__I1,C_DEV_2000_2004,inner_block_start,I1,1984-12-31T16:00:00.000000Z,1984-12-30T16:00:00.000000Z,g500000000_r+0000008_c+0000002,8,2,140587143973.97015,1036,4,1,1316,base_500km,supported,3.6,True,True,True
C_DEV_2000_2004__I1,C_DEV_2000_2004,inner_block_start,I1,1984-12-31T16:00:00.000000Z,1984-12-30T16:00:00.000000Z,g500000000_r+0000008_c+0000003,8,3,10562408419.369371,3,4,1,1316,parent_1000km,supported,3.6,True,True,True
C_DEV_2000_2004__I1,C_DEV_2000_2004,inner_block_start,I1,1984-12-31T16:00:00.000000Z,1984-12-30T16:00:00.000000Z,g500000000_r+0000009_c-0000006,9,-6,19945588505.432407,219,4,-3,1737,base_500km,supported,3.2,True,True,True
C_DEV_2000_2004__I1,C_DEV_2000_2004,inner_block_start,I1,1984-12-31T16:00:00.000000Z,1984-12-30T16:00:00.000000Z,g500000000_r+0000009_c-0000005,9,-5,121120255925.02194,701,4,-3,1737,base_500km,supported,3.3,True,True,True
C_DEV_2000_2004__I1,C_DEV_2000_2004,inner_block_start,I1,1984-12-31T16:00:00.000000Z,1984-12-30T16:00:00.000000Z,g500000000_r+0000009_c-0000004,9,-4,240075899126.91846,464,4,-2,784,base_500km,supported,3.3,True,True,True
C_DEV_2000_2004__I1,C_DEV_2000_2004,inner_block_start,I1,1984-12-31T16:00:00.000000Z,1984-12-30T16:00:00.000000Z,g500000000_r+0000009_c-0000003,9,-3,244590302069.89362,161,4,-2,784,parent_1000km,supported,3.3,True,True,True
C_DEV_2000_2004__I1,C_DEV_2000_2004,inner_block_start,I1,1984-12-31T16:00:00.000000Z,1984-12-30T16:00:00.000000Z,g500000000_r+0000009_c-0000002,9,-2,130797167924.60342,35,4,-1,330,parent_1000km,supported,3.2,True,True,True
C_DEV_2000_2004__I1,C_DEV_2000_2004,inner_block_start,I1,1984-12-31T16:00:00.000000Z,1984-12-30T16:00:00.000000Z,g500000000_r+0000009_c-0000001,9,-1,31100867482.53936,1,4,-1,330,parent_1000km,supported,3.2,True,True,True
C_DEV_2000_2004__I1,C_DEV_2000_2004,inner_block_start,I1,1984-12-31T16:00:00.000000Z,1984-12-30T16:00:00.000000Z,g500000000_r+0000009_c+0000000,9,0,38512137110.20177,6,4,0,415,parent_1000km,supported,3.2,True,True,True
C_DEV_2000_2004__I1,C_DEV_2000_2004,inner_block_start,I1,1984-12-31T16:00:00.000000Z,1984-12-30T16:00:00.000000Z,g500000000_r+0000009_c+0000001,9,1,211120881312.65228,19,4,0,415,parent_1000km,supported,3.2,True,True,True
C_DEV_2000_2004__I1,C_DEV_2000_2004,inner_block_start,I1,1984-12-31T16:00:00.000000Z,1984-12-30T16:00:00.000000Z,g500000000_r+0000009_c+0000002,9,2,248472443280.00296,259,4,1,1316,base_500km,supported,3.2,True,True,True
C_DEV_2000_2004__I1,C_DEV_2000_2004,inner_block_start,I1,1984-12-31T16:00:00.000000Z,1984-12-30T16:00:00.000000Z,g500000000_r+0000009_c+0000003,9,3,185305983054.86414,18,4,1,1316,parent_1000km,supported,3.6,True,True,True
C_DEV_2000_2004__I1,C_DEV_2000_2004,inner_block_start,I1,1984-12-31T16:00:00.000000Z,1984-12-30T16:00:00.000000Z,g500000000_r+0000009_c+0000004,9,4,9425374546.9006,4,4,2,4,not_estimable,indeterminate,,True,False,False
C_DEV_2000_2004__I1,C_DEV_2000_2004,inner_block_start,I1,1984-12-31T16:00:00.000000Z,1984-12-30T16:00:00.000000Z,g500000000_r+0000010_c-0000004,10,-4,78241710216.52547,72,5,-2,109,not_estimable,indeterminate,,True,False,False
C_DEV_2000_2004__I1,C_DEV_2000_2004,inner_block_start,I1,1984-12-31T16:00:00.000000Z,1984-12-30T16:00:00.000000Z,g500000000_r+0000010_c-0000003,10,-3,141046179553.0188,37,5,-2,109,not_estimable,indeterminate,,True,False,False
C_DEV_2000_2004__I1,C_DEV_2000_2004,inner_block_start,I1,1984-12-31T16:00:00.000000Z,1984-12-30T16:00:00.000000Z,g500000000_r+0000010_c+0000001,10,1,48227230349.25447,13,5,0,13,not_estimable,indeterminate,,True,False,False
C_DEV_2000_2004__I1,C_DEV_2000_2004,inner_block_start,I1,1984-12-31T16:00:00.000000Z,1984-12-30T16:00:00.000000Z,g500000000_r+0000010_c+0000002,10,2,236920439817.02533,35,5,1,56,not_estimable,indeterminate,,True,False,False
C_DEV_2000_2004__I1,C_DEV_2000_2004,inner_block_start,I1,1984-12-31T16:00:00.000000Z,1984-12-30T16:00:00.000000Z,g500000000_r+0000010_c+0000003,10,3,243084632671.1493,13,5,1,56,not_estimable,indeterminate,,True,False,False
C_DEV_2000_2004__I1,C_DEV_2000_2004,inner_block_start,I1,1984-12-31T16:00:00.000000Z,1984-12-30T16:00:00.000000Z,g500000000_r+0000010_c+0000004,10,4,64022253970.34851,1,5,2,1,not_estimable,indeterminate,,True,False,False
C_DEV_2000_2004__I1,C_DEV_2000_2004,inner_block_start,I1,1984-12-31T16:00:00.000000Z,1984-12-30T16:00:00.000000Z,g500000000_r+0000011_c+0000002,11,2,169786352112.4043,8,5,1,56,not_estimable,indeterminate,,True,False,False
C_DEV_2000_2004__I1,C_DEV_2000_2004,inner_block_start,I1,1984-12-31T16:00:00.000000Z,1984-12-30T16:00:00.000000Z,g500000000_r+0000011_c+0000003,11,3,40973641596.34899,0,5,1,56,not_estimable,indeterminate,,True,False,False
C_DEV_2000_2004__I1,C_DEV_2000_2004,inner_block_start,I1,1984-12-31T16:00:00.000000Z,1984-12-30T16:00:00.000000Z,g500000000_r+0000011_c+0000004,11,4,4581119547.796514,0,5,2,1,not_estimable,indeterminate,,True,False,False
C_DEV_2000_2004__I2,C_DEV_2000_2004,inner_block_start,I2,1989-12-31T16:00:00.000000Z,1989-12-30T16:00:00.000000Z,g500000000_r+0000004_c-0000002,4,-2,20961703964.393833,146,2,-1,1759,parent_1000km,supported,3.2,True,True,True
C_DEV_2000_2004__I2,C_DEV_2000_2004,inner_block_start,I2,1989-12-31T16:00:00.000000Z,1989-12-30T16:00:00.000000Z,g500000000_r+0000004_c-0000001,4,-1,90331151902.37128,399,2,-1,1759,base_500km,supported,3.2,True,True,True
C_DEV_2000_2004__I2,C_DEV_2000_2004,inner_block_start,I2,1989-12-31T16:00:00.000000Z,1989-12-30T16:00:00.000000Z,g500000000_r+0000004_c+0000000,4,0,98547006665.30876,37,2,0,131,not_estimable,indeterminate,,True,False,False
C_DEV_2000_2004__I2,C_DEV_2000_2004,inner_block_start,I2,1989-12-31T16:00:00.000000Z,1989-12-30T16:00:00.000000Z,g500000000_r+0000004_c+0000001,4,1,111974151311.93896,14,2,0,131,not_estimable,indeterminate,,True,False,False
C_DEV_2000_2004__I2,C_DEV_2000_2004,inner_block_start,I2,1989-12-31T16:00:00.000000Z,1989-12-30T16:00:00.000000Z,g500000000_r+0000004_c+0000002,4,2,13322759354.481386,3,2,1,32,not_estimable,indeterminate,,True,False,False
C_DEV_2000_2004__I2,C_DEV_2000_2004,inner_block_start,I2,1989-12-31T16:00:00.000000Z,1989-12-30T16:00:00.000000Z,g500000000_r+0000005_c-0000004,5,-4,201303005.47642165,0,2,-2,23,not_estimable,indeterminate,,True,False,False
C_DEV_2000_2004__I2,C_DEV_2000_2004,inner_block_start,I2,1989-12-31T16:00:00.000000Z,1989-12-30T16:00:00.000000Z,g500000000_r+0000005_c-0000003,5,-3,23419775399.026546,23,2,-2,23,not_estimable,indeterminate,,True,False,False
C_DEV_2000_2004__I2,C_DEV_2000_2004,inner_block_start,I2,1989-12-31T16:00:00.000000Z,1989-12-30T16:00:00.000000Z,g500000000_r+0000005_c-0000002,5,-2,88018439537.05296,536,2,-1,1759,base_500km,supported,3.6,True,True,True
C_DEV_2000_2004__I2,C_DEV_2000_2004,inner_block_start,I2,1989-12-31T16:00:00.000000Z,1989-12-30T16:00:00.000000Z,g500000000_r+0000005_c-0000001,5,-1,250000000000.0,678,2,-1,1759,base_500km,supported,3.3,True,True,True
C_DEV_2000_2004__I2,C_DEV_2000_2004,inner_block_start,I2,1989-12-31T16:00:00.000000Z,1989-12-30T16:00:00.000000Z,g500000000_r+0000005_c+0000000,5,0,250000000000.0,21,2,0,131,not_estimable,indeterminate,,True,False,False
C_DEV_2000_2004__I2,C_DEV_2000_2004,inner_block_start,I2,1989-12-31T16:00:00.000000Z,1989-12-30T16:00:00.000000Z,g500000000_r+0000005_c+0000001,5,1,250000000000.0,59,2,0,131,not_estimable,indeterminate,,True,False,False
C_DEV_2000_2004__I2,C_DEV_2000_2004,inner_block_start,I2,1989-12-31T16:00:00.000000Z,1989-12-30T16:00:00.000000Z,g500000000_r+0000005_c+0000002,5,2,196907565002.725,29,2,1,32,not_estimable,indeterminate,,True,False,False
C_DEV_2000_2004__I2,C_DEV_2000_2004,inner_block_start,I2,1989-12-31T16:00:00.000000Z,1989-12-30T16:00:00.000000Z,g500000000_r+0000005_c+0000003,5,3,671816831.7331845,0,2,1,32,not_estimable,indeterminate,,True,False,False
C_DEV_2000_2004__I2,C_DEV_2000_2004,inner_block_start,I2,1989-12-31T16:00:00.000000Z,1989-12-30T16:00:00.000000Z,g500000000_r+0000006_c-0000005,6,-5,26307687034.742226,2,3,-3,90,not_estimable,indeterminate,,True,False,False
C_DEV_2000_2004__I2,C_DEV_2000_2004,inner_block_start,I2,1989-12-31T16:00:00.000000Z,1989-12-30T16:00:00.000000Z,g500000000_r+0000006_c-0000004,6,-4,190320594398.8866,58,3,-2,274,parent_1000km,unsupported,4.5,False,False,False
C_DEV_2000_2004__I2,C_DEV_2000_2004,inner_block_start,I2,1989-12-31T16:00:00.000000Z,1989-12-30T16:00:00.000000Z,g500000000_r+0000006_c-0000003,6,-3,238853371056.8762,49,3,-2,274,parent_1000km,unsupported,4.5,False,False,False
C_DEV_2000_2004__I2,C_DEV_2000_2004,inner_block_start,I2,1989-12-31T16:00:00.000000Z,1989-12-30T16:00:00.000000Z,g500000000_r+0000006_c-0000002,6,-2,247672469161.56644,207,3,-1,1006,base_500km,supported,3.2,True,True,True
C_DEV_2000_2004__I2,C_DEV_2000_2004,inner_block_start,I2,1989-12-31T16:00:00.000000Z,1989-12-30T16:00:00.000000Z,g500000000_r+0000006_c-0000001,6,-1,250000000000.0,462,3,-1,1006,base_500km,supported,3.2,True,True,True
C_DEV_2000_2004__I2,C_DEV_2000_2004,inner_block_start,I2,1989-12-31T16:00:00.000000Z,1989-12-30T16:00:00.000000Z,g500000000_r+0000006_c+0000000,6,0,250000000000.0,21,3,0,202,parent_1000km,supported,3.2,True,True,True
C_DEV_2000_2004__I2,C_DEV_2000_2004,inner_block_start,I2,1989-12-31T16:00:00.000000Z,1989-12-30T16:00:00.000000Z,g500000000_r+0000006_c+0000001,6,1,250000000000.0,28,3,0,202,parent_1000km,supported,3.2,True,True,True
C_DEV_2000_2004__I2,C_DEV_2000_2004,inner_block_start,I2,1989-12-31T16:00:00.000000Z,1989-12-30T16:00:00.000000Z,g500000000_r+0000006_c+0000002,6,2,249287979377.55872,38,3,1,81,not_estimable,indeterminate,,True,False,False
C_DEV_2000_2004__I2,C_DEV_2000_2004,inner_block_start,I2,1989-12-31T16:00:00.000000Z,1989-12-30T16:00:00.000000Z,g500000000_r+0000006_c+0000003,6,3,32419323521.00597,1,3,1,81,not_estimable,indeterminate,,True,False,False
C_DEV_2000_2004__I2,C_DEV_2000_2004,inner_block_start,I2,1989-12-31T16:00:00.000000Z,1989-12-30T16:00:00.000000Z,g500000000_r+0000007_c-0000005,7,-5,186851169308.37936,88,3,-3,90,not_estimable,indeterminate,,True,False,False
C_DEV_2000_2004__I2,C_DEV_2000_2004,inner_block_start,I2,1989-12-31T16:00:00.000000Z,1989-12-30T16:00:00.000000Z,g500000000_r+0000007_c-0000004,7,-4,250000000000.0,76,3,-2,274,parent_1000km,unsupported,4.5,False,False,False
C_DEV_2000_2004__I2,C_DEV_2000_2004,inner_block_start,I2,1989-12-31T16:00:00.000000Z,1989-12-30T16:00:00.000000Z,g500000000_r+0000007_c-0000003,7,-3,250000000000.0,91,3,-2,274,parent_1000km,unsupported,4.5,False,False,False
C_DEV_2000_2004__I2,C_DEV_2000_2004,inner_block_start,I2,1989-12-31T16:00:00.000000Z,1989-12-30T16:00:00.000000Z,g500000000_r+0000007_c-0000002,7,-2,250000000000.0,145,3,-1,1006,parent_1000km,supported,3.2,True,True,True
C_DEV_2000_2004__I2,C_DEV_2000_2004,inner_block_start,I2,1989-12-31T16:00:00.000000Z,1989-12-30T16:00:00.000000Z,g500000000_r+0000007_c-0000001,7,-1,250000000000.0,192,3,-1,1006,parent_1000km,supported,3.2,True,True,True
C_DEV_2000_2004__I2,C_DEV_2000_2004,inner_block_start,I2,1989-12-31T16:00:00.000000Z,1989-12-30T16:00:00.000000Z,g500000000_r+0000007_c+0000000,7,0,250000000000.0,70,3,0,202,parent_1000km,supported,3.2,True,True,True
C_DEV_2000_2004__I2,C_DEV_2000_2004,inner_block_start,I2,1989-12-31T16:00:00.000000Z,1989-12-30T16:00:00.000000Z,g500000000_r+0000007_c+0000001,7,1,250000000000.0,83,3,0,202,parent_1000km,supported,3.2,True,True,True
C_DEV_2000_2004__I2,C_DEV_2000_2004,inner_block_start,I2,1989-12-31T16:00:00.000000Z,1989-12-30T16:00:00.000000Z,g500000000_r+0000007_c+0000002,7,2,191666483395.32416,42,3,1,81,not_estimable,indeterminate,,True,False,False
C_DEV_2000_2004__I2,C_DEV_2000_2004,inner_block_start,I2,1989-12-31T16:00:00.000000Z,1989-12-30T16:00:00.000000Z,g500000000_r+0000007_c+0000003,7,3,2298776648.082298,0,3,1,81,not_estimable,indeterminate,,True,False,False
C_DEV_2000_2004__I2,C_DEV_2000_2004,inner_block_start,I2,1989-12-31T16:00:00.000000Z,1989-12-30T16:00:00.000000Z,g500000000_r+0000008_c-0000006,8,-6,15385288772.278814,45,4,-3,2334,parent_1000km,supported,3.2,True,True,True
C_DEV_2000_2004__I2,C_DEV_2000_2004,inner_block_start,I2,1989-12-31T16:00:00.000000Z,1989-12-30T16:00:00.000000Z,g500000000_r+0000008_c-0000005,8,-5,232223638076.97324,1085,4,-3,2334,base_500km,supported,3.2,True,True,True
C_DEV_2000_2004__I2,C_DEV_2000_2004,inner_block_start,I2,1989-12-31T16:00:00.000000Z,1989-12-30T16:00:00.000000Z,g500000000_r+0000008_c-0000004,8,-4,250000000000.0,138,4,-2,1011,parent_1000km,supported,3.3,True,True,True
C_DEV_2000_2004__I2,C_DEV_2000_2004,inner_block_start,I2,1989-12-31T16:00:00.000000Z,1989-12-30T16:00:00.000000Z,g500000000_r+0000008_c-0000003,8,-3,250000000000.0,89,4,-2,1011,parent_1000km,supported,3.3,True,True,True
C_DEV_2000_2004__I2,C_DEV_2000_2004,inner_block_start,I2,1989-12-31T16:00:00.000000Z,1989-12-30T16:00:00.000000Z,g500000000_r+0000008_c-0000002,8,-2,250000000000.0,180,4,-1,435,parent_1000km,supported,3.2,True,True,True
C_DEV_2000_2004__I2,C_DEV_2000_2004,inner_block_start,I2,1989-12-31T16:00:00.000000Z,1989-12-30T16:00:00.000000Z,g500000000_r+0000008_c-0000001,8,-1,249425621182.58255,210,4,-1,435,base_500km,supported,3.2,True,True,True
C_DEV_2000_2004__I2,C_DEV_2000_2004,inner_block_start,I2,1989-12-31T16:00:00.000000Z,1989-12-30T16:00:00.000000Z,g500000000_r+0000008_c+0000000,8,0,249737666957.76474,210,4,0,526,base_500km,supported,3.2,True,True,True
C_DEV_2000_2004__I2,C_DEV_2000_2004,inner_block_start,I2,1989-12-31T16:00:00.000000Z,1989-12-30T16:00:00.000000Z,g500000000_r+0000008_c+0000001,8,1,250000000000.0,281,4,0,526,base_500km,supported,3.2,True,True,True
C_DEV_2000_2004__I2,C_DEV_2000_2004,inner_block_start,I2,1989-12-31T16:00:00.000000Z,1989-12-30T16:00:00.000000Z,g500000000_r+0000008_c+0000002,8,2,140587143973.97015,1076,4,1,1370,base_500km,supported,3.6,True,True,True
C_DEV_2000_2004__I2,C_DEV_2000_2004,inner_block_start,I2,1989-12-31T16:00:00.000000Z,1989-12-30T16:00:00.000000Z,g500000000_r+0000008_c+0000003,8,3,10562408419.369371,5,4,1,1370,parent_1000km,supported,3.6,True,True,True
C_DEV_2000_2004__I2,C_DEV_2000_2004,inner_block_start,I2,1989-12-31T16:00:00.000000Z,1989-12-30T16:00:00.000000Z,g500000000_r+0000009_c-0000006,9,-6,19945588505.432407,306,4,-3,2334,base_500km,supported,3.2,True,True,True
C_DEV_2000_2004__I2,C_DEV_2000_2004,inner_block_start,I2,1989-12-31T16:00:00.000000Z,1989-12-30T16:00:00.000000Z,g500000000_r+0000009_c-0000005,9,-5,121120255925.02194,898,4,-3,2334,base_500km,supported,3.2,True,True,True
C_DEV_2000_2004__I2,C_DEV_2000_2004,inner_block_start,I2,1989-12-31T16:00:00.000000Z,1989-12-30T16:00:00.000000Z,g500000000_r+0000009_c-0000004,9,-4,240075899126.91846,568,4,-2,1011,base_500km,supported,3.2,True,True,True
C_DEV_2000_2004__I2,C_DEV_2000_2004,inner_block_start,I2,1989-12-31T16:00:00.000000Z,1989-12-30T16:00:00.000000Z,g500000000_r+0000009_c-0000003,9,-3,244590302069.89362,216,4,-2,1011,base_500km,supported,3.4,True,True,True
C_DEV_2000_2004__I2,C_DEV_2000_2004,inner_block_start,I2,1989-12-31T16:00:00.000000Z,1989-12-30T16:00:00.000000Z,g500000000_r+0000009_c-0000002,9,-2,130797167924.60342,44,4,-1,435,parent_1000km,supported,3.2,True,True,True
C_DEV_2000_2004__I2,C_DEV_2000_2004,inner_block_start,I2,1989-12-31T16:00:00.000000Z,1989-12-30T16:00:00.000000Z,g500000000_r+0000009_c-0000001,9,-1,31100867482.53936,1,4,-1,435,parent_1000km,supported,3.2,True,True,True
C_DEV_2000_2004__I2,C_DEV_2000_2004,inner_block_start,I2,1989-12-31T16:00:00.000000Z,1989-12-30T16:00:00.000000Z,g500000000_r+0000009_c+0000000,9,0,38512137110.20177,8,4,0,526,parent_1000km,supported,3.2,True,True,True
C_DEV_2000_2004__I2,C_DEV_2000_2004,inner_block_start,I2,1989-12-31T16:00:00.000000Z,1989-12-30T16:00:00.000000Z,g500000000_r+0000009_c+0000001,9,1,211120881312.65228,27,4,0,526,parent_1000km,supported,3.2,True,True,True
C_DEV_2000_2004__I2,C_DEV_2000_2004,inner_block_start,I2,1989-12-31T16:00:00.000000Z,1989-12-30T16:00:00.000000Z,g500000000_r+0000009_c+0000002,9,2,248472443280.00296,268,4,1,1370,base_500km,supported,3.2,True,True,True
C_DEV_2000_2004__I2,C_DEV_2000_2004,inner_block_start,I2,1989-12-31T16:00:00.000000Z,1989-12-30T16:00:00.000000Z,g500000000_r+0000009_c+0000003,9,3,185305983054.86414,21,4,1,1370,parent_1000km,supported,3.6,True,True,True
C_DEV_2000_2004__I2,C_DEV_2000_2004,inner_block_start,I2,1989-12-31T16:00:00.000000Z,1989-12-30T16:00:00.000000Z,g500000000_r+0000009_c+0000004,9,4,9425374546.9006,4,4,2,4,not_estimable,indeterminate,,True,False,False
C_DEV_2000_2004__I2,C_DEV_2000_2004,inner_block_start,I2,1989-12-31T16:00:00.000000Z,1989-12-30T16:00:00.000000Z,g500000000_r+0000010_c-0000004,10,-4,78241710216.52547,88,5,-2,140,not_estimable,indeterminate,,True,False,False
C_DEV_2000_2004__I2,C_DEV_2000_2004,inner_block_start,I2,1989-12-31T16:00:00.000000Z,1989-12-30T16:00:00.000000Z,g500000000_r+0000010_c-0000003,10,-3,141046179553.0188,52,5,-2,140,not_estimable,indeterminate,,True,False,False
C_DEV_2000_2004__I2,C_DEV_2000_2004,inner_block_start,I2,1989-12-31T16:00:00.000000Z,1989-12-30T16:00:00.000000Z,g500000000_r+0000010_c+0000001,10,1,48227230349.25447,15,5,0,15,not_estimable,indeterminate,,True,False,False
C_DEV_2000_2004__I2,C_DEV_2000_2004,inner_block_start,I2,1989-12-31T16:00:00.000000Z,1989-12-30T16:00:00.000000Z,g500000000_r+0000010_c+0000002,10,2,236920439817.02533,40,5,1,70,not_estimable,indeterminate,,True,False,False
C_DEV_2000_2004__I2,C_DEV_2000_2004,inner_block_start,I2,1989-12-31T16:00:00.000000Z,1989-12-30T16:00:00.000000Z,g500000000_r+0000010_c+0000003,10,3,243084632671.1493,22,5,1,70,not_estimable,indeterminate,,True,False,False
C_DEV_2000_2004__I2,C_DEV_2000_2004,inner_block_start,I2,1989-12-31T16:00:00.000000Z,1989-12-30T16:00:00.000000Z,g500000000_r+0000010_c+0000004,10,4,64022253970.34851,2,5,2,2,not_estimable,indeterminate,,True,False,False
C_DEV_2000_2004__I2,C_DEV_2000_2004,inner_block_start,I2,1989-12-31T16:00:00.000000Z,1989-12-30T16:00:00.000000Z,g500000000_r+0000011_c+0000002,11,2,169786352112.4043,8,5,1,70,not_estimable,indeterminate,,True,False,False
C_DEV_2000_2004__I2,C_DEV_2000_2004,inner_block_start,I2,1989-12-31T16:00:00.000000Z,1989-12-30T16:00:00.000000Z,g500000000_r+0000011_c+0000003,11,3,40973641596.34899,0,5,1,70,not_estimable,indeterminate,,True,False,False
C_DEV_2000_2004__I2,C_DEV_2000_2004,inner_block_start,I2,1989-12-31T16:00:00.000000Z,1989-12-30T16:00:00.000000Z,g500000000_r+0000011_c+0000004,11,4,4581119547.796514,0,5,2,2,not_estimable,indeterminate,,True,False,False
C_DEV_2000_2004__I3,C_DEV_2000_2004,inner_block_start,I3,1994-12-31T16:00:00.000000Z,1994-12-30T16:00:00.000000Z,g500000000_r+0000004_c-0000002,4,-2,20961703964.393833,188,2,-1,1974,parent_1000km,supported,3.2,True,True,True
C_DEV_2000_2004__I3,C_DEV_2000_2004,inner_block_start,I3,1994-12-31T16:00:00.000000Z,1994-12-30T16:00:00.000000Z,g500000000_r+0000004_c-0000001,4,-1,90331151902.37128,459,2,-1,1974,base_500km,supported,3.2,True,True,True
C_DEV_2000_2004__I3,C_DEV_2000_2004,inner_block_start,I3,1994-12-31T16:00:00.000000Z,1994-12-30T16:00:00.000000Z,g500000000_r+0000004_c+0000000,4,0,98547006665.30876,43,2,0,150,not_estimable,indeterminate,,True,False,False
C_DEV_2000_2004__I3,C_DEV_2000_2004,inner_block_start,I3,1994-12-31T16:00:00.000000Z,1994-12-30T16:00:00.000000Z,g500000000_r+0000004_c+0000001,4,1,111974151311.93896,19,2,0,150,not_estimable,indeterminate,,True,False,False
C_DEV_2000_2004__I3,C_DEV_2000_2004,inner_block_start,I3,1994-12-31T16:00:00.000000Z,1994-12-30T16:00:00.000000Z,g500000000_r+0000004_c+0000002,4,2,13322759354.481386,3,2,1,45,not_estimable,indeterminate,,True,False,False
C_DEV_2000_2004__I3,C_DEV_2000_2004,inner_block_start,I3,1994-12-31T16:00:00.000000Z,1994-12-30T16:00:00.000000Z,g500000000_r+0000005_c-0000004,5,-4,201303005.47642165,0,2,-2,39,not_estimable,indeterminate,,True,False,False
C_DEV_2000_2004__I3,C_DEV_2000_2004,inner_block_start,I3,1994-12-31T16:00:00.000000Z,1994-12-30T16:00:00.000000Z,g500000000_r+0000005_c-0000003,5,-3,23419775399.026546,39,2,-2,39,not_estimable,indeterminate,,True,False,False
C_DEV_2000_2004__I3,C_DEV_2000_2004,inner_block_start,I3,1994-12-31T16:00:00.000000Z,1994-12-30T16:00:00.000000Z,g500000000_r+0000005_c-0000002,5,-2,88018439537.05296,581,2,-1,1974,base_500km,supported,3.6,True,True,True
C_DEV_2000_2004__I3,C_DEV_2000_2004,inner_block_start,I3,1994-12-31T16:00:00.000000Z,1994-12-30T16:00:00.000000Z,g500000000_r+0000005_c-0000001,5,-1,250000000000.0,746,2,-1,1974,base_500km,supported,3.3,True,True,True
C_DEV_2000_2004__I3,C_DEV_2000_2004,inner_block_start,I3,1994-12-31T16:00:00.000000Z,1994-12-30T16:00:00.000000Z,g500000000_r+0000005_c+0000000,5,0,250000000000.0,22,2,0,150,not_estimable,indeterminate,,True,False,False
C_DEV_2000_2004__I3,C_DEV_2000_2004,inner_block_start,I3,1994-12-31T16:00:00.000000Z,1994-12-30T16:00:00.000000Z,g500000000_r+0000005_c+0000001,5,1,250000000000.0,66,2,0,150,not_estimable,indeterminate,,True,False,False
C_DEV_2000_2004__I3,C_DEV_2000_2004,inner_block_start,I3,1994-12-31T16:00:00.000000Z,1994-12-30T16:00:00.000000Z,g500000000_r+0000005_c+0000002,5,2,196907565002.725,42,2,1,45,not_estimable,indeterminate,,True,False,False
C_DEV_2000_2004__I3,C_DEV_2000_2004,inner_block_start,I3,1994-12-31T16:00:00.000000Z,1994-12-30T16:00:00.000000Z,g500000000_r+0000005_c+0000003,5,3,671816831.7331845,0,2,1,45,not_estimable,indeterminate,,True,False,False
C_DEV_2000_2004__I3,C_DEV_2000_2004,inner_block_start,I3,1994-12-31T16:00:00.000000Z,1994-12-30T16:00:00.000000Z,g500000000_r+0000006_c-0000005,6,-5,26307687034.742226,2,3,-3,109,not_estimable,indeterminate,,True,False,False
C_DEV_2000_2004__I3,C_DEV_2000_2004,inner_block_start,I3,1994-12-31T16:00:00.000000Z,1994-12-30T16:00:00.000000Z,g500000000_r+0000006_c-0000004,6,-4,190320594398.8866,70,3,-2,362,parent_1000km,unsupported,4.5,False,False,False
C_DEV_2000_2004__I3,C_DEV_2000_2004,inner_block_start,I3,1994-12-31T16:00:00.000000Z,1994-12-30T16:00:00.000000Z,g500000000_r+0000006_c-0000003,6,-3,238853371056.8762,87,3,-2,362,parent_1000km,unsupported,4.5,False,False,False
C_DEV_2000_2004__I3,C_DEV_2000_2004,inner_block_start,I3,1994-12-31T16:00:00.000000Z,1994-12-30T16:00:00.000000Z,g500000000_r+0000006_c-0000002,6,-2,247672469161.56644,258,3,-1,1202,base_500km,supported,3.2,True,True,True
C_DEV_2000_2004__I3,C_DEV_2000_2004,inner_block_start,I3,1994-12-31T16:00:00.000000Z,1994-12-30T16:00:00.000000Z,g500000000_r+0000006_c-0000001,6,-1,250000000000.0,514,3,-1,1202,base_500km,supported,3.2,True,True,True
C_DEV_2000_2004__I3,C_DEV_2000_2004,inner_block_start,I3,1994-12-31T16:00:00.000000Z,1994-12-30T16:00:00.000000Z,g500000000_r+0000006_c+0000000,6,0,250000000000.0,32,3,0,252,parent_1000km,supported,3.2,True,True,True
C_DEV_2000_2004__I3,C_DEV_2000_2004,inner_block_start,I3,1994-12-31T16:00:00.000000Z,1994-12-30T16:00:00.000000Z,g500000000_r+0000006_c+0000001,6,1,250000000000.0,34,3,0,252,parent_1000km,supported,3.2,True,True,True
C_DEV_2000_2004__I3,C_DEV_2000_2004,inner_block_start,I3,1994-12-31T16:00:00.000000Z,1994-12-30T16:00:00.000000Z,g500000000_r+0000006_c+0000002,6,2,249287979377.55872,40,3,1,92,not_estimable,indeterminate,,True,False,False
C_DEV_2000_2004__I3,C_DEV_2000_2004,inner_block_start,I3,1994-12-31T16:00:00.000000Z,1994-12-30T16:00:00.000000Z,g500000000_r+0000006_c+0000003,6,3,32419323521.00597,5,3,1,92,not_estimable,indeterminate,,True,False,False
C_DEV_2000_2004__I3,C_DEV_2000_2004,inner_block_start,I3,1994-12-31T16:00:00.000000Z,1994-12-30T16:00:00.000000Z,g500000000_r+0000007_c-0000005,7,-5,186851169308.37936,107,3,-3,109,not_estimable,indeterminate,,True,False,False
C_DEV_2000_2004__I3,C_DEV_2000_2004,inner_block_start,I3,1994-12-31T16:00:00.000000Z,1994-12-30T16:00:00.000000Z,g500000000_r+0000007_c-0000004,7,-4,250000000000.0,83,3,-2,362,parent_1000km,unsupported,4.5,False,False,False
C_DEV_2000_2004__I3,C_DEV_2000_2004,inner_block_start,I3,1994-12-31T16:00:00.000000Z,1994-12-30T16:00:00.000000Z,g500000000_r+0000007_c-0000003,7,-3,250000000000.0,122,3,-2,362,parent_1000km,unsupported,4.5,False,False,False
C_DEV_2000_2004__I3,C_DEV_2000_2004,inner_block_start,I3,1994-12-31T16:00:00.000000Z,1994-12-30T16:00:00.000000Z,g500000000_r+0000007_c-0000002,7,-2,250000000000.0,164,3,-1,1202,parent_1000km,supported,3.2,True,True,True
C_DEV_2000_2004__I3,C_DEV_2000_2004,inner_block_start,I3,1994-12-31T16:00:00.000000Z,1994-12-30T16:00:00.000000Z,g500000000_r+0000007_c-0000001,7,-1,250000000000.0,266,3,-1,1202,base_500km,supported,3.2,True,True,True
C_DEV_2000_2004__I3,C_DEV_2000_2004,inner_block_start,I3,1994-12-31T16:00:00.000000Z,1994-12-30T16:00:00.000000Z,g500000000_r+0000007_c+0000000,7,0,250000000000.0,85,3,0,252,parent_1000km,supported,3.2,True,True,True
C_DEV_2000_2004__I3,C_DEV_2000_2004,inner_block_start,I3,1994-12-31T16:00:00.000000Z,1994-12-30T16:00:00.000000Z,g500000000_r+0000007_c+0000001,7,1,250000000000.0,101,3,0,252,parent_1000km,supported,3.2,True,True,True
C_DEV_2000_2004__I3,C_DEV_2000_2004,inner_block_start,I3,1994-12-31T16:00:00.000000Z,1994-12-30T16:00:00.000000Z,g500000000_r+0000007_c+0000002,7,2,191666483395.32416,47,3,1,92,not_estimable,indeterminate,,True,False,False
C_DEV_2000_2004__I3,C_DEV_2000_2004,inner_block_start,I3,1994-12-31T16:00:00.000000Z,1994-12-30T16:00:00.000000Z,g500000000_r+0000007_c+0000003,7,3,2298776648.082298,0,3,1,92,not_estimable,indeterminate,,True,False,False
C_DEV_2000_2004__I3,C_DEV_2000_2004,inner_block_start,I3,1994-12-31T16:00:00.000000Z,1994-12-30T16:00:00.000000Z,g500000000_r+0000008_c-0000006,8,-6,15385288772.278814,50,4,-3,2844,parent_1000km,supported,3.2,True,True,True
C_DEV_2000_2004__I3,C_DEV_2000_2004,inner_block_start,I3,1994-12-31T16:00:00.000000Z,1994-12-30T16:00:00.000000Z,g500000000_r+0000008_c-0000005,8,-5,232223638076.97324,1340,4,-3,2844,base_500km,supported,3.2,True,True,True
C_DEV_2000_2004__I3,C_DEV_2000_2004,inner_block_start,I3,1994-12-31T16:00:00.000000Z,1994-12-30T16:00:00.000000Z,g500000000_r+0000008_c-0000004,8,-4,250000000000.0,164,4,-2,1315,parent_1000km,supported,3.3,True,True,True
C_DEV_2000_2004__I3,C_DEV_2000_2004,inner_block_start,I3,1994-12-31T16:00:00.000000Z,1994-12-30T16:00:00.000000Z,g500000000_r+0000008_c-0000003,8,-3,250000000000.0,184,4,-2,1315,parent_1000km,supported,3.3,True,True,True
C_DEV_2000_2004__I3,C_DEV_2000_2004,inner_block_start,I3,1994-12-31T16:00:00.000000Z,1994-12-30T16:00:00.000000Z,g500000000_r+0000008_c-0000002,8,-2,250000000000.0,215,4,-1,510,base_500km,supported,3.2,True,True,True
C_DEV_2000_2004__I3,C_DEV_2000_2004,inner_block_start,I3,1994-12-31T16:00:00.000000Z,1994-12-30T16:00:00.000000Z,g500000000_r+0000008_c-0000001,8,-1,249425621182.58255,245,4,-1,510,base_500km,supported,3.2,True,True,True
C_DEV_2000_2004__I3,C_DEV_2000_2004,inner_block_start,I3,1994-12-31T16:00:00.000000Z,1994-12-30T16:00:00.000000Z,g500000000_r+0000008_c+0000000,8,0,249737666957.76474,234,4,0,603,base_500km,supported,3.2,True,True,True
C_DEV_2000_2004__I3,C_DEV_2000_2004,inner_block_start,I3,1994-12-31T16:00:00.000000Z,1994-12-30T16:00:00.000000Z,g500000000_r+0000008_c+0000001,8,1,250000000000.0,318,4,0,603,base_500km,supported,3.2,True,True,True
C_DEV_2000_2004__I3,C_DEV_2000_2004,inner_block_start,I3,1994-12-31T16:00:00.000000Z,1994-12-30T16:00:00.000000Z,g500000000_r+0000008_c+0000002,8,2,140587143973.97015,1110,4,1,1427,base_500km,supported,3.6,True,True,True
C_DEV_2000_2004__I3,C_DEV_2000_2004,inner_block_start,I3,1994-12-31T16:00:00.000000Z,1994-12-30T16:00:00.000000Z,g500000000_r+0000008_c+0000003,8,3,10562408419.369371,6,4,1,1427,parent_1000km,supported,3.6,True,True,True
C_DEV_2000_2004__I3,C_DEV_2000_2004,inner_block_start,I3,1994-12-31T16:00:00.000000Z,1994-12-30T16:00:00.000000Z,g500000000_r+0000009_c-0000006,9,-6,19945588505.432407,379,4,-3,2844,base_500km,supported,3.2,True,True,True
C_DEV_2000_2004__I3,C_DEV_2000_2004,inner_block_start,I3,1994-12-31T16:00:00.000000Z,1994-12-30T16:00:00.000000Z,g500000000_r+0000009_c-0000005,9,-5,121120255925.02194,1075,4,-3,2844,base_500km,supported,3.2,True,True,True
C_DEV_2000_2004__I3,C_DEV_2000_2004,inner_block_start,I3,1994-12-31T16:00:00.000000Z,1994-12-30T16:00:00.000000Z,g500000000_r+0000009_c-0000004,9,-4,240075899126.91846,685,4,-2,1315,base_500km,supported,3.2,True,True,True
C_DEV_2000_2004__I3,C_DEV_2000_2004,inner_block_start,I3,1994-12-31T16:00:00.000000Z,1994-12-30T16:00:00.000000Z,g500000000_r+0000009_c-0000003,9,-3,244590302069.89362,282,4,-2,1315,base_500km,supported,3.3,True,True,True
C_DEV_2000_2004__I3,C_DEV_2000_2004,inner_block_start,I3,1994-12-31T16:00:00.000000Z,1994-12-30T16:00:00.000000Z,g500000000_r+0000009_c-0000002,9,-2,130797167924.60342,49,4,-1,510,parent_1000km,supported,3.2,True,True,True
C_DEV_2000_2004__I3,C_DEV_2000_2004,inner_block_start,I3,1994-12-31T16:00:00.000000Z,1994-12-30T16:00:00.000000Z,g500000000_r+0000009_c-0000001,9,-1,31100867482.53936,1,4,-1,510,parent_1000km,supported,3.2,True,True,True
C_DEV_2000_2004__I3,C_DEV_2000_2004,inner_block_start,I3,1994-12-31T16:00:00.000000Z,1994-12-30T16:00:00.000000Z,g500000000_r+0000009_c+0000000,9,0,38512137110.20177,10,4,0,603,parent_1000km,supported,3.2,True,True,True
C_DEV_2000_2004__I3,C_DEV_2000_2004,inner_block_start,I3,1994-12-31T16:00:00.000000Z,1994-12-30T16:00:00.000000Z,g500000000_r+0000009_c+0000001,9,1,211120881312.65228,41,4,0,603,parent_1000km,supported,3.2,True,True,True
C_DEV_2000_2004__I3,C_DEV_2000_2004,inner_block_start,I3,1994-12-31T16:00:00.000000Z,1994-12-30T16:00:00.000000Z,g500000000_r+0000009_c+0000002,9,2,248472443280.00296,284,4,1,1427,base_500km,supported,3.2,True,True,True
C_DEV_2000_2004__I3,C_DEV_2000_2004,inner_block_start,I3,1994-12-31T16:00:00.000000Z,1994-12-30T16:00:00.000000Z,g500000000_r+0000009_c+0000003,9,3,185305983054.86414,27,4,1,1427,parent_1000km,supported,3.6,True,True,True
C_DEV_2000_2004__I3,C_DEV_2000_2004,inner_block_start,I3,1994-12-31T16:00:00.000000Z,1994-12-30T16:00:00.000000Z,g500000000_r+0000009_c+0000004,9,4,9425374546.9006,4,4,2,4,not_estimable,indeterminate,,True,False,False
C_DEV_2000_2004__I3,C_DEV_2000_2004,inner_block_start,I3,1994-12-31T16:00:00.000000Z,1994-12-30T16:00:00.000000Z,g500000000_r+0000010_c-0000004,10,-4,78241710216.52547,114,5,-2,188,not_estimable,indeterminate,,True,False,False
C_DEV_2000_2004__I3,C_DEV_2000_2004,inner_block_start,I3,1994-12-31T16:00:00.000000Z,1994-12-30T16:00:00.000000Z,g500000000_r+0000010_c-0000003,10,-3,141046179553.0188,74,5,-2,188,not_estimable,indeterminate,,True,False,False
C_DEV_2000_2004__I3,C_DEV_2000_2004,inner_block_start,I3,1994-12-31T16:00:00.000000Z,1994-12-30T16:00:00.000000Z,g500000000_r+0000010_c+0000001,10,1,48227230349.25447,17,5,0,17,not_estimable,indeterminate,,True,False,False
C_DEV_2000_2004__I3,C_DEV_2000_2004,inner_block_start,I3,1994-12-31T16:00:00.000000Z,1994-12-30T16:00:00.000000Z,g500000000_r+0000010_c+0000002,10,2,236920439817.02533,54,5,1,100,not_estimable,indeterminate,,True,False,False
C_DEV_2000_2004__I3,C_DEV_2000_2004,inner_block_start,I3,1994-12-31T16:00:00.000000Z,1994-12-30T16:00:00.000000Z,g500000000_r+0000010_c+0000003,10,3,243084632671.1493,32,5,1,100,not_estimable,indeterminate,,True,False,False
C_DEV_2000_2004__I3,C_DEV_2000_2004,inner_block_start,I3,1994-12-31T16:00:00.000000Z,1994-12-30T16:00:00.000000Z,g500000000_r+0000010_c+0000004,10,4,64022253970.34851,2,5,2,2,not_estimable,indeterminate,,True,False,False
C_DEV_2000_2004__I3,C_DEV_2000_2004,inner_block_start,I3,1994-12-31T16:00:00.000000Z,1994-12-30T16:00:00.000000Z,g500000000_r+0000011_c+0000002,11,2,169786352112.4043,11,5,1,100,not_estimable,indeterminate,,True,False,False
C_DEV_2000_2004__I3,C_DEV_2000_2004,inner_block_start,I3,1994-12-31T16:00:00.000000Z,1994-12-30T16:00:00.000000Z,g500000000_r+0000011_c+0000003,11,3,40973641596.34899,3,5,1,100,not_estimable,indeterminate,,True,False,False
C_DEV_2000_2004__I3,C_DEV_2000_2004,inner_block_start,I3,1994-12-31T16:00:00.000000Z,1994-12-30T16:00:00.000000Z,g500000000_r+0000011_c+0000004,11,4,4581119547.796514,0,5,2,2,not_estimable,indeterminate,,True,False,False
C_DEV_2000_2004__OUTER,C_DEV_2000_2004,outer_fold_start,,1999-12-31T16:00:00.000000Z,1999-12-30T16:00:00.000000Z,g500000000_r+0000004_c-0000002,4,-2,20961703964.393833,198,2,-1,2166,parent_1000km,supported,3.2,True,True,True
C_DEV_2000_2004__OUTER,C_DEV_2000_2004,outer_fold_start,,1999-12-31T16:00:00.000000Z,1999-12-30T16:00:00.000000Z,g500000000_r+0000004_c-0000001,4,-1,90331151902.37128,487,2,-1,2166,base_500km,supported,3.2,True,True,True
C_DEV_2000_2004__OUTER,C_DEV_2000_2004,outer_fold_start,,1999-12-31T16:00:00.000000Z,1999-12-30T16:00:00.000000Z,g500000000_r+0000004_c+0000000,4,0,98547006665.30876,49,2,0,194,not_estimable,indeterminate,,True,False,False
C_DEV_2000_2004__OUTER,C_DEV_2000_2004,outer_fold_start,,1999-12-31T16:00:00.000000Z,1999-12-30T16:00:00.000000Z,g500000000_r+0000004_c+0000001,4,1,111974151311.93896,25,2,0,194,not_estimable,indeterminate,,True,False,False
C_DEV_2000_2004__OUTER,C_DEV_2000_2004,outer_fold_start,,1999-12-31T16:00:00.000000Z,1999-12-30T16:00:00.000000Z,g500000000_r+0000004_c+0000002,4,2,13322759354.481386,4,2,1,62,not_estimable,indeterminate,,True,False,False
C_DEV_2000_2004__OUTER,C_DEV_2000_2004,outer_fold_start,,1999-12-31T16:00:00.000000Z,1999-12-30T16:00:00.000000Z,g500000000_r+0000005_c-0000004,5,-4,201303005.47642165,1,2,-2,53,not_estimable,indeterminate,,True,False,False
C_DEV_2000_2004__OUTER,C_DEV_2000_2004,outer_fold_start,,1999-12-31T16:00:00.000000Z,1999-12-30T16:00:00.000000Z,g500000000_r+0000005_c-0000003,5,-3,23419775399.026546,52,2,-2,53,not_estimable,indeterminate,,True,False,False
C_DEV_2000_2004__OUTER,C_DEV_2000_2004,outer_fold_start,,1999-12-31T16:00:00.000000Z,1999-12-30T16:00:00.000000Z,g500000000_r+0000005_c-0000002,5,-2,88018439537.05296,623,2,-1,2166,base_500km,supported,3.6,True,True,True
C_DEV_2000_2004__OUTER,C_DEV_2000_2004,outer_fold_start,,1999-12-31T16:00:00.000000Z,1999-12-30T16:00:00.000000Z,g500000000_r+0000005_c-0000001,5,-1,250000000000.0,858,2,-1,2166,base_500km,supported,3.2,True,True,True
C_DEV_2000_2004__OUTER,C_DEV_2000_2004,outer_fold_start,,1999-12-31T16:00:00.000000Z,1999-12-30T16:00:00.000000Z,g500000000_r+0000005_c+0000000,5,0,250000000000.0,34,2,0,194,not_estimable,indeterminate,,True,False,False
C_DEV_2000_2004__OUTER,C_DEV_2000_2004,outer_fold_start,,1999-12-31T16:00:00.000000Z,1999-12-30T16:00:00.000000Z,g500000000_r+0000005_c+0000001,5,1,250000000000.0,86,2,0,194,not_estimable,indeterminate,,True,False,False
C_DEV_2000_2004__OUTER,C_DEV_2000_2004,outer_fold_start,,1999-12-31T16:00:00.000000Z,1999-12-30T16:00:00.000000Z,g500000000_r+0000005_c+0000002,5,2,196907565002.725,58,2,1,62,not_estimable,indeterminate,,True,False,False
C_DEV_2000_2004__OUTER,C_DEV_2000_2004,outer_fold_start,,1999-12-31T16:00:00.000000Z,1999-12-30T16:00:00.000000Z,g500000000_r+0000005_c+0000003,5,3,671816831.7331845,0,2,1,62,not_estimable,indeterminate,,True,False,False
C_DEV_2000_2004__OUTER,C_DEV_2000_2004,outer_fold_start,,1999-12-31T16:00:00.000000Z,1999-12-30T16:00:00.000000Z,g500000000_r+0000006_c-0000005,6,-5,26307687034.742226,2,3,-3,117,not_estimable,indeterminate,,True,False,False
C_DEV_2000_2004__OUTER,C_DEV_2000_2004,outer_fold_start,,1999-12-31T16:00:00.000000Z,1999-12-30T16:00:00.000000Z,g500000000_r+0000006_c-0000004,6,-4,190320594398.8866,164,3,-2,539,parent_1000km,supported,3.2,True,True,True
C_DEV_2000_2004__OUTER,C_DEV_2000_2004,outer_fold_start,,1999-12-31T16:00:00.000000Z,1999-12-30T16:00:00.000000Z,g500000000_r+0000006_c-0000003,6,-3,238853371056.8762,128,3,-2,539,parent_1000km,supported,3.2,True,True,True
C_DEV_2000_2004__OUTER,C_DEV_2000_2004,outer_fold_start,,1999-12-31T16:00:00.000000Z,1999-12-30T16:00:00.000000Z,g500000000_r+0000006_c-0000002,6,-2,247672469161.56644,303,3,-1,1374,base_500km,supported,3.2,True,True,True
C_DEV_2000_2004__OUTER,C_DEV_2000_2004,outer_fold_start,,1999-12-31T16:00:00.000000Z,1999-12-30T16:00:00.000000Z,g500000000_r+0000006_c-0000001,6,-1,250000000000.0,565,3,-1,1374,base_500km,supported,3.2,True,True,True
C_DEV_2000_2004__OUTER,C_DEV_2000_2004,outer_fold_start,,1999-12-31T16:00:00.000000Z,1999-12-30T16:00:00.000000Z,g500000000_r+0000006_c+0000000,6,0,250000000000.0,51,3,0,297,parent_1000km,supported,3.2,True,True,True
C_DEV_2000_2004__OUTER,C_DEV_2000_2004,outer_fold_start,,1999-12-31T16:00:00.000000Z,1999-12-30T16:00:00.000000Z,g500000000_r+0000006_c+0000001,6,1,250000000000.0,35,3,0,297,parent_1000km,supported,3.2,True,True,True
C_DEV_2000_2004__OUTER,C_DEV_2000_2004,outer_fold_start,,1999-12-31T16:00:00.000000Z,1999-12-30T16:00:00.000000Z,g500000000_r+0000006_c+0000002,6,2,249287979377.55872,44,3,1,102,not_estimable,indeterminate,,True,False,False
C_DEV_2000_2004__OUTER,C_DEV_2000_2004,outer_fold_start,,1999-12-31T16:00:00.000000Z,1999-12-30T16:00:00.000000Z,g500000000_r+0000006_c+0000003,6,3,32419323521.00597,6,3,1,102,not_estimable,indeterminate,,True,False,False
C_DEV_2000_2004__OUTER,C_DEV_2000_2004,outer_fold_start,,1999-12-31T16:00:00.000000Z,1999-12-30T16:00:00.000000Z,g500000000_r+0000007_c-0000005,7,-5,186851169308.37936,115,3,-3,117,not_estimable,indeterminate,,True,False,False
C_DEV_2000_2004__OUTER,C_DEV_2000_2004,outer_fold_start,,1999-12-31T16:00:00.000000Z,1999-12-30T16:00:00.000000Z,g500000000_r+0000007_c-0000004,7,-4,250000000000.0,95,3,-2,539,parent_1000km,supported,3.2,True,True,True
C_DEV_2000_2004__OUTER,C_DEV_2000_2004,outer_fold_start,,1999-12-31T16:00:00.000000Z,1999-12-30T16:00:00.000000Z,g500000000_r+0000007_c-0000003,7,-3,250000000000.0,152,3,-2,539,parent_1000km,supported,3.2,True,True,True
C_DEV_2000_2004__OUTER,C_DEV_2000_2004,outer_fold_start,,1999-12-31T16:00:00.000000Z,1999-12-30T16:00:00.000000Z,g500000000_r+0000007_c-0000002,7,-2,250000000000.0,195,3,-1,1374,parent_1000km,supported,3.2,True,True,True
C_DEV_2000_2004__OUTER,C_DEV_2000_2004,outer_fold_start,,1999-12-31T16:00:00.000000Z,1999-12-30T16:00:00.000000Z,g500000000_r+0000007_c-0000001,7,-1,250000000000.0,311,3,-1,1374,base_500km,supported,3.2,True,True,True
C_DEV_2000_2004__OUTER,C_DEV_2000_2004,outer_fold_start,,1999-12-31T16:00:00.000000Z,1999-12-30T16:00:00.000000Z,g500000000_r+0000007_c+0000000,7,0,250000000000.0,99,3,0,297,parent_1000km,supported,3.2,True,True,True
C_DEV_2000_2004__OUTER,C_DEV_2000_2004,outer_fold_start,,1999-12-31T16:00:00.000000Z,1999-12-30T16:00:00.000000Z,g500000000_r+0000007_c+0000001,7,1,250000000000.0,112,3,0,297,parent_1000km,supported,3.2,True,True,True
C_DEV_2000_2004__OUTER,C_DEV_2000_2004,outer_fold_start,,1999-12-31T16:00:00.000000Z,1999-12-30T16:00:00.000000Z,g500000000_r+0000007_c+0000002,7,2,191666483395.32416,52,3,1,102,not_estimable,indeterminate,,True,False,False
C_DEV_2000_2004__OUTER,C_DEV_2000_2004,outer_fold_start,,1999-12-31T16:00:00.000000Z,1999-12-30T16:00:00.000000Z,g500000000_r+0000007_c+0000003,7,3,2298776648.082298,0,3,1,102,not_estimable,indeterminate,,True,False,False
C_DEV_2000_2004__OUTER,C_DEV_2000_2004,outer_fold_start,,1999-12-31T16:00:00.000000Z,1999-12-30T16:00:00.000000Z,g500000000_r+0000008_c-0000006,8,-6,15385288772.278814,58,4,-3,3808,parent_1000km,supported,3.2,True,True,True
C_DEV_2000_2004__OUTER,C_DEV_2000_2004,outer_fold_start,,1999-12-31T16:00:00.000000Z,1999-12-30T16:00:00.000000Z,g500000000_r+0000008_c-0000005,8,-5,232223638076.97324,1619,4,-3,3808,base_500km,supported,3.2,True,True,True
C_DEV_2000_2004__OUTER,C_DEV_2000_2004,outer_fold_start,,1999-12-31T16:00:00.000000Z,1999-12-30T16:00:00.000000Z,g500000000_r+0000008_c-0000004,8,-4,250000000000.0,198,4,-2,1589,parent_1000km,supported,3.2,True,True,True
C_DEV_2000_2004__OUTER,C_DEV_2000_2004,outer_fold_start,,1999-12-31T16:00:00.000000Z,1999-12-30T16:00:00.000000Z,g500000000_r+0000008_c-0000003,8,-3,250000000000.0,243,4,-2,1589,base_500km,supported,3.3,True,True,True
C_DEV_2000_2004__OUTER,C_DEV_2000_2004,outer_fold_start,,1999-12-31T16:00:00.000000Z,1999-12-30T16:00:00.000000Z,g500000000_r+0000008_c-0000002,8,-2,250000000000.0,257,4,-1,594,base_500km,supported,3.2,True,True,True
C_DEV_2000_2004__OUTER,C_DEV_2000_2004,outer_fold_start,,1999-12-31T16:00:00.000000Z,1999-12-30T16:00:00.000000Z,g500000000_r+0000008_c-0000001,8,-1,249425621182.58255,281,4,-1,594,base_500km,supported,3.2,True,True,True
C_DEV_2000_2004__OUTER,C_DEV_2000_2004,outer_fold_start,,1999-12-31T16:00:00.000000Z,1999-12-30T16:00:00.000000Z,g500000000_r+0000008_c+0000000,8,0,249737666957.76474,274,4,0,731,base_500km,supported,3.2,True,True,True
C_DEV_2000_2004__OUTER,C_DEV_2000_2004,outer_fold_start,,1999-12-31T16:00:00.000000Z,1999-12-30T16:00:00.000000Z,g500000000_r+0000008_c+0000001,8,1,250000000000.0,397,4,0,731,base_500km,supported,3.2,True,True,True
C_DEV_2000_2004__OUTER,C_DEV_2000_2004,outer_fold_start,,1999-12-31T16:00:00.000000Z,1999-12-30T16:00:00.000000Z,g500000000_r+0000008_c+0000002,8,2,140587143973.97015,1162,4,1,1493,base_500km,supported,3.6,True,True,True
C_DEV_2000_2004__OUTER,C_DEV_2000_2004,outer_fold_start,,1999-12-31T16:00:00.000000Z,1999-12-30T16:00:00.000000Z,g500000000_r+0000008_c+0000003,8,3,10562408419.369371,7,4,1,1493,parent_1000km,supported,3.6,True,True,True
C_DEV_2000_2004__OUTER,C_DEV_2000_2004,outer_fold_start,,1999-12-31T16:00:00.000000Z,1999-12-30T16:00:00.000000Z,g500000000_r+0000009_c-0000006,9,-6,19945588505.432407,417,4,-3,3808,base_500km,supported,3.2,True,True,True
C_DEV_2000_2004__OUTER,C_DEV_2000_2004,outer_fold_start,,1999-12-31T16:00:00.000000Z,1999-12-30T16:00:00.000000Z,g500000000_r+0000009_c-0000005,9,-5,121120255925.02194,1714,4,-3,3808,base_500km,supported,3.2,True,True,True
C_DEV_2000_2004__OUTER,C_DEV_2000_2004,outer_fold_start,,1999-12-31T16:00:00.000000Z,1999-12-30T16:00:00.000000Z,g500000000_r+0000009_c-0000004,9,-4,240075899126.91846,815,4,-2,1589,base_500km,supported,3.2,True,True,True
C_DEV_2000_2004__OUTER,C_DEV_2000_2004,outer_fold_start,,1999-12-31T16:00:00.000000Z,1999-12-30T16:00:00.000000Z,g500000000_r+0000009_c-0000003,9,-3,244590302069.89362,333,4,-2,1589,base_500km,supported,3.3,True,True,True
C_DEV_2000_2004__OUTER,C_DEV_2000_2004,outer_fold_start,,1999-12-31T16:00:00.000000Z,1999-12-30T16:00:00.000000Z,g500000000_r+0000009_c-0000002,9,-2,130797167924.60342,54,4,-1,594,parent_1000km,supported,3.2,True,True,True
C_DEV_2000_2004__OUTER,C_DEV_2000_2004,outer_fold_start,,1999-12-31T16:00:00.000000Z,1999-12-30T16:00:00.000000Z,g500000000_r+0000009_c-0000001,9,-1,31100867482.53936,2,4,-1,594,parent_1000km,supported,3.2,True,True,True
C_DEV_2000_2004__OUTER,C_DEV_2000_2004,outer_fold_start,,1999-12-31T16:00:00.000000Z,1999-12-30T16:00:00.000000Z,g500000000_r+0000009_c+0000000,9,0,38512137110.20177,10,4,0,731,parent_1000km,supported,3.2,True,True,True
C_DEV_2000_2004__OUTER,C_DEV_2000_2004,outer_fold_start,,1999-12-31T16:00:00.000000Z,1999-12-30T16:00:00.000000Z,g500000000_r+0000009_c+0000001,9,1,211120881312.65228,50,4,0,731,parent_1000km,supported,3.2,True,True,True
C_DEV_2000_2004__OUTER,C_DEV_2000_2004,outer_fold_start,,1999-12-31T16:00:00.000000Z,1999-12-30T16:00:00.000000Z,g500000000_r+0000009_c+0000002,9,2,248472443280.00296,296,4,1,1493,base_500km,supported,3.2,True,True,True
C_DEV_2000_2004__OUTER,C_DEV_2000_2004,outer_fold_start,,1999-12-31T16:00:00.000000Z,1999-12-30T16:00:00.000000Z,g500000000_r+0000009_c+0000003,9,3,185305983054.86414,28,4,1,1493,parent_1000km,supported,3.6,True,True,True
C_DEV_2000_2004__OUTER,C_DEV_2000_2004,outer_fold_start,,1999-12-31T16:00:00.000000Z,1999-12-30T16:00:00.000000Z,g500000000_r+0000009_c+0000004,9,4,9425374546.9006,5,4,2,5,not_estimable,indeterminate,,True,False,False
C_DEV_2000_2004__OUTER,C_DEV_2000_2004,outer_fold_start,,1999-12-31T16:00:00.000000Z,1999-12-30T16:00:00.000000Z,g500000000_r+0000010_c-0000004,10,-4,78241710216.52547,133,5,-2,226,parent_1000km,supported,3.3,True,True,True
C_DEV_2000_2004__OUTER,C_DEV_2000_2004,outer_fold_start,,1999-12-31T16:00:00.000000Z,1999-12-30T16:00:00.000000Z,g500000000_r+0000010_c-0000003,10,-3,141046179553.0188,93,5,-2,226,parent_1000km,supported,3.3,True,True,True
C_DEV_2000_2004__OUTER,C_DEV_2000_2004,outer_fold_start,,1999-12-31T16:00:00.000000Z,1999-12-30T16:00:00.000000Z,g500000000_r+0000010_c+0000001,10,1,48227230349.25447,20,5,0,20,not_estimable,indeterminate,,True,False,False
C_DEV_2000_2004__OUTER,C_DEV_2000_2004,outer_fold_start,,1999-12-31T16:00:00.000000Z,1999-12-30T16:00:00.000000Z,g500000000_r+0000010_c+0000002,10,2,236920439817.02533,58,5,1,118,not_estimable,indeterminate,,True,False,False
C_DEV_2000_2004__OUTER,C_DEV_2000_2004,outer_fold_start,,1999-12-31T16:00:00.000000Z,1999-12-30T16:00:00.000000Z,g500000000_r+0000010_c+0000003,10,3,243084632671.1493,38,5,1,118,not_estimable,indeterminate,,True,False,False
C_DEV_2000_2004__OUTER,C_DEV_2000_2004,outer_fold_start,,1999-12-31T16:00:00.000000Z,1999-12-30T16:00:00.000000Z,g500000000_r+0000010_c+0000004,10,4,64022253970.34851,2,5,2,2,not_estimable,indeterminate,,True,False,False
C_DEV_2000_2004__OUTER,C_DEV_2000_2004,outer_fold_start,,1999-12-31T16:00:00.000000Z,1999-12-30T16:00:00.000000Z,g500000000_r+0000011_c+0000002,11,2,169786352112.4043,18,5,1,118,not_estimable,indeterminate,,True,False,False
C_DEV_2000_2004__OUTER,C_DEV_2000_2004,outer_fold_start,,1999-12-31T16:00:00.000000Z,1999-12-30T16:00:00.000000Z,g500000000_r+0000011_c+0000003,11,3,40973641596.34899,4,5,1,118,not_estimable,indeterminate,,True,False,False
C_DEV_2000_2004__OUTER,C_DEV_2000_2004,outer_fold_start,,1999-12-31T16:00:00.000000Z,1999-12-30T16:00:00.000000Z,g500000000_r+0000011_c+0000004,11,4,4581119547.796514,0,5,2,2,not_estimable,indeterminate,,True,False,False
C_DEV_2005_2009__I1,C_DEV_2005_2009,inner_block_start,I1,1989-12-31T16:00:00.000000Z,1989-12-30T16:00:00.000000Z,g500000000_r+0000004_c-0000002,4,-2,20961703964.393833,146,2,-1,1759,parent_1000km,supported,3.2,True,True,True
C_DEV_2005_2009__I1,C_DEV_2005_2009,inner_block_start,I1,1989-12-31T16:00:00.000000Z,1989-12-30T16:00:00.000000Z,g500000000_r+0000004_c-0000001,4,-1,90331151902.37128,399,2,-1,1759,base_500km,supported,3.2,True,True,True
C_DEV_2005_2009__I1,C_DEV_2005_2009,inner_block_start,I1,1989-12-31T16:00:00.000000Z,1989-12-30T16:00:00.000000Z,g500000000_r+0000004_c+0000000,4,0,98547006665.30876,37,2,0,131,not_estimable,indeterminate,,True,False,False
C_DEV_2005_2009__I1,C_DEV_2005_2009,inner_block_start,I1,1989-12-31T16:00:00.000000Z,1989-12-30T16:00:00.000000Z,g500000000_r+0000004_c+0000001,4,1,111974151311.93896,14,2,0,131,not_estimable,indeterminate,,True,False,False
C_DEV_2005_2009__I1,C_DEV_2005_2009,inner_block_start,I1,1989-12-31T16:00:00.000000Z,1989-12-30T16:00:00.000000Z,g500000000_r+0000004_c+0000002,4,2,13322759354.481386,3,2,1,32,not_estimable,indeterminate,,True,False,False
C_DEV_2005_2009__I1,C_DEV_2005_2009,inner_block_start,I1,1989-12-31T16:00:00.000000Z,1989-12-30T16:00:00.000000Z,g500000000_r+0000005_c-0000004,5,-4,201303005.47642165,0,2,-2,23,not_estimable,indeterminate,,True,False,False
C_DEV_2005_2009__I1,C_DEV_2005_2009,inner_block_start,I1,1989-12-31T16:00:00.000000Z,1989-12-30T16:00:00.000000Z,g500000000_r+0000005_c-0000003,5,-3,23419775399.026546,23,2,-2,23,not_estimable,indeterminate,,True,False,False
C_DEV_2005_2009__I1,C_DEV_2005_2009,inner_block_start,I1,1989-12-31T16:00:00.000000Z,1989-12-30T16:00:00.000000Z,g500000000_r+0000005_c-0000002,5,-2,88018439537.05296,536,2,-1,1759,base_500km,supported,3.6,True,True,True
C_DEV_2005_2009__I1,C_DEV_2005_2009,inner_block_start,I1,1989-12-31T16:00:00.000000Z,1989-12-30T16:00:00.000000Z,g500000000_r+0000005_c-0000001,5,-1,250000000000.0,678,2,-1,1759,base_500km,supported,3.3,True,True,True
C_DEV_2005_2009__I1,C_DEV_2005_2009,inner_block_start,I1,1989-12-31T16:00:00.000000Z,1989-12-30T16:00:00.000000Z,g500000000_r+0000005_c+0000000,5,0,250000000000.0,21,2,0,131,not_estimable,indeterminate,,True,False,False
C_DEV_2005_2009__I1,C_DEV_2005_2009,inner_block_start,I1,1989-12-31T16:00:00.000000Z,1989-12-30T16:00:00.000000Z,g500000000_r+0000005_c+0000001,5,1,250000000000.0,59,2,0,131,not_estimable,indeterminate,,True,False,False
C_DEV_2005_2009__I1,C_DEV_2005_2009,inner_block_start,I1,1989-12-31T16:00:00.000000Z,1989-12-30T16:00:00.000000Z,g500000000_r+0000005_c+0000002,5,2,196907565002.725,29,2,1,32,not_estimable,indeterminate,,True,False,False
C_DEV_2005_2009__I1,C_DEV_2005_2009,inner_block_start,I1,1989-12-31T16:00:00.000000Z,1989-12-30T16:00:00.000000Z,g500000000_r+0000005_c+0000003,5,3,671816831.7331845,0,2,1,32,not_estimable,indeterminate,,True,False,False
C_DEV_2005_2009__I1,C_DEV_2005_2009,inner_block_start,I1,1989-12-31T16:00:00.000000Z,1989-12-30T16:00:00.000000Z,g500000000_r+0000006_c-0000005,6,-5,26307687034.742226,2,3,-3,90,not_estimable,indeterminate,,True,False,False
C_DEV_2005_2009__I1,C_DEV_2005_2009,inner_block_start,I1,1989-12-31T16:00:00.000000Z,1989-12-30T16:00:00.000000Z,g500000000_r+0000006_c-0000004,6,-4,190320594398.8866,58,3,-2,274,parent_1000km,unsupported,4.5,False,False,False
C_DEV_2005_2009__I1,C_DEV_2005_2009,inner_block_start,I1,1989-12-31T16:00:00.000000Z,1989-12-30T16:00:00.000000Z,g500000000_r+0000006_c-0000003,6,-3,238853371056.8762,49,3,-2,274,parent_1000km,unsupported,4.5,False,False,False
C_DEV_2005_2009__I1,C_DEV_2005_2009,inner_block_start,I1,1989-12-31T16:00:00.000000Z,1989-12-30T16:00:00.000000Z,g500000000_r+0000006_c-0000002,6,-2,247672469161.56644,207,3,-1,1006,base_500km,supported,3.2,True,True,True
C_DEV_2005_2009__I1,C_DEV_2005_2009,inner_block_start,I1,1989-12-31T16:00:00.000000Z,1989-12-30T16:00:00.000000Z,g500000000_r+0000006_c-0000001,6,-1,250000000000.0,462,3,-1,1006,base_500km,supported,3.2,True,True,True
C_DEV_2005_2009__I1,C_DEV_2005_2009,inner_block_start,I1,1989-12-31T16:00:00.000000Z,1989-12-30T16:00:00.000000Z,g500000000_r+0000006_c+0000000,6,0,250000000000.0,21,3,0,202,parent_1000km,supported,3.2,True,True,True
C_DEV_2005_2009__I1,C_DEV_2005_2009,inner_block_start,I1,1989-12-31T16:00:00.000000Z,1989-12-30T16:00:00.000000Z,g500000000_r+0000006_c+0000001,6,1,250000000000.0,28,3,0,202,parent_1000km,supported,3.2,True,True,True
C_DEV_2005_2009__I1,C_DEV_2005_2009,inner_block_start,I1,1989-12-31T16:00:00.000000Z,1989-12-30T16:00:00.000000Z,g500000000_r+0000006_c+0000002,6,2,249287979377.55872,38,3,1,81,not_estimable,indeterminate,,True,False,False
C_DEV_2005_2009__I1,C_DEV_2005_2009,inner_block_start,I1,1989-12-31T16:00:00.000000Z,1989-12-30T16:00:00.000000Z,g500000000_r+0000006_c+0000003,6,3,32419323521.00597,1,3,1,81,not_estimable,indeterminate,,True,False,False
C_DEV_2005_2009__I1,C_DEV_2005_2009,inner_block_start,I1,1989-12-31T16:00:00.000000Z,1989-12-30T16:00:00.000000Z,g500000000_r+0000007_c-0000005,7,-5,186851169308.37936,88,3,-3,90,not_estimable,indeterminate,,True,False,False
C_DEV_2005_2009__I1,C_DEV_2005_2009,inner_block_start,I1,1989-12-31T16:00:00.000000Z,1989-12-30T16:00:00.000000Z,g500000000_r+0000007_c-0000004,7,-4,250000000000.0,76,3,-2,274,parent_1000km,unsupported,4.5,False,False,False
C_DEV_2005_2009__I1,C_DEV_2005_2009,inner_block_start,I1,1989-12-31T16:00:00.000000Z,1989-12-30T16:00:00.000000Z,g500000000_r+0000007_c-0000003,7,-3,250000000000.0,91,3,-2,274,parent_1000km,unsupported,4.5,False,False,False
C_DEV_2005_2009__I1,C_DEV_2005_2009,inner_block_start,I1,1989-12-31T16:00:00.000000Z,1989-12-30T16:00:00.000000Z,g500000000_r+0000007_c-0000002,7,-2,250000000000.0,145,3,-1,1006,parent_1000km,supported,3.2,True,True,True
C_DEV_2005_2009__I1,C_DEV_2005_2009,inner_block_start,I1,1989-12-31T16:00:00.000000Z,1989-12-30T16:00:00.000000Z,g500000000_r+0000007_c-0000001,7,-1,250000000000.0,192,3,-1,1006,parent_1000km,supported,3.2,True,True,True
C_DEV_2005_2009__I1,C_DEV_2005_2009,inner_block_start,I1,1989-12-31T16:00:00.000000Z,1989-12-30T16:00:00.000000Z,g500000000_r+0000007_c+0000000,7,0,250000000000.0,70,3,0,202,parent_1000km,supported,3.2,True,True,True
C_DEV_2005_2009__I1,C_DEV_2005_2009,inner_block_start,I1,1989-12-31T16:00:00.000000Z,1989-12-30T16:00:00.000000Z,g500000000_r+0000007_c+0000001,7,1,250000000000.0,83,3,0,202,parent_1000km,supported,3.2,True,True,True
C_DEV_2005_2009__I1,C_DEV_2005_2009,inner_block_start,I1,1989-12-31T16:00:00.000000Z,1989-12-30T16:00:00.000000Z,g500000000_r+0000007_c+0000002,7,2,191666483395.32416,42,3,1,81,not_estimable,indeterminate,,True,False,False
C_DEV_2005_2009__I1,C_DEV_2005_2009,inner_block_start,I1,1989-12-31T16:00:00.000000Z,1989-12-30T16:00:00.000000Z,g500000000_r+0000007_c+0000003,7,3,2298776648.082298,0,3,1,81,not_estimable,indeterminate,,True,False,False
C_DEV_2005_2009__I1,C_DEV_2005_2009,inner_block_start,I1,1989-12-31T16:00:00.000000Z,1989-12-30T16:00:00.000000Z,g500000000_r+0000008_c-0000006,8,-6,15385288772.278814,45,4,-3,2334,parent_1000km,supported,3.2,True,True,True
C_DEV_2005_2009__I1,C_DEV_2005_2009,inner_block_start,I1,1989-12-31T16:00:00.000000Z,1989-12-30T16:00:00.000000Z,g500000000_r+0000008_c-0000005,8,-5,232223638076.97324,1085,4,-3,2334,base_500km,supported,3.2,True,True,True
C_DEV_2005_2009__I1,C_DEV_2005_2009,inner_block_start,I1,1989-12-31T16:00:00.000000Z,1989-12-30T16:00:00.000000Z,g500000000_r+0000008_c-0000004,8,-4,250000000000.0,138,4,-2,1011,parent_1000km,supported,3.3,True,True,True
C_DEV_2005_2009__I1,C_DEV_2005_2009,inner_block_start,I1,1989-12-31T16:00:00.000000Z,1989-12-30T16:00:00.000000Z,g500000000_r+0000008_c-0000003,8,-3,250000000000.0,89,4,-2,1011,parent_1000km,supported,3.3,True,True,True
C_DEV_2005_2009__I1,C_DEV_2005_2009,inner_block_start,I1,1989-12-31T16:00:00.000000Z,1989-12-30T16:00:00.000000Z,g500000000_r+0000008_c-0000002,8,-2,250000000000.0,180,4,-1,435,parent_1000km,supported,3.2,True,True,True
C_DEV_2005_2009__I1,C_DEV_2005_2009,inner_block_start,I1,1989-12-31T16:00:00.000000Z,1989-12-30T16:00:00.000000Z,g500000000_r+0000008_c-0000001,8,-1,249425621182.58255,210,4,-1,435,base_500km,supported,3.2,True,True,True
C_DEV_2005_2009__I1,C_DEV_2005_2009,inner_block_start,I1,1989-12-31T16:00:00.000000Z,1989-12-30T16:00:00.000000Z,g500000000_r+0000008_c+0000000,8,0,249737666957.76474,210,4,0,526,base_500km,supported,3.2,True,True,True
C_DEV_2005_2009__I1,C_DEV_2005_2009,inner_block_start,I1,1989-12-31T16:00:00.000000Z,1989-12-30T16:00:00.000000Z,g500000000_r+0000008_c+0000001,8,1,250000000000.0,281,4,0,526,base_500km,supported,3.2,True,True,True
C_DEV_2005_2009__I1,C_DEV_2005_2009,inner_block_start,I1,1989-12-31T16:00:00.000000Z,1989-12-30T16:00:00.000000Z,g500000000_r+0000008_c+0000002,8,2,140587143973.97015,1076,4,1,1370,base_500km,supported,3.6,True,True,True
C_DEV_2005_2009__I1,C_DEV_2005_2009,inner_block_start,I1,1989-12-31T16:00:00.000000Z,1989-12-30T16:00:00.000000Z,g500000000_r+0000008_c+0000003,8,3,10562408419.369371,5,4,1,1370,parent_1000km,supported,3.6,True,True,True
C_DEV_2005_2009__I1,C_DEV_2005_2009,inner_block_start,I1,1989-12-31T16:00:00.000000Z,1989-12-30T16:00:00.000000Z,g500000000_r+0000009_c-0000006,9,-6,19945588505.432407,306,4,-3,2334,base_500km,supported,3.2,True,True,True
C_DEV_2005_2009__I1,C_DEV_2005_2009,inner_block_start,I1,1989-12-31T16:00:00.000000Z,1989-12-30T16:00:00.000000Z,g500000000_r+0000009_c-0000005,9,-5,121120255925.02194,898,4,-3,2334,base_500km,supported,3.2,True,True,True
C_DEV_2005_2009__I1,C_DEV_2005_2009,inner_block_start,I1,1989-12-31T16:00:00.000000Z,1989-12-30T16:00:00.000000Z,g500000000_r+0000009_c-0000004,9,-4,240075899126.91846,568,4,-2,1011,base_500km,supported,3.2,True,True,True
C_DEV_2005_2009__I1,C_DEV_2005_2009,inner_block_start,I1,1989-12-31T16:00:00.000000Z,1989-12-30T16:00:00.000000Z,g500000000_r+0000009_c-0000003,9,-3,244590302069.89362,216,4,-2,1011,base_500km,supported,3.4,True,True,True
C_DEV_2005_2009__I1,C_DEV_2005_2009,inner_block_start,I1,1989-12-31T16:00:00.000000Z,1989-12-30T16:00:00.000000Z,g500000000_r+0000009_c-0000002,9,-2,130797167924.60342,44,4,-1,435,parent_1000km,supported,3.2,True,True,True
C_DEV_2005_2009__I1,C_DEV_2005_2009,inner_block_start,I1,1989-12-31T16:00:00.000000Z,1989-12-30T16:00:00.000000Z,g500000000_r+0000009_c-0000001,9,-1,31100867482.53936,1,4,-1,435,parent_1000km,supported,3.2,True,True,True
C_DEV_2005_2009__I1,C_DEV_2005_2009,inner_block_start,I1,1989-12-31T16:00:00.000000Z,1989-12-30T16:00:00.000000Z,g500000000_r+0000009_c+0000000,9,0,38512137110.20177,8,4,0,526,parent_1000km,supported,3.2,True,True,True
C_DEV_2005_2009__I1,C_DEV_2005_2009,inner_block_start,I1,1989-12-31T16:00:00.000000Z,1989-12-30T16:00:00.000000Z,g500000000_r+0000009_c+0000001,9,1,211120881312.65228,27,4,0,526,parent_1000km,supported,3.2,True,True,True
C_DEV_2005_2009__I1,C_DEV_2005_2009,inner_block_start,I1,1989-12-31T16:00:00.000000Z,1989-12-30T16:00:00.000000Z,g500000000_r+0000009_c+0000002,9,2,248472443280.00296,268,4,1,1370,base_500km,supported,3.2,True,True,True
C_DEV_2005_2009__I1,C_DEV_2005_2009,inner_block_start,I1,1989-12-31T16:00:00.000000Z,1989-12-30T16:00:00.000000Z,g500000000_r+0000009_c+0000003,9,3,185305983054.86414,21,4,1,1370,parent_1000km,supported,3.6,True,True,True
C_DEV_2005_2009__I1,C_DEV_2005_2009,inner_block_start,I1,1989-12-31T16:00:00.000000Z,1989-12-30T16:00:00.000000Z,g500000000_r+0000009_c+0000004,9,4,9425374546.9006,4,4,2,4,not_estimable,indeterminate,,True,False,False
C_DEV_2005_2009__I1,C_DEV_2005_2009,inner_block_start,I1,1989-12-31T16:00:00.000000Z,1989-12-30T16:00:00.000000Z,g500000000_r+0000010_c-0000004,10,-4,78241710216.52547,88,5,-2,140,not_estimable,indeterminate,,True,False,False
C_DEV_2005_2009__I1,C_DEV_2005_2009,inner_block_start,I1,1989-12-31T16:00:00.000000Z,1989-12-30T16:00:00.000000Z,g500000000_r+0000010_c-0000003,10,-3,141046179553.0188,52,5,-2,140,not_estimable,indeterminate,,True,False,False
C_DEV_2005_2009__I1,C_DEV_2005_2009,inner_block_start,I1,1989-12-31T16:00:00.000000Z,1989-12-30T16:00:00.000000Z,g500000000_r+0000010_c+0000001,10,1,48227230349.25447,15,5,0,15,not_estimable,indeterminate,,True,False,False
C_DEV_2005_2009__I1,C_DEV_2005_2009,inner_block_start,I1,1989-12-31T16:00:00.000000Z,1989-12-30T16:00:00.000000Z,g500000000_r+0000010_c+0000002,10,2,236920439817.02533,40,5,1,70,not_estimable,indeterminate,,True,False,False
C_DEV_2005_2009__I1,C_DEV_2005_2009,inner_block_start,I1,1989-12-31T16:00:00.000000Z,1989-12-30T16:00:00.000000Z,g500000000_r+0000010_c+0000003,10,3,243084632671.1493,22,5,1,70,not_estimable,indeterminate,,True,False,False
C_DEV_2005_2009__I1,C_DEV_2005_2009,inner_block_start,I1,1989-12-31T16:00:00.000000Z,1989-12-30T16:00:00.000000Z,g500000000_r+0000010_c+0000004,10,4,64022253970.34851,2,5,2,2,not_estimable,indeterminate,,True,False,False
C_DEV_2005_2009__I1,C_DEV_2005_2009,inner_block_start,I1,1989-12-31T16:00:00.000000Z,1989-12-30T16:00:00.000000Z,g500000000_r+0000011_c+0000002,11,2,169786352112.4043,8,5,1,70,not_estimable,indeterminate,,True,False,False
C_DEV_2005_2009__I1,C_DEV_2005_2009,inner_block_start,I1,1989-12-31T16:00:00.000000Z,1989-12-30T16:00:00.000000Z,g500000000_r+0000011_c+0000003,11,3,40973641596.34899,0,5,1,70,not_estimable,indeterminate,,True,False,False
C_DEV_2005_2009__I1,C_DEV_2005_2009,inner_block_start,I1,1989-12-31T16:00:00.000000Z,1989-12-30T16:00:00.000000Z,g500000000_r+0000011_c+0000004,11,4,4581119547.796514,0,5,2,2,not_estimable,indeterminate,,True,False,False
C_DEV_2005_2009__I2,C_DEV_2005_2009,inner_block_start,I2,1994-12-31T16:00:00.000000Z,1994-12-30T16:00:00.000000Z,g500000000_r+0000004_c-0000002,4,-2,20961703964.393833,188,2,-1,1974,parent_1000km,supported,3.2,True,True,True
C_DEV_2005_2009__I2,C_DEV_2005_2009,inner_block_start,I2,1994-12-31T16:00:00.000000Z,1994-12-30T16:00:00.000000Z,g500000000_r+0000004_c-0000001,4,-1,90331151902.37128,459,2,-1,1974,base_500km,supported,3.2,True,True,True
C_DEV_2005_2009__I2,C_DEV_2005_2009,inner_block_start,I2,1994-12-31T16:00:00.000000Z,1994-12-30T16:00:00.000000Z,g500000000_r+0000004_c+0000000,4,0,98547006665.30876,43,2,0,150,not_estimable,indeterminate,,True,False,False
C_DEV_2005_2009__I2,C_DEV_2005_2009,inner_block_start,I2,1994-12-31T16:00:00.000000Z,1994-12-30T16:00:00.000000Z,g500000000_r+0000004_c+0000001,4,1,111974151311.93896,19,2,0,150,not_estimable,indeterminate,,True,False,False
C_DEV_2005_2009__I2,C_DEV_2005_2009,inner_block_start,I2,1994-12-31T16:00:00.000000Z,1994-12-30T16:00:00.000000Z,g500000000_r+0000004_c+0000002,4,2,13322759354.481386,3,2,1,45,not_estimable,indeterminate,,True,False,False
C_DEV_2005_2009__I2,C_DEV_2005_2009,inner_block_start,I2,1994-12-31T16:00:00.000000Z,1994-12-30T16:00:00.000000Z,g500000000_r+0000005_c-0000004,5,-4,201303005.47642165,0,2,-2,39,not_estimable,indeterminate,,True,False,False
C_DEV_2005_2009__I2,C_DEV_2005_2009,inner_block_start,I2,1994-12-31T16:00:00.000000Z,1994-12-30T16:00:00.000000Z,g500000000_r+0000005_c-0000003,5,-3,23419775399.026546,39,2,-2,39,not_estimable,indeterminate,,True,False,False
C_DEV_2005_2009__I2,C_DEV_2005_2009,inner_block_start,I2,1994-12-31T16:00:00.000000Z,1994-12-30T16:00:00.000000Z,g500000000_r+0000005_c-0000002,5,-2,88018439537.05296,581,2,-1,1974,base_500km,supported,3.6,True,True,True
C_DEV_2005_2009__I2,C_DEV_2005_2009,inner_block_start,I2,1994-12-31T16:00:00.000000Z,1994-12-30T16:00:00.000000Z,g500000000_r+0000005_c-0000001,5,-1,250000000000.0,746,2,-1,1974,base_500km,supported,3.3,True,True,True
C_DEV_2005_2009__I2,C_DEV_2005_2009,inner_block_start,I2,1994-12-31T16:00:00.000000Z,1994-12-30T16:00:00.000000Z,g500000000_r+0000005_c+0000000,5,0,250000000000.0,22,2,0,150,not_estimable,indeterminate,,True,False,False
C_DEV_2005_2009__I2,C_DEV_2005_2009,inner_block_start,I2,1994-12-31T16:00:00.000000Z,1994-12-30T16:00:00.000000Z,g500000000_r+0000005_c+0000001,5,1,250000000000.0,66,2,0,150,not_estimable,indeterminate,,True,False,False
C_DEV_2005_2009__I2,C_DEV_2005_2009,inner_block_start,I2,1994-12-31T16:00:00.000000Z,1994-12-30T16:00:00.000000Z,g500000000_r+0000005_c+0000002,5,2,196907565002.725,42,2,1,45,not_estimable,indeterminate,,True,False,False
C_DEV_2005_2009__I2,C_DEV_2005_2009,inner_block_start,I2,1994-12-31T16:00:00.000000Z,1994-12-30T16:00:00.000000Z,g500000000_r+0000005_c+0000003,5,3,671816831.7331845,0,2,1,45,not_estimable,indeterminate,,True,False,False
C_DEV_2005_2009__I2,C_DEV_2005_2009,inner_block_start,I2,1994-12-31T16:00:00.000000Z,1994-12-30T16:00:00.000000Z,g500000000_r+0000006_c-0000005,6,-5,26307687034.742226,2,3,-3,109,not_estimable,indeterminate,,True,False,False
C_DEV_2005_2009__I2,C_DEV_2005_2009,inner_block_start,I2,1994-12-31T16:00:00.000000Z,1994-12-30T16:00:00.000000Z,g500000000_r+0000006_c-0000004,6,-4,190320594398.8866,70,3,-2,362,parent_1000km,unsupported,4.5,False,False,False
C_DEV_2005_2009__I2,C_DEV_2005_2009,inner_block_start,I2,1994-12-31T16:00:00.000000Z,1994-12-30T16:00:00.000000Z,g500000000_r+0000006_c-0000003,6,-3,238853371056.8762,87,3,-2,362,parent_1000km,unsupported,4.5,False,False,False
C_DEV_2005_2009__I2,C_DEV_2005_2009,inner_block_start,I2,1994-12-31T16:00:00.000000Z,1994-12-30T16:00:00.000000Z,g500000000_r+0000006_c-0000002,6,-2,247672469161.56644,258,3,-1,1202,base_500km,supported,3.2,True,True,True
C_DEV_2005_2009__I2,C_DEV_2005_2009,inner_block_start,I2,1994-12-31T16:00:00.000000Z,1994-12-30T16:00:00.000000Z,g500000000_r+0000006_c-0000001,6,-1,250000000000.0,514,3,-1,1202,base_500km,supported,3.2,True,True,True
C_DEV_2005_2009__I2,C_DEV_2005_2009,inner_block_start,I2,1994-12-31T16:00:00.000000Z,1994-12-30T16:00:00.000000Z,g500000000_r+0000006_c+0000000,6,0,250000000000.0,32,3,0,252,parent_1000km,supported,3.2,True,True,True
C_DEV_2005_2009__I2,C_DEV_2005_2009,inner_block_start,I2,1994-12-31T16:00:00.000000Z,1994-12-30T16:00:00.000000Z,g500000000_r+0000006_c+0000001,6,1,250000000000.0,34,3,0,252,parent_1000km,supported,3.2,True,True,True
C_DEV_2005_2009__I2,C_DEV_2005_2009,inner_block_start,I2,1994-12-31T16:00:00.000000Z,1994-12-30T16:00:00.000000Z,g500000000_r+0000006_c+0000002,6,2,249287979377.55872,40,3,1,92,not_estimable,indeterminate,,True,False,False
C_DEV_2005_2009__I2,C_DEV_2005_2009,inner_block_start,I2,1994-12-31T16:00:00.000000Z,1994-12-30T16:00:00.000000Z,g500000000_r+0000006_c+0000003,6,3,32419323521.00597,5,3,1,92,not_estimable,indeterminate,,True,False,False
C_DEV_2005_2009__I2,C_DEV_2005_2009,inner_block_start,I2,1994-12-31T16:00:00.000000Z,1994-12-30T16:00:00.000000Z,g500000000_r+0000007_c-0000005,7,-5,186851169308.37936,107,3,-3,109,not_estimable,indeterminate,,True,False,False
C_DEV_2005_2009__I2,C_DEV_2005_2009,inner_block_start,I2,1994-12-31T16:00:00.000000Z,1994-12-30T16:00:00.000000Z,g500000000_r+0000007_c-0000004,7,-4,250000000000.0,83,3,-2,362,parent_1000km,unsupported,4.5,False,False,False
C_DEV_2005_2009__I2,C_DEV_2005_2009,inner_block_start,I2,1994-12-31T16:00:00.000000Z,1994-12-30T16:00:00.000000Z,g500000000_r+0000007_c-0000003,7,-3,250000000000.0,122,3,-2,362,parent_1000km,unsupported,4.5,False,False,False
C_DEV_2005_2009__I2,C_DEV_2005_2009,inner_block_start,I2,1994-12-31T16:00:00.000000Z,1994-12-30T16:00:00.000000Z,g500000000_r+0000007_c-0000002,7,-2,250000000000.0,164,3,-1,1202,parent_1000km,supported,3.2,True,True,True
C_DEV_2005_2009__I2,C_DEV_2005_2009,inner_block_start,I2,1994-12-31T16:00:00.000000Z,1994-12-30T16:00:00.000000Z,g500000000_r+0000007_c-0000001,7,-1,250000000000.0,266,3,-1,1202,base_500km,supported,3.2,True,True,True
C_DEV_2005_2009__I2,C_DEV_2005_2009,inner_block_start,I2,1994-12-31T16:00:00.000000Z,1994-12-30T16:00:00.000000Z,g500000000_r+0000007_c+0000000,7,0,250000000000.0,85,3,0,252,parent_1000km,supported,3.2,True,True,True
C_DEV_2005_2009__I2,C_DEV_2005_2009,inner_block_start,I2,1994-12-31T16:00:00.000000Z,1994-12-30T16:00:00.000000Z,g500000000_r+0000007_c+0000001,7,1,250000000000.0,101,3,0,252,parent_1000km,supported,3.2,True,True,True
C_DEV_2005_2009__I2,C_DEV_2005_2009,inner_block_start,I2,1994-12-31T16:00:00.000000Z,1994-12-30T16:00:00.000000Z,g500000000_r+0000007_c+0000002,7,2,191666483395.32416,47,3,1,92,not_estimable,indeterminate,,True,False,False
C_DEV_2005_2009__I2,C_DEV_2005_2009,inner_block_start,I2,1994-12-31T16:00:00.000000Z,1994-12-30T16:00:00.000000Z,g500000000_r+0000007_c+0000003,7,3,2298776648.082298,0,3,1,92,not_estimable,indeterminate,,True,False,False
C_DEV_2005_2009__I2,C_DEV_2005_2009,inner_block_start,I2,1994-12-31T16:00:00.000000Z,1994-12-30T16:00:00.000000Z,g500000000_r+0000008_c-0000006,8,-6,15385288772.278814,50,4,-3,2844,parent_1000km,supported,3.2,True,True,True
C_DEV_2005_2009__I2,C_DEV_2005_2009,inner_block_start,I2,1994-12-31T16:00:00.000000Z,1994-12-30T16:00:00.000000Z,g500000000_r+0000008_c-0000005,8,-5,232223638076.97324,1340,4,-3,2844,base_500km,supported,3.2,True,True,True
C_DEV_2005_2009__I2,C_DEV_2005_2009,inner_block_start,I2,1994-12-31T16:00:00.000000Z,1994-12-30T16:00:00.000000Z,g500000000_r+0000008_c-0000004,8,-4,250000000000.0,164,4,-2,1315,parent_1000km,supported,3.3,True,True,True
C_DEV_2005_2009__I2,C_DEV_2005_2009,inner_block_start,I2,1994-12-31T16:00:00.000000Z,1994-12-30T16:00:00.000000Z,g500000000_r+0000008_c-0000003,8,-3,250000000000.0,184,4,-2,1315,parent_1000km,supported,3.3,True,True,True
C_DEV_2005_2009__I2,C_DEV_2005_2009,inner_block_start,I2,1994-12-31T16:00:00.000000Z,1994-12-30T16:00:00.000000Z,g500000000_r+0000008_c-0000002,8,-2,250000000000.0,215,4,-1,510,base_500km,supported,3.2,True,True,True
C_DEV_2005_2009__I2,C_DEV_2005_2009,inner_block_start,I2,1994-12-31T16:00:00.000000Z,1994-12-30T16:00:00.000000Z,g500000000_r+0000008_c-0000001,8,-1,249425621182.58255,245,4,-1,510,base_500km,supported,3.2,True,True,True
C_DEV_2005_2009__I2,C_DEV_2005_2009,inner_block_start,I2,1994-12-31T16:00:00.000000Z,1994-12-30T16:00:00.000000Z,g500000000_r+0000008_c+0000000,8,0,249737666957.76474,234,4,0,603,base_500km,supported,3.2,True,True,True
C_DEV_2005_2009__I2,C_DEV_2005_2009,inner_block_start,I2,1994-12-31T16:00:00.000000Z,1994-12-30T16:00:00.000000Z,g500000000_r+0000008_c+0000001,8,1,250000000000.0,318,4,0,603,base_500km,supported,3.2,True,True,True
C_DEV_2005_2009__I2,C_DEV_2005_2009,inner_block_start,I2,1994-12-31T16:00:00.000000Z,1994-12-30T16:00:00.000000Z,g500000000_r+0000008_c+0000002,8,2,140587143973.97015,1110,4,1,1427,base_500km,supported,3.6,True,True,True
C_DEV_2005_2009__I2,C_DEV_2005_2009,inner_block_start,I2,1994-12-31T16:00:00.000000Z,1994-12-30T16:00:00.000000Z,g500000000_r+0000008_c+0000003,8,3,10562408419.369371,6,4,1,1427,parent_1000km,supported,3.6,True,True,True
C_DEV_2005_2009__I2,C_DEV_2005_2009,inner_block_start,I2,1994-12-31T16:00:00.000000Z,1994-12-30T16:00:00.000000Z,g500000000_r+0000009_c-0000006,9,-6,19945588505.432407,379,4,-3,2844,base_500km,supported,3.2,True,True,True
C_DEV_2005_2009__I2,C_DEV_2005_2009,inner_block_start,I2,1994-12-31T16:00:00.000000Z,1994-12-30T16:00:00.000000Z,g500000000_r+0000009_c-0000005,9,-5,121120255925.02194,1075,4,-3,2844,base_500km,supported,3.2,True,True,True
C_DEV_2005_2009__I2,C_DEV_2005_2009,inner_block_start,I2,1994-12-31T16:00:00.000000Z,1994-12-30T16:00:00.000000Z,g500000000_r+0000009_c-0000004,9,-4,240075899126.91846,685,4,-2,1315,base_500km,supported,3.2,True,True,True
C_DEV_2005_2009__I2,C_DEV_2005_2009,inner_block_start,I2,1994-12-31T16:00:00.000000Z,1994-12-30T16:00:00.000000Z,g500000000_r+0000009_c-0000003,9,-3,244590302069.89362,282,4,-2,1315,base_500km,supported,3.3,True,True,True
C_DEV_2005_2009__I2,C_DEV_2005_2009,inner_block_start,I2,1994-12-31T16:00:00.000000Z,1994-12-30T16:00:00.000000Z,g500000000_r+0000009_c-0000002,9,-2,130797167924.60342,49,4,-1,510,parent_1000km,supported,3.2,True,True,True
C_DEV_2005_2009__I2,C_DEV_2005_2009,inner_block_start,I2,1994-12-31T16:00:00.000000Z,1994-12-30T16:00:00.000000Z,g500000000_r+0000009_c-0000001,9,-1,31100867482.53936,1,4,-1,510,parent_1000km,supported,3.2,True,True,True
C_DEV_2005_2009__I2,C_DEV_2005_2009,inner_block_start,I2,1994-12-31T16:00:00.000000Z,1994-12-30T16:00:00.000000Z,g500000000_r+0000009_c+0000000,9,0,38512137110.20177,10,4,0,603,parent_1000km,supported,3.2,True,True,True
C_DEV_2005_2009__I2,C_DEV_2005_2009,inner_block_start,I2,1994-12-31T16:00:00.000000Z,1994-12-30T16:00:00.000000Z,g500000000_r+0000009_c+0000001,9,1,211120881312.65228,41,4,0,603,parent_1000km,supported,3.2,True,True,True
C_DEV_2005_2009__I2,C_DEV_2005_2009,inner_block_start,I2,1994-12-31T16:00:00.000000Z,1994-12-30T16:00:00.000000Z,g500000000_r+0000009_c+0000002,9,2,248472443280.00296,284,4,1,1427,base_500km,supported,3.2,True,True,True
C_DEV_2005_2009__I2,C_DEV_2005_2009,inner_block_start,I2,1994-12-31T16:00:00.000000Z,1994-12-30T16:00:00.000000Z,g500000000_r+0000009_c+0000003,9,3,185305983054.86414,27,4,1,1427,parent_1000km,supported,3.6,True,True,True
C_DEV_2005_2009__I2,C_DEV_2005_2009,inner_block_start,I2,1994-12-31T16:00:00.000000Z,1994-12-30T16:00:00.000000Z,g500000000_r+0000009_c+0000004,9,4,9425374546.9006,4,4,2,4,not_estimable,indeterminate,,True,False,False
C_DEV_2005_2009__I2,C_DEV_2005_2009,inner_block_start,I2,1994-12-31T16:00:00.000000Z,1994-12-30T16:00:00.000000Z,g500000000_r+0000010_c-0000004,10,-4,78241710216.52547,114,5,-2,188,not_estimable,indeterminate,,True,False,False
C_DEV_2005_2009__I2,C_DEV_2005_2009,inner_block_start,I2,1994-12-31T16:00:00.000000Z,1994-12-30T16:00:00.000000Z,g500000000_r+0000010_c-0000003,10,-3,141046179553.0188,74,5,-2,188,not_estimable,indeterminate,,True,False,False
C_DEV_2005_2009__I2,C_DEV_2005_2009,inner_block_start,I2,1994-12-31T16:00:00.000000Z,1994-12-30T16:00:00.000000Z,g500000000_r+0000010_c+0000001,10,1,48227230349.25447,17,5,0,17,not_estimable,indeterminate,,True,False,False
C_DEV_2005_2009__I2,C_DEV_2005_2009,inner_block_start,I2,1994-12-31T16:00:00.000000Z,1994-12-30T16:00:00.000000Z,g500000000_r+0000010_c+0000002,10,2,236920439817.02533,54,5,1,100,not_estimable,indeterminate,,True,False,False
C_DEV_2005_2009__I2,C_DEV_2005_2009,inner_block_start,I2,1994-12-31T16:00:00.000000Z,1994-12-30T16:00:00.000000Z,g500000000_r+0000010_c+0000003,10,3,243084632671.1493,32,5,1,100,not_estimable,indeterminate,,True,False,False
C_DEV_2005_2009__I2,C_DEV_2005_2009,inner_block_start,I2,1994-12-31T16:00:00.000000Z,1994-12-30T16:00:00.000000Z,g500000000_r+0000010_c+0000004,10,4,64022253970.34851,2,5,2,2,not_estimable,indeterminate,,True,False,False
C_DEV_2005_2009__I2,C_DEV_2005_2009,inner_block_start,I2,1994-12-31T16:00:00.000000Z,1994-12-30T16:00:00.000000Z,g500000000_r+0000011_c+0000002,11,2,169786352112.4043,11,5,1,100,not_estimable,indeterminate,,True,False,False
C_DEV_2005_2009__I2,C_DEV_2005_2009,inner_block_start,I2,1994-12-31T16:00:00.000000Z,1994-12-30T16:00:00.000000Z,g500000000_r+0000011_c+0000003,11,3,40973641596.34899,3,5,1,100,not_estimable,indeterminate,,True,False,False
C_DEV_2005_2009__I2,C_DEV_2005_2009,inner_block_start,I2,1994-12-31T16:00:00.000000Z,1994-12-30T16:00:00.000000Z,g500000000_r+0000011_c+0000004,11,4,4581119547.796514,0,5,2,2,not_estimable,indeterminate,,True,False,False
C_DEV_2005_2009__I3,C_DEV_2005_2009,inner_block_start,I3,1999-12-31T16:00:00.000000Z,1999-12-30T16:00:00.000000Z,g500000000_r+0000004_c-0000002,4,-2,20961703964.393833,198,2,-1,2166,parent_1000km,supported,3.2,True,True,True
C_DEV_2005_2009__I3,C_DEV_2005_2009,inner_block_start,I3,1999-12-31T16:00:00.000000Z,1999-12-30T16:00:00.000000Z,g500000000_r+0000004_c-0000001,4,-1,90331151902.37128,487,2,-1,2166,base_500km,supported,3.2,True,True,True
C_DEV_2005_2009__I3,C_DEV_2005_2009,inner_block_start,I3,1999-12-31T16:00:00.000000Z,1999-12-30T16:00:00.000000Z,g500000000_r+0000004_c+0000000,4,0,98547006665.30876,49,2,0,194,not_estimable,indeterminate,,True,False,False
C_DEV_2005_2009__I3,C_DEV_2005_2009,inner_block_start,I3,1999-12-31T16:00:00.000000Z,1999-12-30T16:00:00.000000Z,g500000000_r+0000004_c+0000001,4,1,111974151311.93896,25,2,0,194,not_estimable,indeterminate,,True,False,False
C_DEV_2005_2009__I3,C_DEV_2005_2009,inner_block_start,I3,1999-12-31T16:00:00.000000Z,1999-12-30T16:00:00.000000Z,g500000000_r+0000004_c+0000002,4,2,13322759354.481386,4,2,1,62,not_estimable,indeterminate,,True,False,False
C_DEV_2005_2009__I3,C_DEV_2005_2009,inner_block_start,I3,1999-12-31T16:00:00.000000Z,1999-12-30T16:00:00.000000Z,g500000000_r+0000005_c-0000004,5,-4,201303005.47642165,1,2,-2,53,not_estimable,indeterminate,,True,False,False
C_DEV_2005_2009__I3,C_DEV_2005_2009,inner_block_start,I3,1999-12-31T16:00:00.000000Z,1999-12-30T16:00:00.000000Z,g500000000_r+0000005_c-0000003,5,-3,23419775399.026546,52,2,-2,53,not_estimable,indeterminate,,True,False,False
C_DEV_2005_2009__I3,C_DEV_2005_2009,inner_block_start,I3,1999-12-31T16:00:00.000000Z,1999-12-30T16:00:00.000000Z,g500000000_r+0000005_c-0000002,5,-2,88018439537.05296,623,2,-1,2166,base_500km,supported,3.6,True,True,True
C_DEV_2005_2009__I3,C_DEV_2005_2009,inner_block_start,I3,1999-12-31T16:00:00.000000Z,1999-12-30T16:00:00.000000Z,g500000000_r+0000005_c-0000001,5,-1,250000000000.0,858,2,-1,2166,base_500km,supported,3.2,True,True,True
C_DEV_2005_2009__I3,C_DEV_2005_2009,inner_block_start,I3,1999-12-31T16:00:00.000000Z,1999-12-30T16:00:00.000000Z,g500000000_r+0000005_c+0000000,5,0,250000000000.0,34,2,0,194,not_estimable,indeterminate,,True,False,False
C_DEV_2005_2009__I3,C_DEV_2005_2009,inner_block_start,I3,1999-12-31T16:00:00.000000Z,1999-12-30T16:00:00.000000Z,g500000000_r+0000005_c+0000001,5,1,250000000000.0,86,2,0,194,not_estimable,indeterminate,,True,False,False
C_DEV_2005_2009__I3,C_DEV_2005_2009,inner_block_start,I3,1999-12-31T16:00:00.000000Z,1999-12-30T16:00:00.000000Z,g500000000_r+0000005_c+0000002,5,2,196907565002.725,58,2,1,62,not_estimable,indeterminate,,True,False,False
C_DEV_2005_2009__I3,C_DEV_2005_2009,inner_block_start,I3,1999-12-31T16:00:00.000000Z,1999-12-30T16:00:00.000000Z,g500000000_r+0000005_c+0000003,5,3,671816831.7331845,0,2,1,62,not_estimable,indeterminate,,True,False,False
C_DEV_2005_2009__I3,C_DEV_2005_2009,inner_block_start,I3,1999-12-31T16:00:00.000000Z,1999-12-30T16:00:00.000000Z,g500000000_r+0000006_c-0000005,6,-5,26307687034.742226,2,3,-3,117,not_estimable,indeterminate,,True,False,False
C_DEV_2005_2009__I3,C_DEV_2005_2009,inner_block_start,I3,1999-12-31T16:00:00.000000Z,1999-12-30T16:00:00.000000Z,g500000000_r+0000006_c-0000004,6,-4,190320594398.8866,164,3,-2,539,parent_1000km,supported,3.2,True,True,True
C_DEV_2005_2009__I3,C_DEV_2005_2009,inner_block_start,I3,1999-12-31T16:00:00.000000Z,1999-12-30T16:00:00.000000Z,g500000000_r+0000006_c-0000003,6,-3,238853371056.8762,128,3,-2,539,parent_1000km,supported,3.2,True,True,True
C_DEV_2005_2009__I3,C_DEV_2005_2009,inner_block_start,I3,1999-12-31T16:00:00.000000Z,1999-12-30T16:00:00.000000Z,g500000000_r+0000006_c-0000002,6,-2,247672469161.56644,303,3,-1,1374,base_500km,supported,3.2,True,True,True
C_DEV_2005_2009__I3,C_DEV_2005_2009,inner_block_start,I3,1999-12-31T16:00:00.000000Z,1999-12-30T16:00:00.000000Z,g500000000_r+0000006_c-0000001,6,-1,250000000000.0,565,3,-1,1374,base_500km,supported,3.2,True,True,True
C_DEV_2005_2009__I3,C_DEV_2005_2009,inner_block_start,I3,1999-12-31T16:00:00.000000Z,1999-12-30T16:00:00.000000Z,g500000000_r+0000006_c+0000000,6,0,250000000000.0,51,3,0,297,parent_1000km,supported,3.2,True,True,True
C_DEV_2005_2009__I3,C_DEV_2005_2009,inner_block_start,I3,1999-12-31T16:00:00.000000Z,1999-12-30T16:00:00.000000Z,g500000000_r+0000006_c+0000001,6,1,250000000000.0,35,3,0,297,parent_1000km,supported,3.2,True,True,True
C_DEV_2005_2009__I3,C_DEV_2005_2009,inner_block_start,I3,1999-12-31T16:00:00.000000Z,1999-12-30T16:00:00.000000Z,g500000000_r+0000006_c+0000002,6,2,249287979377.55872,44,3,1,102,not_estimable,indeterminate,,True,False,False
C_DEV_2005_2009__I3,C_DEV_2005_2009,inner_block_start,I3,1999-12-31T16:00:00.000000Z,1999-12-30T16:00:00.000000Z,g500000000_r+0000006_c+0000003,6,3,32419323521.00597,6,3,1,102,not_estimable,indeterminate,,True,False,False
C_DEV_2005_2009__I3,C_DEV_2005_2009,inner_block_start,I3,1999-12-31T16:00:00.000000Z,1999-12-30T16:00:00.000000Z,g500000000_r+0000007_c-0000005,7,-5,186851169308.37936,115,3,-3,117,not_estimable,indeterminate,,True,False,False
C_DEV_2005_2009__I3,C_DEV_2005_2009,inner_block_start,I3,1999-12-31T16:00:00.000000Z,1999-12-30T16:00:00.000000Z,g500000000_r+0000007_c-0000004,7,-4,250000000000.0,95,3,-2,539,parent_1000km,supported,3.2,True,True,True
C_DEV_2005_2009__I3,C_DEV_2005_2009,inner_block_start,I3,1999-12-31T16:00:00.000000Z,1999-12-30T16:00:00.000000Z,g500000000_r+0000007_c-0000003,7,-3,250000000000.0,152,3,-2,539,parent_1000km,supported,3.2,True,True,True
C_DEV_2005_2009__I3,C_DEV_2005_2009,inner_block_start,I3,1999-12-31T16:00:00.000000Z,1999-12-30T16:00:00.000000Z,g500000000_r+0000007_c-0000002,7,-2,250000000000.0,195,3,-1,1374,parent_1000km,supported,3.2,True,True,True
C_DEV_2005_2009__I3,C_DEV_2005_2009,inner_block_start,I3,1999-12-31T16:00:00.000000Z,1999-12-30T16:00:00.000000Z,g500000000_r+0000007_c-0000001,7,-1,250000000000.0,311,3,-1,1374,base_500km,supported,3.2,True,True,True
C_DEV_2005_2009__I3,C_DEV_2005_2009,inner_block_start,I3,1999-12-31T16:00:00.000000Z,1999-12-30T16:00:00.000000Z,g500000000_r+0000007_c+0000000,7,0,250000000000.0,99,3,0,297,parent_1000km,supported,3.2,True,True,True
C_DEV_2005_2009__I3,C_DEV_2005_2009,inner_block_start,I3,1999-12-31T16:00:00.000000Z,1999-12-30T16:00:00.000000Z,g500000000_r+0000007_c+0000001,7,1,250000000000.0,112,3,0,297,parent_1000km,supported,3.2,True,True,True
C_DEV_2005_2009__I3,C_DEV_2005_2009,inner_block_start,I3,1999-12-31T16:00:00.000000Z,1999-12-30T16:00:00.000000Z,g500000000_r+0000007_c+0000002,7,2,191666483395.32416,52,3,1,102,not_estimable,indeterminate,,True,False,False
C_DEV_2005_2009__I3,C_DEV_2005_2009,inner_block_start,I3,1999-12-31T16:00:00.000000Z,1999-12-30T16:00:00.000000Z,g500000000_r+0000007_c+0000003,7,3,2298776648.082298,0,3,1,102,not_estimable,indeterminate,,True,False,False
C_DEV_2005_2009__I3,C_DEV_2005_2009,inner_block_start,I3,1999-12-31T16:00:00.000000Z,1999-12-30T16:00:00.000000Z,g500000000_r+0000008_c-0000006,8,-6,15385288772.278814,58,4,-3,3808,parent_1000km,supported,3.2,True,True,True
C_DEV_2005_2009__I3,C_DEV_2005_2009,inner_block_start,I3,1999-12-31T16:00:00.000000Z,1999-12-30T16:00:00.000000Z,g500000000_r+0000008_c-0000005,8,-5,232223638076.97324,1619,4,-3,3808,base_500km,supported,3.2,True,True,True
C_DEV_2005_2009__I3,C_DEV_2005_2009,inner_block_start,I3,1999-12-31T16:00:00.000000Z,1999-12-30T16:00:00.000000Z,g500000000_r+0000008_c-0000004,8,-4,250000000000.0,198,4,-2,1589,parent_1000km,supported,3.2,True,True,True
C_DEV_2005_2009__I3,C_DEV_2005_2009,inner_block_start,I3,1999-12-31T16:00:00.000000Z,1999-12-30T16:00:00.000000Z,g500000000_r+0000008_c-0000003,8,-3,250000000000.0,243,4,-2,1589,base_500km,supported,3.3,True,True,True
C_DEV_2005_2009__I3,C_DEV_2005_2009,inner_block_start,I3,1999-12-31T16:00:00.000000Z,1999-12-30T16:00:00.000000Z,g500000000_r+0000008_c-0000002,8,-2,250000000000.0,257,4,-1,594,base_500km,supported,3.2,True,True,True
C_DEV_2005_2009__I3,C_DEV_2005_2009,inner_block_start,I3,1999-12-31T16:00:00.000000Z,1999-12-30T16:00:00.000000Z,g500000000_r+0000008_c-0000001,8,-1,249425621182.58255,281,4,-1,594,base_500km,supported,3.2,True,True,True
C_DEV_2005_2009__I3,C_DEV_2005_2009,inner_block_start,I3,1999-12-31T16:00:00.000000Z,1999-12-30T16:00:00.000000Z,g500000000_r+0000008_c+0000000,8,0,249737666957.76474,274,4,0,731,base_500km,supported,3.2,True,True,True
C_DEV_2005_2009__I3,C_DEV_2005_2009,inner_block_start,I3,1999-12-31T16:00:00.000000Z,1999-12-30T16:00:00.000000Z,g500000000_r+0000008_c+0000001,8,1,250000000000.0,397,4,0,731,base_500km,supported,3.2,True,True,True
C_DEV_2005_2009__I3,C_DEV_2005_2009,inner_block_start,I3,1999-12-31T16:00:00.000000Z,1999-12-30T16:00:00.000000Z,g500000000_r+0000008_c+0000002,8,2,140587143973.97015,1162,4,1,1493,base_500km,supported,3.6,True,True,True
C_DEV_2005_2009__I3,C_DEV_2005_2009,inner_block_start,I3,1999-12-31T16:00:00.000000Z,1999-12-30T16:00:00.000000Z,g500000000_r+0000008_c+0000003,8,3,10562408419.369371,7,4,1,1493,parent_1000km,supported,3.6,True,True,True
C_DEV_2005_2009__I3,C_DEV_2005_2009,inner_block_start,I3,1999-12-31T16:00:00.000000Z,1999-12-30T16:00:00.000000Z,g500000000_r+0000009_c-0000006,9,-6,19945588505.432407,417,4,-3,3808,base_500km,supported,3.2,True,True,True
C_DEV_2005_2009__I3,C_DEV_2005_2009,inner_block_start,I3,1999-12-31T16:00:00.000000Z,1999-12-30T16:00:00.000000Z,g500000000_r+0000009_c-0000005,9,-5,121120255925.02194,1714,4,-3,3808,base_500km,supported,3.2,True,True,True
C_DEV_2005_2009__I3,C_DEV_2005_2009,inner_block_start,I3,1999-12-31T16:00:00.000000Z,1999-12-30T16:00:00.000000Z,g500000000_r+0000009_c-0000004,9,-4,240075899126.91846,815,4,-2,1589,base_500km,supported,3.2,True,True,True
C_DEV_2005_2009__I3,C_DEV_2005_2009,inner_block_start,I3,1999-12-31T16:00:00.000000Z,1999-12-30T16:00:00.000000Z,g500000000_r+0000009_c-0000003,9,-3,244590302069.89362,333,4,-2,1589,base_500km,supported,3.3,True,True,True
C_DEV_2005_2009__I3,C_DEV_2005_2009,inner_block_start,I3,1999-12-31T16:00:00.000000Z,1999-12-30T16:00:00.000000Z,g500000000_r+0000009_c-0000002,9,-2,130797167924.60342,54,4,-1,594,parent_1000km,supported,3.2,True,True,True
C_DEV_2005_2009__I3,C_DEV_2005_2009,inner_block_start,I3,1999-12-31T16:00:00.000000Z,1999-12-30T16:00:00.000000Z,g500000000_r+0000009_c-0000001,9,-1,31100867482.53936,2,4,-1,594,parent_1000km,supported,3.2,True,True,True
C_DEV_2005_2009__I3,C_DEV_2005_2009,inner_block_start,I3,1999-12-31T16:00:00.000000Z,1999-12-30T16:00:00.000000Z,g500000000_r+0000009_c+0000000,9,0,38512137110.20177,10,4,0,731,parent_1000km,supported,3.2,True,True,True
C_DEV_2005_2009__I3,C_DEV_2005_2009,inner_block_start,I3,1999-12-31T16:00:00.000000Z,1999-12-30T16:00:00.000000Z,g500000000_r+0000009_c+0000001,9,1,211120881312.65228,50,4,0,731,parent_1000km,supported,3.2,True,True,True
C_DEV_2005_2009__I3,C_DEV_2005_2009,inner_block_start,I3,1999-12-31T16:00:00.000000Z,1999-12-30T16:00:00.000000Z,g500000000_r+0000009_c+0000002,9,2,248472443280.00296,296,4,1,1493,base_500km,supported,3.2,True,True,True
C_DEV_2005_2009__I3,C_DEV_2005_2009,inner_block_start,I3,1999-12-31T16:00:00.000000Z,1999-12-30T16:00:00.000000Z,g500000000_r+0000009_c+0000003,9,3,185305983054.86414,28,4,1,1493,parent_1000km,supported,3.6,True,True,True
C_DEV_2005_2009__I3,C_DEV_2005_2009,inner_block_start,I3,1999-12-31T16:00:00.000000Z,1999-12-30T16:00:00.000000Z,g500000000_r+0000009_c+0000004,9,4,9425374546.9006,5,4,2,5,not_estimable,indeterminate,,True,False,False
C_DEV_2005_2009__I3,C_DEV_2005_2009,inner_block_start,I3,1999-12-31T16:00:00.000000Z,1999-12-30T16:00:00.000000Z,g500000000_r+0000010_c-0000004,10,-4,78241710216.52547,133,5,-2,226,parent_1000km,supported,3.3,True,True,True
C_DEV_2005_2009__I3,C_DEV_2005_2009,inner_block_start,I3,1999-12-31T16:00:00.000000Z,1999-12-30T16:00:00.000000Z,g500000000_r+0000010_c-0000003,10,-3,141046179553.0188,93,5,-2,226,parent_1000km,supported,3.3,True,True,True
C_DEV_2005_2009__I3,C_DEV_2005_2009,inner_block_start,I3,1999-12-31T16:00:00.000000Z,1999-12-30T16:00:00.000000Z,g500000000_r+0000010_c+0000001,10,1,48227230349.25447,20,5,0,20,not_estimable,indeterminate,,True,False,False
C_DEV_2005_2009__I3,C_DEV_2005_2009,inner_block_start,I3,1999-12-31T16:00:00.000000Z,1999-12-30T16:00:00.000000Z,g500000000_r+0000010_c+0000002,10,2,236920439817.02533,58,5,1,118,not_estimable,indeterminate,,True,False,False
C_DEV_2005_2009__I3,C_DEV_2005_2009,inner_block_start,I3,1999-12-31T16:00:00.000000Z,1999-12-30T16:00:00.000000Z,g500000000_r+0000010_c+0000003,10,3,243084632671.1493,38,5,1,118,not_estimable,indeterminate,,True,False,False
C_DEV_2005_2009__I3,C_DEV_2005_2009,inner_block_start,I3,1999-12-31T16:00:00.000000Z,1999-12-30T16:00:00.000000Z,g500000000_r+0000010_c+0000004,10,4,64022253970.34851,2,5,2,2,not_estimable,indeterminate,,True,False,False
C_DEV_2005_2009__I3,C_DEV_2005_2009,inner_block_start,I3,1999-12-31T16:00:00.000000Z,1999-12-30T16:00:00.000000Z,g500000000_r+0000011_c+0000002,11,2,169786352112.4043,18,5,1,118,not_estimable,indeterminate,,True,False,False
C_DEV_2005_2009__I3,C_DEV_2005_2009,inner_block_start,I3,1999-12-31T16:00:00.000000Z,1999-12-30T16:00:00.000000Z,g500000000_r+0000011_c+0000003,11,3,40973641596.34899,4,5,1,118,not_estimable,indeterminate,,True,False,False
C_DEV_2005_2009__I3,C_DEV_2005_2009,inner_block_start,I3,1999-12-31T16:00:00.000000Z,1999-12-30T16:00:00.000000Z,g500000000_r+0000011_c+0000004,11,4,4581119547.796514,0,5,2,2,not_estimable,indeterminate,,True,False,False
C_DEV_2005_2009__OUTER,C_DEV_2005_2009,outer_fold_start,,2004-12-31T16:00:00.000000Z,2004-12-30T16:00:00.000000Z,g500000000_r+0000004_c-0000002,4,-2,20961703964.393833,209,2,-1,2457,base_500km,supported,3.2,True,True,True
C_DEV_2005_2009__OUTER,C_DEV_2005_2009,outer_fold_start,,2004-12-31T16:00:00.000000Z,2004-12-30T16:00:00.000000Z,g500000000_r+0000004_c-0000001,4,-1,90331151902.37128,516,2,-1,2457,base_500km,supported,3.2,True,True,True
C_DEV_2005_2009__OUTER,C_DEV_2005_2009,outer_fold_start,,2004-12-31T16:00:00.000000Z,2004-12-30T16:00:00.000000Z,g500000000_r+0000004_c+0000000,4,0,98547006665.30876,52,2,0,210,parent_1000km,supported,3.2,True,True,True
C_DEV_2005_2009__OUTER,C_DEV_2005_2009,outer_fold_start,,2004-12-31T16:00:00.000000Z,2004-12-30T16:00:00.000000Z,g500000000_r+0000004_c+0000001,4,1,111974151311.93896,30,2,0,210,parent_1000km,supported,3.2,True,True,True
C_DEV_2005_2009__OUTER,C_DEV_2005_2009,outer_fold_start,,2004-12-31T16:00:00.000000Z,2004-12-30T16:00:00.000000Z,g500000000_r+0000004_c+0000002,4,2,13322759354.481386,4,2,1,68,not_estimable,indeterminate,,True,False,False
C_DEV_2005_2009__OUTER,C_DEV_2005_2009,outer_fold_start,,2004-12-31T16:00:00.000000Z,2004-12-30T16:00:00.000000Z,g500000000_r+0000005_c-0000004,5,-4,201303005.47642165,1,2,-2,65,not_estimable,indeterminate,,True,False,False
C_DEV_2005_2009__OUTER,C_DEV_2005_2009,outer_fold_start,,2004-12-31T16:00:00.000000Z,2004-12-30T16:00:00.000000Z,g500000000_r+0000005_c-0000003,5,-3,23419775399.026546,64,2,-2,65,not_estimable,indeterminate,,True,False,False
C_DEV_2005_2009__OUTER,C_DEV_2005_2009,outer_fold_start,,2004-12-31T16:00:00.000000Z,2004-12-30T16:00:00.000000Z,g500000000_r+0000005_c-0000002,5,-2,88018439537.05296,708,2,-1,2457,base_500km,supported,3.6,True,True,True
C_DEV_2005_2009__OUTER,C_DEV_2005_2009,outer_fold_start,,2004-12-31T16:00:00.000000Z,2004-12-30T16:00:00.000000Z,g500000000_r+0000005_c-0000001,5,-1,250000000000.0,1024,2,-1,2457,base_500km,supported,3.2,True,True,True
C_DEV_2005_2009__OUTER,C_DEV_2005_2009,outer_fold_start,,2004-12-31T16:00:00.000000Z,2004-12-30T16:00:00.000000Z,g500000000_r+0000005_c+0000000,5,0,250000000000.0,39,2,0,210,parent_1000km,supported,3.2,True,True,True
C_DEV_2005_2009__OUTER,C_DEV_2005_2009,outer_fold_start,,2004-12-31T16:00:00.000000Z,2004-12-30T16:00:00.000000Z,g500000000_r+0000005_c+0000001,5,1,250000000000.0,89,2,0,210,parent_1000km,supported,3.2,True,True,True
C_DEV_2005_2009__OUTER,C_DEV_2005_2009,outer_fold_start,,2004-12-31T16:00:00.000000Z,2004-12-30T16:00:00.000000Z,g500000000_r+0000005_c+0000002,5,2,196907565002.725,64,2,1,68,not_estimable,indeterminate,,True,False,False
C_DEV_2005_2009__OUTER,C_DEV_2005_2009,outer_fold_start,,2004-12-31T16:00:00.000000Z,2004-12-30T16:00:00.000000Z,g500000000_r+0000005_c+0000003,5,3,671816831.7331845,0,2,1,68,not_estimable,indeterminate,,True,False,False
C_DEV_2005_2009__OUTER,C_DEV_2005_2009,outer_fold_start,,2004-12-31T16:00:00.000000Z,2004-12-30T16:00:00.000000Z,g500000000_r+0000006_c-0000005,6,-5,26307687034.742226,16,3,-3,165,not_estimable,indeterminate,,True,False,False
C_DEV_2005_2009__OUTER,C_DEV_2005_2009,outer_fold_start,,2004-12-31T16:00:00.000000Z,2004-12-30T16:00:00.000000Z,g500000000_r+0000006_c-0000004,6,-4,190320594398.8866,218,3,-2,780,base_500km,supported,3.2,True,True,True
C_DEV_2005_2009__OUTER,C_DEV_2005_2009,outer_fold_start,,2004-12-31T16:00:00.000000Z,2004-12-30T16:00:00.000000Z,g500000000_r+0000006_c-0000003,6,-3,238853371056.8762,167,3,-2,780,parent_1000km,supported,3.2,True,True,True
C_DEV_2005_2009__OUTER,C_DEV_2005_2009,outer_fold_start,,2004-12-31T16:00:00.000000Z,2004-12-30T16:00:00.000000Z,g500000000_r+0000006_c-0000002,6,-2,247672469161.56644,351,3,-1,1605,base_500km,supported,3.2,True,True,True
C_DEV_2005_2009__OUTER,C_DEV_2005_2009,outer_fold_start,,2004-12-31T16:00:00.000000Z,2004-12-30T16:00:00.000000Z,g500000000_r+0000006_c-0000001,6,-1,250000000000.0,627,3,-1,1605,base_500km,supported,3.2,True,True,True
C_DEV_2005_2009__OUTER,C_DEV_2005_2009,outer_fold_start,,2004-12-31T16:00:00.000000Z,2004-12-30T16:00:00.000000Z,g500000000_r+0000006_c+0000000,6,0,250000000000.0,63,3,0,338,parent_1000km,supported,3.2,True,True,True
C_DEV_2005_2009__OUTER,C_DEV_2005_2009,outer_fold_start,,2004-12-31T16:00:00.000000Z,2004-12-30T16:00:00.000000Z,g500000000_r+0000006_c+0000001,6,1,250000000000.0,41,3,0,338,parent_1000km,supported,3.2,True,True,True
C_DEV_2005_2009__OUTER,C_DEV_2005_2009,outer_fold_start,,2004-12-31T16:00:00.000000Z,2004-12-30T16:00:00.000000Z,g500000000_r+0000006_c+0000002,6,2,249287979377.55872,50,3,1,122,not_estimable,indeterminate,,True,False,False
C_DEV_2005_2009__OUTER,C_DEV_2005_2009,outer_fold_start,,2004-12-31T16:00:00.000000Z,2004-12-30T16:00:00.000000Z,g500000000_r+0000006_c+0000003,6,3,32419323521.00597,6,3,1,122,not_estimable,indeterminate,,True,False,False
C_DEV_2005_2009__OUTER,C_DEV_2005_2009,outer_fold_start,,2004-12-31T16:00:00.000000Z,2004-12-30T16:00:00.000000Z,g500000000_r+0000007_c-0000005,7,-5,186851169308.37936,149,3,-3,165,not_estimable,indeterminate,,True,False,False
C_DEV_2005_2009__OUTER,C_DEV_2005_2009,outer_fold_start,,2004-12-31T16:00:00.000000Z,2004-12-30T16:00:00.000000Z,g500000000_r+0000007_c-0000004,7,-4,250000000000.0,117,3,-2,780,parent_1000km,supported,3.2,True,True,True
C_DEV_2005_2009__OUTER,C_DEV_2005_2009,outer_fold_start,,2004-12-31T16:00:00.000000Z,2004-12-30T16:00:00.000000Z,g500000000_r+0000007_c-0000003,7,-3,250000000000.0,278,3,-2,780,base_500km,unsupported,4.5,False,False,False
C_DEV_2005_2009__OUTER,C_DEV_2005_2009,outer_fold_start,,2004-12-31T16:00:00.000000Z,2004-12-30T16:00:00.000000Z,g500000000_r+0000007_c-0000002,7,-2,250000000000.0,246,3,-1,1605,base_500km,supported,3.2,True,True,True
C_DEV_2005_2009__OUTER,C_DEV_2005_2009,outer_fold_start,,2004-12-31T16:00:00.000000Z,2004-12-30T16:00:00.000000Z,g500000000_r+0000007_c-0000001,7,-1,250000000000.0,381,3,-1,1605,base_500km,supported,3.2,True,True,True
C_DEV_2005_2009__OUTER,C_DEV_2005_2009,outer_fold_start,,2004-12-31T16:00:00.000000Z,2004-12-30T16:00:00.000000Z,g500000000_r+0000007_c+0000000,7,0,250000000000.0,109,3,0,338,parent_1000km,supported,3.2,True,True,True
C_DEV_2005_2009__OUTER,C_DEV_2005_2009,outer_fold_start,,2004-12-31T16:00:00.000000Z,2004-12-30T16:00:00.000000Z,g500000000_r+0000007_c+0000001,7,1,250000000000.0,125,3,0,338,parent_1000km,supported,3.2,True,True,True
C_DEV_2005_2009__OUTER,C_DEV_2005_2009,outer_fold_start,,2004-12-31T16:00:00.000000Z,2004-12-30T16:00:00.000000Z,g500000000_r+0000007_c+0000002,7,2,191666483395.32416,66,3,1,122,not_estimable,indeterminate,,True,False,False
C_DEV_2005_2009__OUTER,C_DEV_2005_2009,outer_fold_start,,2004-12-31T16:00:00.000000Z,2004-12-30T16:00:00.000000Z,g500000000_r+0000007_c+0000003,7,3,2298776648.082298,0,3,1,122,not_estimable,indeterminate,,True,False,False
C_DEV_2005_2009__OUTER,C_DEV_2005_2009,outer_fold_start,,2004-12-31T16:00:00.000000Z,2004-12-30T16:00:00.000000Z,g500000000_r+0000008_c-0000006,8,-6,15385288772.278814,63,4,-3,4311,parent_1000km,supported,3.2,True,True,True
C_DEV_2005_2009__OUTER,C_DEV_2005_2009,outer_fold_start,,2004-12-31T16:00:00.000000Z,2004-12-30T16:00:00.000000Z,g500000000_r+0000008_c-0000005,8,-5,232223638076.97324,1770,4,-3,4311,base_500km,supported,3.2,True,True,True
C_DEV_2005_2009__OUTER,C_DEV_2005_2009,outer_fold_start,,2004-12-31T16:00:00.000000Z,2004-12-30T16:00:00.000000Z,g500000000_r+0000008_c-0000004,8,-4,250000000000.0,228,4,-2,1851,base_500km,supported,3.3,True,True,True
C_DEV_2005_2009__OUTER,C_DEV_2005_2009,outer_fold_start,,2004-12-31T16:00:00.000000Z,2004-12-30T16:00:00.000000Z,g500000000_r+0000008_c-0000003,8,-3,250000000000.0,283,4,-2,1851,base_500km,supported,3.3,True,True,True
C_DEV_2005_2009__OUTER,C_DEV_2005_2009,outer_fold_start,,2004-12-31T16:00:00.000000Z,2004-12-30T16:00:00.000000Z,g500000000_r+0000008_c-0000002,8,-2,250000000000.0,328,4,-1,746,base_500km,supported,3.2,True,True,True
C_DEV_2005_2009__OUTER,C_DEV_2005_2009,outer_fold_start,,2004-12-31T16:00:00.000000Z,2004-12-30T16:00:00.000000Z,g500000000_r+0000008_c-0000001,8,-1,249425621182.58255,348,4,-1,746,base_500km,supported,3.2,True,True,True
C_DEV_2005_2009__OUTER,C_DEV_2005_2009,outer_fold_start,,2004-12-31T16:00:00.000000Z,2004-12-30T16:00:00.000000Z,g500000000_r+0000008_c+0000000,8,0,249737666957.76474,304,4,0,802,base_500km,supported,3.2,True,True,True
C_DEV_2005_2009__OUTER,C_DEV_2005_2009,outer_fold_start,,2004-12-31T16:00:00.000000Z,2004-12-30T16:00:00.000000Z,g500000000_r+0000008_c+0000001,8,1,250000000000.0,427,4,0,802,base_500km,supported,3.2,True,True,True
C_DEV_2005_2009__OUTER,C_DEV_2005_2009,outer_fold_start,,2004-12-31T16:00:00.000000Z,2004-12-30T16:00:00.000000Z,g500000000_r+0000008_c+0000002,8,2,140587143973.97015,1191,4,1,1550,base_500km,supported,3.6,True,True,True
C_DEV_2005_2009__OUTER,C_DEV_2005_2009,outer_fold_start,,2004-12-31T16:00:00.000000Z,2004-12-30T16:00:00.000000Z,g500000000_r+0000008_c+0000003,8,3,10562408419.369371,7,4,1,1550,parent_1000km,supported,3.6,True,True,True
C_DEV_2005_2009__OUTER,C_DEV_2005_2009,outer_fold_start,,2004-12-31T16:00:00.000000Z,2004-12-30T16:00:00.000000Z,g500000000_r+0000009_c-0000006,9,-6,19945588505.432407,469,4,-3,4311,base_500km,supported,3.2,True,True,True
C_DEV_2005_2009__OUTER,C_DEV_2005_2009,outer_fold_start,,2004-12-31T16:00:00.000000Z,2004-12-30T16:00:00.000000Z,g500000000_r+0000009_c-0000005,9,-5,121120255925.02194,2009,4,-3,4311,base_500km,supported,3.2,True,True,True
C_DEV_2005_2009__OUTER,C_DEV_2005_2009,outer_fold_start,,2004-12-31T16:00:00.000000Z,2004-12-30T16:00:00.000000Z,g500000000_r+0000009_c-0000004,9,-4,240075899126.91846,941,4,-2,1851,base_500km,supported,3.2,True,True,True
C_DEV_2005_2009__OUTER,C_DEV_2005_2009,outer_fold_start,,2004-12-31T16:00:00.000000Z,2004-12-30T16:00:00.000000Z,g500000000_r+0000009_c-0000003,9,-3,244590302069.89362,399,4,-2,1851,base_500km,supported,3.3,True,True,True
C_DEV_2005_2009__OUTER,C_DEV_2005_2009,outer_fold_start,,2004-12-31T16:00:00.000000Z,2004-12-30T16:00:00.000000Z,g500000000_r+0000009_c-0000002,9,-2,130797167924.60342,67,4,-1,746,parent_1000km,supported,3.2,True,True,True
C_DEV_2005_2009__OUTER,C_DEV_2005_2009,outer_fold_start,,2004-12-31T16:00:00.000000Z,2004-12-30T16:00:00.000000Z,g500000000_r+0000009_c-0000001,9,-1,31100867482.53936,3,4,-1,746,parent_1000km,supported,3.2,True,True,True
C_DEV_2005_2009__OUTER,C_DEV_2005_2009,outer_fold_start,,2004-12-31T16:00:00.000000Z,2004-12-30T16:00:00.000000Z,g500000000_r+0000009_c+0000000,9,0,38512137110.20177,12,4,0,802,parent_1000km,supported,3.2,True,True,True
C_DEV_2005_2009__OUTER,C_DEV_2005_2009,outer_fold_start,,2004-12-31T16:00:00.000000Z,2004-12-30T16:00:00.000000Z,g500000000_r+0000009_c+0000001,9,1,211120881312.65228,59,4,0,802,parent_1000km,supported,3.2,True,True,True
C_DEV_2005_2009__OUTER,C_DEV_2005_2009,outer_fold_start,,2004-12-31T16:00:00.000000Z,2004-12-30T16:00:00.000000Z,g500000000_r+0000009_c+0000002,9,2,248472443280.00296,316,4,1,1550,base_500km,supported,3.2,True,True,True
C_DEV_2005_2009__OUTER,C_DEV_2005_2009,outer_fold_start,,2004-12-31T16:00:00.000000Z,2004-12-30T16:00:00.000000Z,g500000000_r+0000009_c+0000003,9,3,185305983054.86414,36,4,1,1550,parent_1000km,supported,3.6,True,True,True
C_DEV_2005_2009__OUTER,C_DEV_2005_2009,outer_fold_start,,2004-12-31T16:00:00.000000Z,2004-12-30T16:00:00.000000Z,g500000000_r+0000009_c+0000004,9,4,9425374546.9006,8,4,2,8,not_estimable,indeterminate,,True,False,False
C_DEV_2005_2009__OUTER,C_DEV_2005_2009,outer_fold_start,,2004-12-31T16:00:00.000000Z,2004-12-30T16:00:00.000000Z,g500000000_r+0000010_c-0000004,10,-4,78241710216.52547,168,5,-2,273,parent_1000km,supported,3.3,True,True,True
C_DEV_2005_2009__OUTER,C_DEV_2005_2009,outer_fold_start,,2004-12-31T16:00:00.000000Z,2004-12-30T16:00:00.000000Z,g500000000_r+0000010_c-0000003,10,-3,141046179553.0188,105,5,-2,273,parent_1000km,supported,3.3,True,True,True
C_DEV_2005_2009__OUTER,C_DEV_2005_2009,outer_fold_start,,2004-12-31T16:00:00.000000Z,2004-12-30T16:00:00.000000Z,g500000000_r+0000010_c+0000001,10,1,48227230349.25447,23,5,0,23,not_estimable,indeterminate,,True,False,False
C_DEV_2005_2009__OUTER,C_DEV_2005_2009,outer_fold_start,,2004-12-31T16:00:00.000000Z,2004-12-30T16:00:00.000000Z,g500000000_r+0000010_c+0000002,10,2,236920439817.02533,68,5,1,138,not_estimable,indeterminate,,True,False,False
C_DEV_2005_2009__OUTER,C_DEV_2005_2009,outer_fold_start,,2004-12-31T16:00:00.000000Z,2004-12-30T16:00:00.000000Z,g500000000_r+0000010_c+0000003,10,3,243084632671.1493,40,5,1,138,not_estimable,indeterminate,,True,False,False
C_DEV_2005_2009__OUTER,C_DEV_2005_2009,outer_fold_start,,2004-12-31T16:00:00.000000Z,2004-12-30T16:00:00.000000Z,g500000000_r+0000010_c+0000004,10,4,64022253970.34851,2,5,2,2,not_estimable,indeterminate,,True,False,False
C_DEV_2005_2009__OUTER,C_DEV_2005_2009,outer_fold_start,,2004-12-31T16:00:00.000000Z,2004-12-30T16:00:00.000000Z,g500000000_r+0000011_c+0000002,11,2,169786352112.4043,24,5,1,138,not_estimable,indeterminate,,True,False,False
C_DEV_2005_2009__OUTER,C_DEV_2005_2009,outer_fold_start,,2004-12-31T16:00:00.000000Z,2004-12-30T16:00:00.000000Z,g500000000_r+0000011_c+0000003,11,3,40973641596.34899,6,5,1,138,not_estimable,indeterminate,,True,False,False
C_DEV_2005_2009__OUTER,C_DEV_2005_2009,outer_fold_start,,2004-12-31T16:00:00.000000Z,2004-12-30T16:00:00.000000Z,g500000000_r+0000011_c+0000004,11,4,4581119547.796514,0,5,2,2,not_estimable,indeterminate,,True,False,False
C_DEV_2010_2014__I1,C_DEV_2010_2014,inner_block_start,I1,1994-12-31T16:00:00.000000Z,1994-12-30T16:00:00.000000Z,g500000000_r+0000004_c-0000002,4,-2,20961703964.393833,188,2,-1,1974,parent_1000km,supported,3.2,True,True,True
C_DEV_2010_2014__I1,C_DEV_2010_2014,inner_block_start,I1,1994-12-31T16:00:00.000000Z,1994-12-30T16:00:00.000000Z,g500000000_r+0000004_c-0000001,4,-1,90331151902.37128,459,2,-1,1974,base_500km,supported,3.2,True,True,True
C_DEV_2010_2014__I1,C_DEV_2010_2014,inner_block_start,I1,1994-12-31T16:00:00.000000Z,1994-12-30T16:00:00.000000Z,g500000000_r+0000004_c+0000000,4,0,98547006665.30876,43,2,0,150,not_estimable,indeterminate,,True,False,False
C_DEV_2010_2014__I1,C_DEV_2010_2014,inner_block_start,I1,1994-12-31T16:00:00.000000Z,1994-12-30T16:00:00.000000Z,g500000000_r+0000004_c+0000001,4,1,111974151311.93896,19,2,0,150,not_estimable,indeterminate,,True,False,False
C_DEV_2010_2014__I1,C_DEV_2010_2014,inner_block_start,I1,1994-12-31T16:00:00.000000Z,1994-12-30T16:00:00.000000Z,g500000000_r+0000004_c+0000002,4,2,13322759354.481386,3,2,1,45,not_estimable,indeterminate,,True,False,False
C_DEV_2010_2014__I1,C_DEV_2010_2014,inner_block_start,I1,1994-12-31T16:00:00.000000Z,1994-12-30T16:00:00.000000Z,g500000000_r+0000005_c-0000004,5,-4,201303005.47642165,0,2,-2,39,not_estimable,indeterminate,,True,False,False
C_DEV_2010_2014__I1,C_DEV_2010_2014,inner_block_start,I1,1994-12-31T16:00:00.000000Z,1994-12-30T16:00:00.000000Z,g500000000_r+0000005_c-0000003,5,-3,23419775399.026546,39,2,-2,39,not_estimable,indeterminate,,True,False,False
C_DEV_2010_2014__I1,C_DEV_2010_2014,inner_block_start,I1,1994-12-31T16:00:00.000000Z,1994-12-30T16:00:00.000000Z,g500000000_r+0000005_c-0000002,5,-2,88018439537.05296,581,2,-1,1974,base_500km,supported,3.6,True,True,True
C_DEV_2010_2014__I1,C_DEV_2010_2014,inner_block_start,I1,1994-12-31T16:00:00.000000Z,1994-12-30T16:00:00.000000Z,g500000000_r+0000005_c-0000001,5,-1,250000000000.0,746,2,-1,1974,base_500km,supported,3.3,True,True,True
C_DEV_2010_2014__I1,C_DEV_2010_2014,inner_block_start,I1,1994-12-31T16:00:00.000000Z,1994-12-30T16:00:00.000000Z,g500000000_r+0000005_c+0000000,5,0,250000000000.0,22,2,0,150,not_estimable,indeterminate,,True,False,False
C_DEV_2010_2014__I1,C_DEV_2010_2014,inner_block_start,I1,1994-12-31T16:00:00.000000Z,1994-12-30T16:00:00.000000Z,g500000000_r+0000005_c+0000001,5,1,250000000000.0,66,2,0,150,not_estimable,indeterminate,,True,False,False
C_DEV_2010_2014__I1,C_DEV_2010_2014,inner_block_start,I1,1994-12-31T16:00:00.000000Z,1994-12-30T16:00:00.000000Z,g500000000_r+0000005_c+0000002,5,2,196907565002.725,42,2,1,45,not_estimable,indeterminate,,True,False,False
C_DEV_2010_2014__I1,C_DEV_2010_2014,inner_block_start,I1,1994-12-31T16:00:00.000000Z,1994-12-30T16:00:00.000000Z,g500000000_r+0000005_c+0000003,5,3,671816831.7331845,0,2,1,45,not_estimable,indeterminate,,True,False,False
C_DEV_2010_2014__I1,C_DEV_2010_2014,inner_block_start,I1,1994-12-31T16:00:00.000000Z,1994-12-30T16:00:00.000000Z,g500000000_r+0000006_c-0000005,6,-5,26307687034.742226,2,3,-3,109,not_estimable,indeterminate,,True,False,False
C_DEV_2010_2014__I1,C_DEV_2010_2014,inner_block_start,I1,1994-12-31T16:00:00.000000Z,1994-12-30T16:00:00.000000Z,g500000000_r+0000006_c-0000004,6,-4,190320594398.8866,70,3,-2,362,parent_1000km,unsupported,4.5,False,False,False
C_DEV_2010_2014__I1,C_DEV_2010_2014,inner_block_start,I1,1994-12-31T16:00:00.000000Z,1994-12-30T16:00:00.000000Z,g500000000_r+0000006_c-0000003,6,-3,238853371056.8762,87,3,-2,362,parent_1000km,unsupported,4.5,False,False,False
C_DEV_2010_2014__I1,C_DEV_2010_2014,inner_block_start,I1,1994-12-31T16:00:00.000000Z,1994-12-30T16:00:00.000000Z,g500000000_r+0000006_c-0000002,6,-2,247672469161.56644,258,3,-1,1202,base_500km,supported,3.2,True,True,True
C_DEV_2010_2014__I1,C_DEV_2010_2014,inner_block_start,I1,1994-12-31T16:00:00.000000Z,1994-12-30T16:00:00.000000Z,g500000000_r+0000006_c-0000001,6,-1,250000000000.0,514,3,-1,1202,base_500km,supported,3.2,True,True,True
C_DEV_2010_2014__I1,C_DEV_2010_2014,inner_block_start,I1,1994-12-31T16:00:00.000000Z,1994-12-30T16:00:00.000000Z,g500000000_r+0000006_c+0000000,6,0,250000000000.0,32,3,0,252,parent_1000km,supported,3.2,True,True,True
C_DEV_2010_2014__I1,C_DEV_2010_2014,inner_block_start,I1,1994-12-31T16:00:00.000000Z,1994-12-30T16:00:00.000000Z,g500000000_r+0000006_c+0000001,6,1,250000000000.0,34,3,0,252,parent_1000km,supported,3.2,True,True,True
C_DEV_2010_2014__I1,C_DEV_2010_2014,inner_block_start,I1,1994-12-31T16:00:00.000000Z,1994-12-30T16:00:00.000000Z,g500000000_r+0000006_c+0000002,6,2,249287979377.55872,40,3,1,92,not_estimable,indeterminate,,True,False,False
C_DEV_2010_2014__I1,C_DEV_2010_2014,inner_block_start,I1,1994-12-31T16:00:00.000000Z,1994-12-30T16:00:00.000000Z,g500000000_r+0000006_c+0000003,6,3,32419323521.00597,5,3,1,92,not_estimable,indeterminate,,True,False,False
C_DEV_2010_2014__I1,C_DEV_2010_2014,inner_block_start,I1,1994-12-31T16:00:00.000000Z,1994-12-30T16:00:00.000000Z,g500000000_r+0000007_c-0000005,7,-5,186851169308.37936,107,3,-3,109,not_estimable,indeterminate,,True,False,False
C_DEV_2010_2014__I1,C_DEV_2010_2014,inner_block_start,I1,1994-12-31T16:00:00.000000Z,1994-12-30T16:00:00.000000Z,g500000000_r+0000007_c-0000004,7,-4,250000000000.0,83,3,-2,362,parent_1000km,unsupported,4.5,False,False,False
C_DEV_2010_2014__I1,C_DEV_2010_2014,inner_block_start,I1,1994-12-31T16:00:00.000000Z,1994-12-30T16:00:00.000000Z,g500000000_r+0000007_c-0000003,7,-3,250000000000.0,122,3,-2,362,parent_1000km,unsupported,4.5,False,False,False
C_DEV_2010_2014__I1,C_DEV_2010_2014,inner_block_start,I1,1994-12-31T16:00:00.000000Z,1994-12-30T16:00:00.000000Z,g500000000_r+0000007_c-0000002,7,-2,250000000000.0,164,3,-1,1202,parent_1000km,supported,3.2,True,True,True
C_DEV_2010_2014__I1,C_DEV_2010_2014,inner_block_start,I1,1994-12-31T16:00:00.000000Z,1994-12-30T16:00:00.000000Z,g500000000_r+0000007_c-0000001,7,-1,250000000000.0,266,3,-1,1202,base_500km,supported,3.2,True,True,True
C_DEV_2010_2014__I1,C_DEV_2010_2014,inner_block_start,I1,1994-12-31T16:00:00.000000Z,1994-12-30T16:00:00.000000Z,g500000000_r+0000007_c+0000000,7,0,250000000000.0,85,3,0,252,parent_1000km,supported,3.2,True,True,True
C_DEV_2010_2014__I1,C_DEV_2010_2014,inner_block_start,I1,1994-12-31T16:00:00.000000Z,1994-12-30T16:00:00.000000Z,g500000000_r+0000007_c+0000001,7,1,250000000000.0,101,3,0,252,parent_1000km,supported,3.2,True,True,True
C_DEV_2010_2014__I1,C_DEV_2010_2014,inner_block_start,I1,1994-12-31T16:00:00.000000Z,1994-12-30T16:00:00.000000Z,g500000000_r+0000007_c+0000002,7,2,191666483395.32416,47,3,1,92,not_estimable,indeterminate,,True,False,False
C_DEV_2010_2014__I1,C_DEV_2010_2014,inner_block_start,I1,1994-12-31T16:00:00.000000Z,1994-12-30T16:00:00.000000Z,g500000000_r+0000007_c+0000003,7,3,2298776648.082298,0,3,1,92,not_estimable,indeterminate,,True,False,False
C_DEV_2010_2014__I1,C_DEV_2010_2014,inner_block_start,I1,1994-12-31T16:00:00.000000Z,1994-12-30T16:00:00.000000Z,g500000000_r+0000008_c-0000006,8,-6,15385288772.278814,50,4,-3,2844,parent_1000km,supported,3.2,True,True,True
C_DEV_2010_2014__I1,C_DEV_2010_2014,inner_block_start,I1,1994-12-31T16:00:00.000000Z,1994-12-30T16:00:00.000000Z,g500000000_r+0000008_c-0000005,8,-5,232223638076.97324,1340,4,-3,2844,base_500km,supported,3.2,True,True,True
C_DEV_2010_2014__I1,C_DEV_2010_2014,inner_block_start,I1,1994-12-31T16:00:00.000000Z,1994-12-30T16:00:00.000000Z,g500000000_r+0000008_c-0000004,8,-4,250000000000.0,164,4,-2,1315,parent_1000km,supported,3.3,True,True,True
C_DEV_2010_2014__I1,C_DEV_2010_2014,inner_block_start,I1,1994-12-31T16:00:00.000000Z,1994-12-30T16:00:00.000000Z,g500000000_r+0000008_c-0000003,8,-3,250000000000.0,184,4,-2,1315,parent_1000km,supported,3.3,True,True,True
C_DEV_2010_2014__I1,C_DEV_2010_2014,inner_block_start,I1,1994-12-31T16:00:00.000000Z,1994-12-30T16:00:00.000000Z,g500000000_r+0000008_c-0000002,8,-2,250000000000.0,215,4,-1,510,base_500km,supported,3.2,True,True,True
C_DEV_2010_2014__I1,C_DEV_2010_2014,inner_block_start,I1,1994-12-31T16:00:00.000000Z,1994-12-30T16:00:00.000000Z,g500000000_r+0000008_c-0000001,8,-1,249425621182.58255,245,4,-1,510,base_500km,supported,3.2,True,True,True
C_DEV_2010_2014__I1,C_DEV_2010_2014,inner_block_start,I1,1994-12-31T16:00:00.000000Z,1994-12-30T16:00:00.000000Z,g500000000_r+0000008_c+0000000,8,0,249737666957.76474,234,4,0,603,base_500km,supported,3.2,True,True,True
C_DEV_2010_2014__I1,C_DEV_2010_2014,inner_block_start,I1,1994-12-31T16:00:00.000000Z,1994-12-30T16:00:00.000000Z,g500000000_r+0000008_c+0000001,8,1,250000000000.0,318,4,0,603,base_500km,supported,3.2,True,True,True
C_DEV_2010_2014__I1,C_DEV_2010_2014,inner_block_start,I1,1994-12-31T16:00:00.000000Z,1994-12-30T16:00:00.000000Z,g500000000_r+0000008_c+0000002,8,2,140587143973.97015,1110,4,1,1427,base_500km,supported,3.6,True,True,True
C_DEV_2010_2014__I1,C_DEV_2010_2014,inner_block_start,I1,1994-12-31T16:00:00.000000Z,1994-12-30T16:00:00.000000Z,g500000000_r+0000008_c+0000003,8,3,10562408419.369371,6,4,1,1427,parent_1000km,supported,3.6,True,True,True
C_DEV_2010_2014__I1,C_DEV_2010_2014,inner_block_start,I1,1994-12-31T16:00:00.000000Z,1994-12-30T16:00:00.000000Z,g500000000_r+0000009_c-0000006,9,-6,19945588505.432407,379,4,-3,2844,base_500km,supported,3.2,True,True,True
C_DEV_2010_2014__I1,C_DEV_2010_2014,inner_block_start,I1,1994-12-31T16:00:00.000000Z,1994-12-30T16:00:00.000000Z,g500000000_r+0000009_c-0000005,9,-5,121120255925.02194,1075,4,-3,2844,base_500km,supported,3.2,True,True,True
C_DEV_2010_2014__I1,C_DEV_2010_2014,inner_block_start,I1,1994-12-31T16:00:00.000000Z,1994-12-30T16:00:00.000000Z,g500000000_r+0000009_c-0000004,9,-4,240075899126.91846,685,4,-2,1315,base_500km,supported,3.2,True,True,True
C_DEV_2010_2014__I1,C_DEV_2010_2014,inner_block_start,I1,1994-12-31T16:00:00.000000Z,1994-12-30T16:00:00.000000Z,g500000000_r+0000009_c-0000003,9,-3,244590302069.89362,282,4,-2,1315,base_500km,supported,3.3,True,True,True
C_DEV_2010_2014__I1,C_DEV_2010_2014,inner_block_start,I1,1994-12-31T16:00:00.000000Z,1994-12-30T16:00:00.000000Z,g500000000_r+0000009_c-0000002,9,-2,130797167924.60342,49,4,-1,510,parent_1000km,supported,3.2,True,True,True
C_DEV_2010_2014__I1,C_DEV_2010_2014,inner_block_start,I1,1994-12-31T16:00:00.000000Z,1994-12-30T16:00:00.000000Z,g500000000_r+0000009_c-0000001,9,-1,31100867482.53936,1,4,-1,510,parent_1000km,supported,3.2,True,True,True
C_DEV_2010_2014__I1,C_DEV_2010_2014,inner_block_start,I1,1994-12-31T16:00:00.000000Z,1994-12-30T16:00:00.000000Z,g500000000_r+0000009_c+0000000,9,0,38512137110.20177,10,4,0,603,parent_1000km,supported,3.2,True,True,True
C_DEV_2010_2014__I1,C_DEV_2010_2014,inner_block_start,I1,1994-12-31T16:00:00.000000Z,1994-12-30T16:00:00.000000Z,g500000000_r+0000009_c+0000001,9,1,211120881312.65228,41,4,0,603,parent_1000km,supported,3.2,True,True,True
C_DEV_2010_2014__I1,C_DEV_2010_2014,inner_block_start,I1,1994-12-31T16:00:00.000000Z,1994-12-30T16:00:00.000000Z,g500000000_r+0000009_c+0000002,9,2,248472443280.00296,284,4,1,1427,base_500km,supported,3.2,True,True,True
C_DEV_2010_2014__I1,C_DEV_2010_2014,inner_block_start,I1,1994-12-31T16:00:00.000000Z,1994-12-30T16:00:00.000000Z,g500000000_r+0000009_c+0000003,9,3,185305983054.86414,27,4,1,1427,parent_1000km,supported,3.6,True,True,True
C_DEV_2010_2014__I1,C_DEV_2010_2014,inner_block_start,I1,1994-12-31T16:00:00.000000Z,1994-12-30T16:00:00.000000Z,g500000000_r+0000009_c+0000004,9,4,9425374546.9006,4,4,2,4,not_estimable,indeterminate,,True,False,False
C_DEV_2010_2014__I1,C_DEV_2010_2014,inner_block_start,I1,1994-12-31T16:00:00.000000Z,1994-12-30T16:00:00.000000Z,g500000000_r+0000010_c-0000004,10,-4,78241710216.52547,114,5,-2,188,not_estimable,indeterminate,,True,False,False
C_DEV_2010_2014__I1,C_DEV_2010_2014,inner_block_start,I1,1994-12-31T16:00:00.000000Z,1994-12-30T16:00:00.000000Z,g500000000_r+0000010_c-0000003,10,-3,141046179553.0188,74,5,-2,188,not_estimable,indeterminate,,True,False,False
C_DEV_2010_2014__I1,C_DEV_2010_2014,inner_block_start,I1,1994-12-31T16:00:00.000000Z,1994-12-30T16:00:00.000000Z,g500000000_r+0000010_c+0000001,10,1,48227230349.25447,17,5,0,17,not_estimable,indeterminate,,True,False,False
C_DEV_2010_2014__I1,C_DEV_2010_2014,inner_block_start,I1,1994-12-31T16:00:00.000000Z,1994-12-30T16:00:00.000000Z,g500000000_r+0000010_c+0000002,10,2,236920439817.02533,54,5,1,100,not_estimable,indeterminate,,True,False,False
C_DEV_2010_2014__I1,C_DEV_2010_2014,inner_block_start,I1,1994-12-31T16:00:00.000000Z,1994-12-30T16:00:00.000000Z,g500000000_r+0000010_c+0000003,10,3,243084632671.1493,32,5,1,100,not_estimable,indeterminate,,True,False,False
C_DEV_2010_2014__I1,C_DEV_2010_2014,inner_block_start,I1,1994-12-31T16:00:00.000000Z,1994-12-30T16:00:00.000000Z,g500000000_r+0000010_c+0000004,10,4,64022253970.34851,2,5,2,2,not_estimable,indeterminate,,True,False,False
C_DEV_2010_2014__I1,C_DEV_2010_2014,inner_block_start,I1,1994-12-31T16:00:00.000000Z,1994-12-30T16:00:00.000000Z,g500000000_r+0000011_c+0000002,11,2,169786352112.4043,11,5,1,100,not_estimable,indeterminate,,True,False,False
C_DEV_2010_2014__I1,C_DEV_2010_2014,inner_block_start,I1,1994-12-31T16:00:00.000000Z,1994-12-30T16:00:00.000000Z,g500000000_r+0000011_c+0000003,11,3,40973641596.34899,3,5,1,100,not_estimable,indeterminate,,True,False,False
C_DEV_2010_2014__I1,C_DEV_2010_2014,inner_block_start,I1,1994-12-31T16:00:00.000000Z,1994-12-30T16:00:00.000000Z,g500000000_r+0000011_c+0000004,11,4,4581119547.796514,0,5,2,2,not_estimable,indeterminate,,True,False,False
C_DEV_2010_2014__I2,C_DEV_2010_2014,inner_block_start,I2,1999-12-31T16:00:00.000000Z,1999-12-30T16:00:00.000000Z,g500000000_r+0000004_c-0000002,4,-2,20961703964.393833,198,2,-1,2166,parent_1000km,supported,3.2,True,True,True
C_DEV_2010_2014__I2,C_DEV_2010_2014,inner_block_start,I2,1999-12-31T16:00:00.000000Z,1999-12-30T16:00:00.000000Z,g500000000_r+0000004_c-0000001,4,-1,90331151902.37128,487,2,-1,2166,base_500km,supported,3.2,True,True,True
C_DEV_2010_2014__I2,C_DEV_2010_2014,inner_block_start,I2,1999-12-31T16:00:00.000000Z,1999-12-30T16:00:00.000000Z,g500000000_r+0000004_c+0000000,4,0,98547006665.30876,49,2,0,194,not_estimable,indeterminate,,True,False,False
C_DEV_2010_2014__I2,C_DEV_2010_2014,inner_block_start,I2,1999-12-31T16:00:00.000000Z,1999-12-30T16:00:00.000000Z,g500000000_r+0000004_c+0000001,4,1,111974151311.93896,25,2,0,194,not_estimable,indeterminate,,True,False,False
C_DEV_2010_2014__I2,C_DEV_2010_2014,inner_block_start,I2,1999-12-31T16:00:00.000000Z,1999-12-30T16:00:00.000000Z,g500000000_r+0000004_c+0000002,4,2,13322759354.481386,4,2,1,62,not_estimable,indeterminate,,True,False,False
C_DEV_2010_2014__I2,C_DEV_2010_2014,inner_block_start,I2,1999-12-31T16:00:00.000000Z,1999-12-30T16:00:00.000000Z,g500000000_r+0000005_c-0000004,5,-4,201303005.47642165,1,2,-2,53,not_estimable,indeterminate,,True,False,False
C_DEV_2010_2014__I2,C_DEV_2010_2014,inner_block_start,I2,1999-12-31T16:00:00.000000Z,1999-12-30T16:00:00.000000Z,g500000000_r+0000005_c-0000003,5,-3,23419775399.026546,52,2,-2,53,not_estimable,indeterminate,,True,False,False
C_DEV_2010_2014__I2,C_DEV_2010_2014,inner_block_start,I2,1999-12-31T16:00:00.000000Z,1999-12-30T16:00:00.000000Z,g500000000_r+0000005_c-0000002,5,-2,88018439537.05296,623,2,-1,2166,base_500km,supported,3.6,True,True,True
C_DEV_2010_2014__I2,C_DEV_2010_2014,inner_block_start,I2,1999-12-31T16:00:00.000000Z,1999-12-30T16:00:00.000000Z,g500000000_r+0000005_c-0000001,5,-1,250000000000.0,858,2,-1,2166,base_500km,supported,3.2,True,True,True
C_DEV_2010_2014__I2,C_DEV_2010_2014,inner_block_start,I2,1999-12-31T16:00:00.000000Z,1999-12-30T16:00:00.000000Z,g500000000_r+0000005_c+0000000,5,0,250000000000.0,34,2,0,194,not_estimable,indeterminate,,True,False,False
C_DEV_2010_2014__I2,C_DEV_2010_2014,inner_block_start,I2,1999-12-31T16:00:00.000000Z,1999-12-30T16:00:00.000000Z,g500000000_r+0000005_c+0000001,5,1,250000000000.0,86,2,0,194,not_estimable,indeterminate,,True,False,False
C_DEV_2010_2014__I2,C_DEV_2010_2014,inner_block_start,I2,1999-12-31T16:00:00.000000Z,1999-12-30T16:00:00.000000Z,g500000000_r+0000005_c+0000002,5,2,196907565002.725,58,2,1,62,not_estimable,indeterminate,,True,False,False
C_DEV_2010_2014__I2,C_DEV_2010_2014,inner_block_start,I2,1999-12-31T16:00:00.000000Z,1999-12-30T16:00:00.000000Z,g500000000_r+0000005_c+0000003,5,3,671816831.7331845,0,2,1,62,not_estimable,indeterminate,,True,False,False
C_DEV_2010_2014__I2,C_DEV_2010_2014,inner_block_start,I2,1999-12-31T16:00:00.000000Z,1999-12-30T16:00:00.000000Z,g500000000_r+0000006_c-0000005,6,-5,26307687034.742226,2,3,-3,117,not_estimable,indeterminate,,True,False,False
C_DEV_2010_2014__I2,C_DEV_2010_2014,inner_block_start,I2,1999-12-31T16:00:00.000000Z,1999-12-30T16:00:00.000000Z,g500000000_r+0000006_c-0000004,6,-4,190320594398.8866,164,3,-2,539,parent_1000km,supported,3.2,True,True,True
C_DEV_2010_2014__I2,C_DEV_2010_2014,inner_block_start,I2,1999-12-31T16:00:00.000000Z,1999-12-30T16:00:00.000000Z,g500000000_r+0000006_c-0000003,6,-3,238853371056.8762,128,3,-2,539,parent_1000km,supported,3.2,True,True,True
C_DEV_2010_2014__I2,C_DEV_2010_2014,inner_block_start,I2,1999-12-31T16:00:00.000000Z,1999-12-30T16:00:00.000000Z,g500000000_r+0000006_c-0000002,6,-2,247672469161.56644,303,3,-1,1374,base_500km,supported,3.2,True,True,True
C_DEV_2010_2014__I2,C_DEV_2010_2014,inner_block_start,I2,1999-12-31T16:00:00.000000Z,1999-12-30T16:00:00.000000Z,g500000000_r+0000006_c-0000001,6,-1,250000000000.0,565,3,-1,1374,base_500km,supported,3.2,True,True,True
C_DEV_2010_2014__I2,C_DEV_2010_2014,inner_block_start,I2,1999-12-31T16:00:00.000000Z,1999-12-30T16:00:00.000000Z,g500000000_r+0000006_c+0000000,6,0,250000000000.0,51,3,0,297,parent_1000km,supported,3.2,True,True,True
C_DEV_2010_2014__I2,C_DEV_2010_2014,inner_block_start,I2,1999-12-31T16:00:00.000000Z,1999-12-30T16:00:00.000000Z,g500000000_r+0000006_c+0000001,6,1,250000000000.0,35,3,0,297,parent_1000km,supported,3.2,True,True,True
C_DEV_2010_2014__I2,C_DEV_2010_2014,inner_block_start,I2,1999-12-31T16:00:00.000000Z,1999-12-30T16:00:00.000000Z,g500000000_r+0000006_c+0000002,6,2,249287979377.55872,44,3,1,102,not_estimable,indeterminate,,True,False,False
C_DEV_2010_2014__I2,C_DEV_2010_2014,inner_block_start,I2,1999-12-31T16:00:00.000000Z,1999-12-30T16:00:00.000000Z,g500000000_r+0000006_c+0000003,6,3,32419323521.00597,6,3,1,102,not_estimable,indeterminate,,True,False,False
C_DEV_2010_2014__I2,C_DEV_2010_2014,inner_block_start,I2,1999-12-31T16:00:00.000000Z,1999-12-30T16:00:00.000000Z,g500000000_r+0000007_c-0000005,7,-5,186851169308.37936,115,3,-3,117,not_estimable,indeterminate,,True,False,False
C_DEV_2010_2014__I2,C_DEV_2010_2014,inner_block_start,I2,1999-12-31T16:00:00.000000Z,1999-12-30T16:00:00.000000Z,g500000000_r+0000007_c-0000004,7,-4,250000000000.0,95,3,-2,539,parent_1000km,supported,3.2,True,True,True
C_DEV_2010_2014__I2,C_DEV_2010_2014,inner_block_start,I2,1999-12-31T16:00:00.000000Z,1999-12-30T16:00:00.000000Z,g500000000_r+0000007_c-0000003,7,-3,250000000000.0,152,3,-2,539,parent_1000km,supported,3.2,True,True,True
C_DEV_2010_2014__I2,C_DEV_2010_2014,inner_block_start,I2,1999-12-31T16:00:00.000000Z,1999-12-30T16:00:00.000000Z,g500000000_r+0000007_c-0000002,7,-2,250000000000.0,195,3,-1,1374,parent_1000km,supported,3.2,True,True,True
C_DEV_2010_2014__I2,C_DEV_2010_2014,inner_block_start,I2,1999-12-31T16:00:00.000000Z,1999-12-30T16:00:00.000000Z,g500000000_r+0000007_c-0000001,7,-1,250000000000.0,311,3,-1,1374,base_500km,supported,3.2,True,True,True
C_DEV_2010_2014__I2,C_DEV_2010_2014,inner_block_start,I2,1999-12-31T16:00:00.000000Z,1999-12-30T16:00:00.000000Z,g500000000_r+0000007_c+0000000,7,0,250000000000.0,99,3,0,297,parent_1000km,supported,3.2,True,True,True
C_DEV_2010_2014__I2,C_DEV_2010_2014,inner_block_start,I2,1999-12-31T16:00:00.000000Z,1999-12-30T16:00:00.000000Z,g500000000_r+0000007_c+0000001,7,1,250000000000.0,112,3,0,297,parent_1000km,supported,3.2,True,True,True
C_DEV_2010_2014__I2,C_DEV_2010_2014,inner_block_start,I2,1999-12-31T16:00:00.000000Z,1999-12-30T16:00:00.000000Z,g500000000_r+0000007_c+0000002,7,2,191666483395.32416,52,3,1,102,not_estimable,indeterminate,,True,False,False
C_DEV_2010_2014__I2,C_DEV_2010_2014,inner_block_start,I2,1999-12-31T16:00:00.000000Z,1999-12-30T16:00:00.000000Z,g500000000_r+0000007_c+0000003,7,3,2298776648.082298,0,3,1,102,not_estimable,indeterminate,,True,False,False
C_DEV_2010_2014__I2,C_DEV_2010_2014,inner_block_start,I2,1999-12-31T16:00:00.000000Z,1999-12-30T16:00:00.000000Z,g500000000_r+0000008_c-0000006,8,-6,15385288772.278814,58,4,-3,3808,parent_1000km,supported,3.2,True,True,True
C_DEV_2010_2014__I2,C_DEV_2010_2014,inner_block_start,I2,1999-12-31T16:00:00.000000Z,1999-12-30T16:00:00.000000Z,g500000000_r+0000008_c-0000005,8,-5,232223638076.97324,1619,4,-3,3808,base_500km,supported,3.2,True,True,True
C_DEV_2010_2014__I2,C_DEV_2010_2014,inner_block_start,I2,1999-12-31T16:00:00.000000Z,1999-12-30T16:00:00.000000Z,g500000000_r+0000008_c-0000004,8,-4,250000000000.0,198,4,-2,1589,parent_1000km,supported,3.2,True,True,True
C_DEV_2010_2014__I2,C_DEV_2010_2014,inner_block_start,I2,1999-12-31T16:00:00.000000Z,1999-12-30T16:00:00.000000Z,g500000000_r+0000008_c-0000003,8,-3,250000000000.0,243,4,-2,1589,base_500km,supported,3.3,True,True,True
C_DEV_2010_2014__I2,C_DEV_2010_2014,inner_block_start,I2,1999-12-31T16:00:00.000000Z,1999-12-30T16:00:00.000000Z,g500000000_r+0000008_c-0000002,8,-2,250000000000.0,257,4,-1,594,base_500km,supported,3.2,True,True,True
C_DEV_2010_2014__I2,C_DEV_2010_2014,inner_block_start,I2,1999-12-31T16:00:00.000000Z,1999-12-30T16:00:00.000000Z,g500000000_r+0000008_c-0000001,8,-1,249425621182.58255,281,4,-1,594,base_500km,supported,3.2,True,True,True
C_DEV_2010_2014__I2,C_DEV_2010_2014,inner_block_start,I2,1999-12-31T16:00:00.000000Z,1999-12-30T16:00:00.000000Z,g500000000_r+0000008_c+0000000,8,0,249737666957.76474,274,4,0,731,base_500km,supported,3.2,True,True,True
C_DEV_2010_2014__I2,C_DEV_2010_2014,inner_block_start,I2,1999-12-31T16:00:00.000000Z,1999-12-30T16:00:00.000000Z,g500000000_r+0000008_c+0000001,8,1,250000000000.0,397,4,0,731,base_500km,supported,3.2,True,True,True
C_DEV_2010_2014__I2,C_DEV_2010_2014,inner_block_start,I2,1999-12-31T16:00:00.000000Z,1999-12-30T16:00:00.000000Z,g500000000_r+0000008_c+0000002,8,2,140587143973.97015,1162,4,1,1493,base_500km,supported,3.6,True,True,True
C_DEV_2010_2014__I2,C_DEV_2010_2014,inner_block_start,I2,1999-12-31T16:00:00.000000Z,1999-12-30T16:00:00.000000Z,g500000000_r+0000008_c+0000003,8,3,10562408419.369371,7,4,1,1493,parent_1000km,supported,3.6,True,True,True
C_DEV_2010_2014__I2,C_DEV_2010_2014,inner_block_start,I2,1999-12-31T16:00:00.000000Z,1999-12-30T16:00:00.000000Z,g500000000_r+0000009_c-0000006,9,-6,19945588505.432407,417,4,-3,3808,base_500km,supported,3.2,True,True,True
C_DEV_2010_2014__I2,C_DEV_2010_2014,inner_block_start,I2,1999-12-31T16:00:00.000000Z,1999-12-30T16:00:00.000000Z,g500000000_r+0000009_c-0000005,9,-5,121120255925.02194,1714,4,-3,3808,base_500km,supported,3.2,True,True,True
C_DEV_2010_2014__I2,C_DEV_2010_2014,inner_block_start,I2,1999-12-31T16:00:00.000000Z,1999-12-30T16:00:00.000000Z,g500000000_r+0000009_c-0000004,9,-4,240075899126.91846,815,4,-2,1589,base_500km,supported,3.2,True,True,True
C_DEV_2010_2014__I2,C_DEV_2010_2014,inner_block_start,I2,1999-12-31T16:00:00.000000Z,1999-12-30T16:00:00.000000Z,g500000000_r+0000009_c-0000003,9,-3,244590302069.89362,333,4,-2,1589,base_500km,supported,3.3,True,True,True
C_DEV_2010_2014__I2,C_DEV_2010_2014,inner_block_start,I2,1999-12-31T16:00:00.000000Z,1999-12-30T16:00:00.000000Z,g500000000_r+0000009_c-0000002,9,-2,130797167924.60342,54,4,-1,594,parent_1000km,supported,3.2,True,True,True
C_DEV_2010_2014__I2,C_DEV_2010_2014,inner_block_start,I2,1999-12-31T16:00:00.000000Z,1999-12-30T16:00:00.000000Z,g500000000_r+0000009_c-0000001,9,-1,31100867482.53936,2,4,-1,594,parent_1000km,supported,3.2,True,True,True
C_DEV_2010_2014__I2,C_DEV_2010_2014,inner_block_start,I2,1999-12-31T16:00:00.000000Z,1999-12-30T16:00:00.000000Z,g500000000_r+0000009_c+0000000,9,0,38512137110.20177,10,4,0,731,parent_1000km,supported,3.2,True,True,True
C_DEV_2010_2014__I2,C_DEV_2010_2014,inner_block_start,I2,1999-12-31T16:00:00.000000Z,1999-12-30T16:00:00.000000Z,g500000000_r+0000009_c+0000001,9,1,211120881312.65228,50,4,0,731,parent_1000km,supported,3.2,True,True,True
C_DEV_2010_2014__I2,C_DEV_2010_2014,inner_block_start,I2,1999-12-31T16:00:00.000000Z,1999-12-30T16:00:00.000000Z,g500000000_r+0000009_c+0000002,9,2,248472443280.00296,296,4,1,1493,base_500km,supported,3.2,True,True,True
C_DEV_2010_2014__I2,C_DEV_2010_2014,inner_block_start,I2,1999-12-31T16:00:00.000000Z,1999-12-30T16:00:00.000000Z,g500000000_r+0000009_c+0000003,9,3,185305983054.86414,28,4,1,1493,parent_1000km,supported,3.6,True,True,True
C_DEV_2010_2014__I2,C_DEV_2010_2014,inner_block_start,I2,1999-12-31T16:00:00.000000Z,1999-12-30T16:00:00.000000Z,g500000000_r+0000009_c+0000004,9,4,9425374546.9006,5,4,2,5,not_estimable,indeterminate,,True,False,False
C_DEV_2010_2014__I2,C_DEV_2010_2014,inner_block_start,I2,1999-12-31T16:00:00.000000Z,1999-12-30T16:00:00.000000Z,g500000000_r+0000010_c-0000004,10,-4,78241710216.52547,133,5,-2,226,parent_1000km,supported,3.3,True,True,True
C_DEV_2010_2014__I2,C_DEV_2010_2014,inner_block_start,I2,1999-12-31T16:00:00.000000Z,1999-12-30T16:00:00.000000Z,g500000000_r+0000010_c-0000003,10,-3,141046179553.0188,93,5,-2,226,parent_1000km,supported,3.3,True,True,True
C_DEV_2010_2014__I2,C_DEV_2010_2014,inner_block_start,I2,1999-12-31T16:00:00.000000Z,1999-12-30T16:00:00.000000Z,g500000000_r+0000010_c+0000001,10,1,48227230349.25447,20,5,0,20,not_estimable,indeterminate,,True,False,False
C_DEV_2010_2014__I2,C_DEV_2010_2014,inner_block_start,I2,1999-12-31T16:00:00.000000Z,1999-12-30T16:00:00.000000Z,g500000000_r+0000010_c+0000002,10,2,236920439817.02533,58,5,1,118,not_estimable,indeterminate,,True,False,False
C_DEV_2010_2014__I2,C_DEV_2010_2014,inner_block_start,I2,1999-12-31T16:00:00.000000Z,1999-12-30T16:00:00.000000Z,g500000000_r+0000010_c+0000003,10,3,243084632671.1493,38,5,1,118,not_estimable,indeterminate,,True,False,False
C_DEV_2010_2014__I2,C_DEV_2010_2014,inner_block_start,I2,1999-12-31T16:00:00.000000Z,1999-12-30T16:00:00.000000Z,g500000000_r+0000010_c+0000004,10,4,64022253970.34851,2,5,2,2,not_estimable,indeterminate,,True,False,False
C_DEV_2010_2014__I2,C_DEV_2010_2014,inner_block_start,I2,1999-12-31T16:00:00.000000Z,1999-12-30T16:00:00.000000Z,g500000000_r+0000011_c+0000002,11,2,169786352112.4043,18,5,1,118,not_estimable,indeterminate,,True,False,False
C_DEV_2010_2014__I2,C_DEV_2010_2014,inner_block_start,I2,1999-12-31T16:00:00.000000Z,1999-12-30T16:00:00.000000Z,g500000000_r+0000011_c+0000003,11,3,40973641596.34899,4,5,1,118,not_estimable,indeterminate,,True,False,False
C_DEV_2010_2014__I2,C_DEV_2010_2014,inner_block_start,I2,1999-12-31T16:00:00.000000Z,1999-12-30T16:00:00.000000Z,g500000000_r+0000011_c+0000004,11,4,4581119547.796514,0,5,2,2,not_estimable,indeterminate,,True,False,False
C_DEV_2010_2014__I3,C_DEV_2010_2014,inner_block_start,I3,2004-12-31T16:00:00.000000Z,2004-12-30T16:00:00.000000Z,g500000000_r+0000004_c-0000002,4,-2,20961703964.393833,209,2,-1,2457,base_500km,supported,3.2,True,True,True
C_DEV_2010_2014__I3,C_DEV_2010_2014,inner_block_start,I3,2004-12-31T16:00:00.000000Z,2004-12-30T16:00:00.000000Z,g500000000_r+0000004_c-0000001,4,-1,90331151902.37128,516,2,-1,2457,base_500km,supported,3.2,True,True,True
C_DEV_2010_2014__I3,C_DEV_2010_2014,inner_block_start,I3,2004-12-31T16:00:00.000000Z,2004-12-30T16:00:00.000000Z,g500000000_r+0000004_c+0000000,4,0,98547006665.30876,52,2,0,210,parent_1000km,supported,3.2,True,True,True
C_DEV_2010_2014__I3,C_DEV_2010_2014,inner_block_start,I3,2004-12-31T16:00:00.000000Z,2004-12-30T16:00:00.000000Z,g500000000_r+0000004_c+0000001,4,1,111974151311.93896,30,2,0,210,parent_1000km,supported,3.2,True,True,True
C_DEV_2010_2014__I3,C_DEV_2010_2014,inner_block_start,I3,2004-12-31T16:00:00.000000Z,2004-12-30T16:00:00.000000Z,g500000000_r+0000004_c+0000002,4,2,13322759354.481386,4,2,1,68,not_estimable,indeterminate,,True,False,False
C_DEV_2010_2014__I3,C_DEV_2010_2014,inner_block_start,I3,2004-12-31T16:00:00.000000Z,2004-12-30T16:00:00.000000Z,g500000000_r+0000005_c-0000004,5,-4,201303005.47642165,1,2,-2,65,not_estimable,indeterminate,,True,False,False
C_DEV_2010_2014__I3,C_DEV_2010_2014,inner_block_start,I3,2004-12-31T16:00:00.000000Z,2004-12-30T16:00:00.000000Z,g500000000_r+0000005_c-0000003,5,-3,23419775399.026546,64,2,-2,65,not_estimable,indeterminate,,True,False,False
C_DEV_2010_2014__I3,C_DEV_2010_2014,inner_block_start,I3,2004-12-31T16:00:00.000000Z,2004-12-30T16:00:00.000000Z,g500000000_r+0000005_c-0000002,5,-2,88018439537.05296,708,2,-1,2457,base_500km,supported,3.6,True,True,True
C_DEV_2010_2014__I3,C_DEV_2010_2014,inner_block_start,I3,2004-12-31T16:00:00.000000Z,2004-12-30T16:00:00.000000Z,g500000000_r+0000005_c-0000001,5,-1,250000000000.0,1024,2,-1,2457,base_500km,supported,3.2,True,True,True
C_DEV_2010_2014__I3,C_DEV_2010_2014,inner_block_start,I3,2004-12-31T16:00:00.000000Z,2004-12-30T16:00:00.000000Z,g500000000_r+0000005_c+0000000,5,0,250000000000.0,39,2,0,210,parent_1000km,supported,3.2,True,True,True
C_DEV_2010_2014__I3,C_DEV_2010_2014,inner_block_start,I3,2004-12-31T16:00:00.000000Z,2004-12-30T16:00:00.000000Z,g500000000_r+0000005_c+0000001,5,1,250000000000.0,89,2,0,210,parent_1000km,supported,3.2,True,True,True
C_DEV_2010_2014__I3,C_DEV_2010_2014,inner_block_start,I3,2004-12-31T16:00:00.000000Z,2004-12-30T16:00:00.000000Z,g500000000_r+0000005_c+0000002,5,2,196907565002.725,64,2,1,68,not_estimable,indeterminate,,True,False,False
C_DEV_2010_2014__I3,C_DEV_2010_2014,inner_block_start,I3,2004-12-31T16:00:00.000000Z,2004-12-30T16:00:00.000000Z,g500000000_r+0000005_c+0000003,5,3,671816831.7331845,0,2,1,68,not_estimable,indeterminate,,True,False,False
C_DEV_2010_2014__I3,C_DEV_2010_2014,inner_block_start,I3,2004-12-31T16:00:00.000000Z,2004-12-30T16:00:00.000000Z,g500000000_r+0000006_c-0000005,6,-5,26307687034.742226,16,3,-3,165,not_estimable,indeterminate,,True,False,False
C_DEV_2010_2014__I3,C_DEV_2010_2014,inner_block_start,I3,2004-12-31T16:00:00.000000Z,2004-12-30T16:00:00.000000Z,g500000000_r+0000006_c-0000004,6,-4,190320594398.8866,218,3,-2,780,base_500km,supported,3.2,True,True,True
C_DEV_2010_2014__I3,C_DEV_2010_2014,inner_block_start,I3,2004-12-31T16:00:00.000000Z,2004-12-30T16:00:00.000000Z,g500000000_r+0000006_c-0000003,6,-3,238853371056.8762,167,3,-2,780,parent_1000km,supported,3.2,True,True,True
C_DEV_2010_2014__I3,C_DEV_2010_2014,inner_block_start,I3,2004-12-31T16:00:00.000000Z,2004-12-30T16:00:00.000000Z,g500000000_r+0000006_c-0000002,6,-2,247672469161.56644,351,3,-1,1605,base_500km,supported,3.2,True,True,True
C_DEV_2010_2014__I3,C_DEV_2010_2014,inner_block_start,I3,2004-12-31T16:00:00.000000Z,2004-12-30T16:00:00.000000Z,g500000000_r+0000006_c-0000001,6,-1,250000000000.0,627,3,-1,1605,base_500km,supported,3.2,True,True,True
C_DEV_2010_2014__I3,C_DEV_2010_2014,inner_block_start,I3,2004-12-31T16:00:00.000000Z,2004-12-30T16:00:00.000000Z,g500000000_r+0000006_c+0000000,6,0,250000000000.0,63,3,0,338,parent_1000km,supported,3.2,True,True,True
C_DEV_2010_2014__I3,C_DEV_2010_2014,inner_block_start,I3,2004-12-31T16:00:00.000000Z,2004-12-30T16:00:00.000000Z,g500000000_r+0000006_c+0000001,6,1,250000000000.0,41,3,0,338,parent_1000km,supported,3.2,True,True,True
C_DEV_2010_2014__I3,C_DEV_2010_2014,inner_block_start,I3,2004-12-31T16:00:00.000000Z,2004-12-30T16:00:00.000000Z,g500000000_r+0000006_c+0000002,6,2,249287979377.55872,50,3,1,122,not_estimable,indeterminate,,True,False,False
C_DEV_2010_2014__I3,C_DEV_2010_2014,inner_block_start,I3,2004-12-31T16:00:00.000000Z,2004-12-30T16:00:00.000000Z,g500000000_r+0000006_c+0000003,6,3,32419323521.00597,6,3,1,122,not_estimable,indeterminate,,True,False,False
C_DEV_2010_2014__I3,C_DEV_2010_2014,inner_block_start,I3,2004-12-31T16:00:00.000000Z,2004-12-30T16:00:00.000000Z,g500000000_r+0000007_c-0000005,7,-5,186851169308.37936,149,3,-3,165,not_estimable,indeterminate,,True,False,False
C_DEV_2010_2014__I3,C_DEV_2010_2014,inner_block_start,I3,2004-12-31T16:00:00.000000Z,2004-12-30T16:00:00.000000Z,g500000000_r+0000007_c-0000004,7,-4,250000000000.0,117,3,-2,780,parent_1000km,supported,3.2,True,True,True
C_DEV_2010_2014__I3,C_DEV_2010_2014,inner_block_start,I3,2004-12-31T16:00:00.000000Z,2004-12-30T16:00:00.000000Z,g500000000_r+0000007_c-0000003,7,-3,250000000000.0,278,3,-2,780,base_500km,unsupported,4.5,False,False,False
C_DEV_2010_2014__I3,C_DEV_2010_2014,inner_block_start,I3,2004-12-31T16:00:00.000000Z,2004-12-30T16:00:00.000000Z,g500000000_r+0000007_c-0000002,7,-2,250000000000.0,246,3,-1,1605,base_500km,supported,3.2,True,True,True
C_DEV_2010_2014__I3,C_DEV_2010_2014,inner_block_start,I3,2004-12-31T16:00:00.000000Z,2004-12-30T16:00:00.000000Z,g500000000_r+0000007_c-0000001,7,-1,250000000000.0,381,3,-1,1605,base_500km,supported,3.2,True,True,True
C_DEV_2010_2014__I3,C_DEV_2010_2014,inner_block_start,I3,2004-12-31T16:00:00.000000Z,2004-12-30T16:00:00.000000Z,g500000000_r+0000007_c+0000000,7,0,250000000000.0,109,3,0,338,parent_1000km,supported,3.2,True,True,True
C_DEV_2010_2014__I3,C_DEV_2010_2014,inner_block_start,I3,2004-12-31T16:00:00.000000Z,2004-12-30T16:00:00.000000Z,g500000000_r+0000007_c+0000001,7,1,250000000000.0,125,3,0,338,parent_1000km,supported,3.2,True,True,True
C_DEV_2010_2014__I3,C_DEV_2010_2014,inner_block_start,I3,2004-12-31T16:00:00.000000Z,2004-12-30T16:00:00.000000Z,g500000000_r+0000007_c+0000002,7,2,191666483395.32416,66,3,1,122,not_estimable,indeterminate,,True,False,False
C_DEV_2010_2014__I3,C_DEV_2010_2014,inner_block_start,I3,2004-12-31T16:00:00.000000Z,2004-12-30T16:00:00.000000Z,g500000000_r+0000007_c+0000003,7,3,2298776648.082298,0,3,1,122,not_estimable,indeterminate,,True,False,False
C_DEV_2010_2014__I3,C_DEV_2010_2014,inner_block_start,I3,2004-12-31T16:00:00.000000Z,2004-12-30T16:00:00.000000Z,g500000000_r+0000008_c-0000006,8,-6,15385288772.278814,63,4,-3,4311,parent_1000km,supported,3.2,True,True,True
C_DEV_2010_2014__I3,C_DEV_2010_2014,inner_block_start,I3,2004-12-31T16:00:00.000000Z,2004-12-30T16:00:00.000000Z,g500000000_r+0000008_c-0000005,8,-5,232223638076.97324,1770,4,-3,4311,base_500km,supported,3.2,True,True,True
C_DEV_2010_2014__I3,C_DEV_2010_2014,inner_block_start,I3,2004-12-31T16:00:00.000000Z,2004-12-30T16:00:00.000000Z,g500000000_r+0000008_c-0000004,8,-4,250000000000.0,228,4,-2,1851,base_500km,supported,3.3,True,True,True
C_DEV_2010_2014__I3,C_DEV_2010_2014,inner_block_start,I3,2004-12-31T16:00:00.000000Z,2004-12-30T16:00:00.000000Z,g500000000_r+0000008_c-0000003,8,-3,250000000000.0,283,4,-2,1851,base_500km,supported,3.3,True,True,True
C_DEV_2010_2014__I3,C_DEV_2010_2014,inner_block_start,I3,2004-12-31T16:00:00.000000Z,2004-12-30T16:00:00.000000Z,g500000000_r+0000008_c-0000002,8,-2,250000000000.0,328,4,-1,746,base_500km,supported,3.2,True,True,True
C_DEV_2010_2014__I3,C_DEV_2010_2014,inner_block_start,I3,2004-12-31T16:00:00.000000Z,2004-12-30T16:00:00.000000Z,g500000000_r+0000008_c-0000001,8,-1,249425621182.58255,348,4,-1,746,base_500km,supported,3.2,True,True,True
C_DEV_2010_2014__I3,C_DEV_2010_2014,inner_block_start,I3,2004-12-31T16:00:00.000000Z,2004-12-30T16:00:00.000000Z,g500000000_r+0000008_c+0000000,8,0,249737666957.76474,304,4,0,802,base_500km,supported,3.2,True,True,True
C_DEV_2010_2014__I3,C_DEV_2010_2014,inner_block_start,I3,2004-12-31T16:00:00.000000Z,2004-12-30T16:00:00.000000Z,g500000000_r+0000008_c+0000001,8,1,250000000000.0,427,4,0,802,base_500km,supported,3.2,True,True,True
C_DEV_2010_2014__I3,C_DEV_2010_2014,inner_block_start,I3,2004-12-31T16:00:00.000000Z,2004-12-30T16:00:00.000000Z,g500000000_r+0000008_c+0000002,8,2,140587143973.97015,1191,4,1,1550,base_500km,supported,3.6,True,True,True
C_DEV_2010_2014__I3,C_DEV_2010_2014,inner_block_start,I3,2004-12-31T16:00:00.000000Z,2004-12-30T16:00:00.000000Z,g500000000_r+0000008_c+0000003,8,3,10562408419.369371,7,4,1,1550,parent_1000km,supported,3.6,True,True,True
C_DEV_2010_2014__I3,C_DEV_2010_2014,inner_block_start,I3,2004-12-31T16:00:00.000000Z,2004-12-30T16:00:00.000000Z,g500000000_r+0000009_c-0000006,9,-6,19945588505.432407,469,4,-3,4311,base_500km,supported,3.2,True,True,True
C_DEV_2010_2014__I3,C_DEV_2010_2014,inner_block_start,I3,2004-12-31T16:00:00.000000Z,2004-12-30T16:00:00.000000Z,g500000000_r+0000009_c-0000005,9,-5,121120255925.02194,2009,4,-3,4311,base_500km,supported,3.2,True,True,True
C_DEV_2010_2014__I3,C_DEV_2010_2014,inner_block_start,I3,2004-12-31T16:00:00.000000Z,2004-12-30T16:00:00.000000Z,g500000000_r+0000009_c-0000004,9,-4,240075899126.91846,941,4,-2,1851,base_500km,supported,3.2,True,True,True
C_DEV_2010_2014__I3,C_DEV_2010_2014,inner_block_start,I3,2004-12-31T16:00:00.000000Z,2004-12-30T16:00:00.000000Z,g500000000_r+0000009_c-0000003,9,-3,244590302069.89362,399,4,-2,1851,base_500km,supported,3.3,True,True,True
C_DEV_2010_2014__I3,C_DEV_2010_2014,inner_block_start,I3,2004-12-31T16:00:00.000000Z,2004-12-30T16:00:00.000000Z,g500000000_r+0000009_c-0000002,9,-2,130797167924.60342,67,4,-1,746,parent_1000km,supported,3.2,True,True,True
C_DEV_2010_2014__I3,C_DEV_2010_2014,inner_block_start,I3,2004-12-31T16:00:00.000000Z,2004-12-30T16:00:00.000000Z,g500000000_r+0000009_c-0000001,9,-1,31100867482.53936,3,4,-1,746,parent_1000km,supported,3.2,True,True,True
C_DEV_2010_2014__I3,C_DEV_2010_2014,inner_block_start,I3,2004-12-31T16:00:00.000000Z,2004-12-30T16:00:00.000000Z,g500000000_r+0000009_c+0000000,9,0,38512137110.20177,12,4,0,802,parent_1000km,supported,3.2,True,True,True
C_DEV_2010_2014__I3,C_DEV_2010_2014,inner_block_start,I3,2004-12-31T16:00:00.000000Z,2004-12-30T16:00:00.000000Z,g500000000_r+0000009_c+0000001,9,1,211120881312.65228,59,4,0,802,parent_1000km,supported,3.2,True,True,True
C_DEV_2010_2014__I3,C_DEV_2010_2014,inner_block_start,I3,2004-12-31T16:00:00.000000Z,2004-12-30T16:00:00.000000Z,g500000000_r+0000009_c+0000002,9,2,248472443280.00296,316,4,1,1550,base_500km,supported,3.2,True,True,True
C_DEV_2010_2014__I3,C_DEV_2010_2014,inner_block_start,I3,2004-12-31T16:00:00.000000Z,2004-12-30T16:00:00.000000Z,g500000000_r+0000009_c+0000003,9,3,185305983054.86414,36,4,1,1550,parent_1000km,supported,3.6,True,True,True
C_DEV_2010_2014__I3,C_DEV_2010_2014,inner_block_start,I3,2004-12-31T16:00:00.000000Z,2004-12-30T16:00:00.000000Z,g500000000_r+0000009_c+0000004,9,4,9425374546.9006,8,4,2,8,not_estimable,indeterminate,,True,False,False
C_DEV_2010_2014__I3,C_DEV_2010_2014,inner_block_start,I3,2004-12-31T16:00:00.000000Z,2004-12-30T16:00:00.000000Z,g500000000_r+0000010_c-0000004,10,-4,78241710216.52547,168,5,-2,273,parent_1000km,supported,3.3,True,True,True
C_DEV_2010_2014__I3,C_DEV_2010_2014,inner_block_start,I3,2004-12-31T16:00:00.000000Z,2004-12-30T16:00:00.000000Z,g500000000_r+0000010_c-0000003,10,-3,141046179553.0188,105,5,-2,273,parent_1000km,supported,3.3,True,True,True
C_DEV_2010_2014__I3,C_DEV_2010_2014,inner_block_start,I3,2004-12-31T16:00:00.000000Z,2004-12-30T16:00:00.000000Z,g500000000_r+0000010_c+0000001,10,1,48227230349.25447,23,5,0,23,not_estimable,indeterminate,,True,False,False
C_DEV_2010_2014__I3,C_DEV_2010_2014,inner_block_start,I3,2004-12-31T16:00:00.000000Z,2004-12-30T16:00:00.000000Z,g500000000_r+0000010_c+0000002,10,2,236920439817.02533,68,5,1,138,not_estimable,indeterminate,,True,False,False
C_DEV_2010_2014__I3,C_DEV_2010_2014,inner_block_start,I3,2004-12-31T16:00:00.000000Z,2004-12-30T16:00:00.000000Z,g500000000_r+0000010_c+0000003,10,3,243084632671.1493,40,5,1,138,not_estimable,indeterminate,,True,False,False
C_DEV_2010_2014__I3,C_DEV_2010_2014,inner_block_start,I3,2004-12-31T16:00:00.000000Z,2004-12-30T16:00:00.000000Z,g500000000_r+0000010_c+0000004,10,4,64022253970.34851,2,5,2,2,not_estimable,indeterminate,,True,False,False
C_DEV_2010_2014__I3,C_DEV_2010_2014,inner_block_start,I3,2004-12-31T16:00:00.000000Z,2004-12-30T16:00:00.000000Z,g500000000_r+0000011_c+0000002,11,2,169786352112.4043,24,5,1,138,not_estimable,indeterminate,,True,False,False
C_DEV_2010_2014__I3,C_DEV_2010_2014,inner_block_start,I3,2004-12-31T16:00:00.000000Z,2004-12-30T16:00:00.000000Z,g500000000_r+0000011_c+0000003,11,3,40973641596.34899,6,5,1,138,not_estimable,indeterminate,,True,False,False
C_DEV_2010_2014__I3,C_DEV_2010_2014,inner_block_start,I3,2004-12-31T16:00:00.000000Z,2004-12-30T16:00:00.000000Z,g500000000_r+0000011_c+0000004,11,4,4581119547.796514,0,5,2,2,not_estimable,indeterminate,,True,False,False
C_DEV_2010_2014__OUTER,C_DEV_2010_2014,outer_fold_start,,2009-12-31T16:00:00.000000Z,2009-12-30T16:00:00.000000Z,g500000000_r+0000004_c-0000002,4,-2,20961703964.393833,215,2,-1,2751,base_500km,supported,3.2,True,True,True
C_DEV_2010_2014__OUTER,C_DEV_2010_2014,outer_fold_start,,2009-12-31T16:00:00.000000Z,2009-12-30T16:00:00.000000Z,g500000000_r+0000004_c-0000001,4,-1,90331151902.37128,578,2,-1,2751,base_500km,supported,3.2,True,True,True
C_DEV_2010_2014__OUTER,C_DEV_2010_2014,outer_fold_start,,2009-12-31T16:00:00.000000Z,2009-12-30T16:00:00.000000Z,g500000000_r+0000004_c+0000000,4,0,98547006665.30876,54,2,0,228,parent_1000km,supported,3.2,True,True,True
C_DEV_2010_2014__OUTER,C_DEV_2010_2014,outer_fold_start,,2009-12-31T16:00:00.000000Z,2009-12-30T16:00:00.000000Z,g500000000_r+0000004_c+0000001,4,1,111974151311.93896,34,2,0,228,parent_1000km,supported,3.2,True,True,True
C_DEV_2010_2014__OUTER,C_DEV_2010_2014,outer_fold_start,,2009-12-31T16:00:00.000000Z,2009-12-30T16:00:00.000000Z,g500000000_r+0000004_c+0000002,4,2,13322759354.481386,5,2,1,85,not_estimable,indeterminate,,True,False,False
C_DEV_2010_2014__OUTER,C_DEV_2010_2014,outer_fold_start,,2009-12-31T16:00:00.000000Z,2009-12-30T16:00:00.000000Z,g500000000_r+0000005_c-0000004,5,-4,201303005.47642165,1,2,-2,80,not_estimable,indeterminate,,True,False,False
C_DEV_2010_2014__OUTER,C_DEV_2010_2014,outer_fold_start,,2009-12-31T16:00:00.000000Z,2009-12-30T16:00:00.000000Z,g500000000_r+0000005_c-0000003,5,-3,23419775399.026546,79,2,-2,80,not_estimable,indeterminate,,True,False,False
C_DEV_2010_2014__OUTER,C_DEV_2010_2014,outer_fold_start,,2009-12-31T16:00:00.000000Z,2009-12-30T16:00:00.000000Z,g500000000_r+0000005_c-0000002,5,-2,88018439537.05296,792,2,-1,2751,base_500km,supported,3.2,True,True,True
C_DEV_2010_2014__OUTER,C_DEV_2010_2014,outer_fold_start,,2009-12-31T16:00:00.000000Z,2009-12-30T16:00:00.000000Z,g500000000_r+0000005_c-0000001,5,-1,250000000000.0,1166,2,-1,2751,base_500km,supported,3.2,True,True,True
C_DEV_2010_2014__OUTER,C_DEV_2010_2014,outer_fold_start,,2009-12-31T16:00:00.000000Z,2009-12-30T16:00:00.000000Z,g500000000_r+0000005_c+0000000,5,0,250000000000.0,51,2,0,228,parent_1000km,supported,3.2,True,True,True
C_DEV_2010_2014__OUTER,C_DEV_2010_2014,outer_fold_start,,2009-12-31T16:00:00.000000Z,2009-12-30T16:00:00.000000Z,g500000000_r+0000005_c+0000001,5,1,250000000000.0,89,2,0,228,parent_1000km,supported,3.2,True,True,True
C_DEV_2010_2014__OUTER,C_DEV_2010_2014,outer_fold_start,,2009-12-31T16:00:00.000000Z,2009-12-30T16:00:00.000000Z,g500000000_r+0000005_c+0000002,5,2,196907565002.725,80,2,1,85,not_estimable,indeterminate,,True,False,False
C_DEV_2010_2014__OUTER,C_DEV_2010_2014,outer_fold_start,,2009-12-31T16:00:00.000000Z,2009-12-30T16:00:00.000000Z,g500000000_r+0000005_c+0000003,5,3,671816831.7331845,0,2,1,85,not_estimable,indeterminate,,True,False,False
C_DEV_2010_2014__OUTER,C_DEV_2010_2014,outer_fold_start,,2009-12-31T16:00:00.000000Z,2009-12-30T16:00:00.000000Z,g500000000_r+0000006_c-0000005,6,-5,26307687034.742226,82,3,-3,296,parent_1000km,supported,3.8,True,True,True
C_DEV_2010_2014__OUTER,C_DEV_2010_2014,outer_fold_start,,2009-12-31T16:00:00.000000Z,2009-12-30T16:00:00.000000Z,g500000000_r+0000006_c-0000004,6,-4,190320594398.8866,254,3,-2,1045,base_500km,supported,3.2,True,True,True
C_DEV_2010_2014__OUTER,C_DEV_2010_2014,outer_fold_start,,2009-12-31T16:00:00.000000Z,2009-12-30T16:00:00.000000Z,g500000000_r+0000006_c-0000003,6,-3,238853371056.8762,239,3,-2,1045,base_500km,supported,3.2,True,True,True
C_DEV_2010_2014__OUTER,C_DEV_2010_2014,outer_fold_start,,2009-12-31T16:00:00.000000Z,2009-12-30T16:00:00.000000Z,g500000000_r+0000006_c-0000002,6,-2,247672469161.56644,400,3,-1,2553,base_500km,supported,3.2,True,True,True
C_DEV_2010_2014__OUTER,C_DEV_2010_2014,outer_fold_start,,2009-12-31T16:00:00.000000Z,2009-12-30T16:00:00.000000Z,g500000000_r+0000006_c-0000001,6,-1,250000000000.0,1447,3,-1,2553,base_500km,supported,3.2,True,True,True
C_DEV_2010_2014__OUTER,C_DEV_2010_2014,outer_fold_start,,2009-12-31T16:00:00.000000Z,2009-12-30T16:00:00.000000Z,g500000000_r+0000006_c+0000000,6,0,250000000000.0,306,3,0,627,base_500km,supported,3.2,True,True,True
C_DEV_2010_2014__OUTER,C_DEV_2010_2014,outer_fold_start,,2009-12-31T16:00:00.000000Z,2009-12-30T16:00:00.000000Z,g500000000_r+0000006_c+0000001,6,1,250000000000.0,47,3,0,627,parent_1000km,supported,3.2,True,True,True
C_DEV_2010_2014__OUTER,C_DEV_2010_2014,outer_fold_start,,2009-12-31T16:00:00.000000Z,2009-12-30T16:00:00.000000Z,g500000000_r+0000006_c+0000002,6,2,249287979377.55872,84,3,1,168,not_estimable,indeterminate,,True,False,False
C_DEV_2010_2014__OUTER,C_DEV_2010_2014,outer_fold_start,,2009-12-31T16:00:00.000000Z,2009-12-30T16:00:00.000000Z,g500000000_r+0000006_c+0000003,6,3,32419323521.00597,6,3,1,168,not_estimable,indeterminate,,True,False,False
C_DEV_2010_2014__OUTER,C_DEV_2010_2014,outer_fold_start,,2009-12-31T16:00:00.000000Z,2009-12-30T16:00:00.000000Z,g500000000_r+0000007_c-0000005,7,-5,186851169308.37936,214,3,-3,296,base_500km,supported,3.4,True,True,True
C_DEV_2010_2014__OUTER,C_DEV_2010_2014,outer_fold_start,,2009-12-31T16:00:00.000000Z,2009-12-30T16:00:00.000000Z,g500000000_r+0000007_c-0000004,7,-4,250000000000.0,142,3,-2,1045,parent_1000km,supported,3.2,True,True,True
C_DEV_2010_2014__OUTER,C_DEV_2010_2014,outer_fold_start,,2009-12-31T16:00:00.000000Z,2009-12-30T16:00:00.000000Z,g500000000_r+0000007_c-0000003,7,-3,250000000000.0,410,3,-2,1045,base_500km,supported,3.4,True,True,True
C_DEV_2010_2014__OUTER,C_DEV_2010_2014,outer_fold_start,,2009-12-31T16:00:00.000000Z,2009-12-30T16:00:00.000000Z,g500000000_r+0000007_c-0000002,7,-2,250000000000.0,279,3,-1,2553,base_500km,supported,3.2,True,True,True
C_DEV_2010_2014__OUTER,C_DEV_2010_2014,outer_fold_start,,2009-12-31T16:00:00.000000Z,2009-12-30T16:00:00.000000Z,g500000000_r+0000007_c-0000001,7,-1,250000000000.0,427,3,-1,2553,base_500km,supported,3.2,True,True,True
C_DEV_2010_2014__OUTER,C_DEV_2010_2014,outer_fold_start,,2009-12-31T16:00:00.000000Z,2009-12-30T16:00:00.000000Z,g500000000_r+0000007_c+0000000,7,0,250000000000.0,131,3,0,627,parent_1000km,supported,3.2,True,True,True
C_DEV_2010_2014__OUTER,C_DEV_2010_2014,outer_fold_start,,2009-12-31T16:00:00.000000Z,2009-12-30T16:00:00.000000Z,g500000000_r+0000007_c+0000001,7,1,250000000000.0,143,3,0,627,parent_1000km,supported,3.2,True,True,True
C_DEV_2010_2014__OUTER,C_DEV_2010_2014,outer_fold_start,,2009-12-31T16:00:00.000000Z,2009-12-30T16:00:00.000000Z,g500000000_r+0000007_c+0000002,7,2,191666483395.32416,78,3,1,168,not_estimable,indeterminate,,True,False,False
C_DEV_2010_2014__OUTER,C_DEV_2010_2014,outer_fold_start,,2009-12-31T16:00:00.000000Z,2009-12-30T16:00:00.000000Z,g500000000_r+0000007_c+0000003,7,3,2298776648.082298,0,3,1,168,not_estimable,indeterminate,,True,False,False
C_DEV_2010_2014__OUTER,C_DEV_2010_2014,outer_fold_start,,2009-12-31T16:00:00.000000Z,2009-12-30T16:00:00.000000Z,g500000000_r+0000008_c-0000006,8,-6,15385288772.278814,73,4,-3,5091,parent_1000km,supported,3.2,True,True,True
C_DEV_2010_2014__OUTER,C_DEV_2010_2014,outer_fold_start,,2009-12-31T16:00:00.000000Z,2009-12-30T16:00:00.000000Z,g500000000_r+0000008_c-0000005,8,-5,232223638076.97324,2260,4,-3,5091,base_500km,supported,3.2,True,True,True
C_DEV_2010_2014__OUTER,C_DEV_2010_2014,outer_fold_start,,2009-12-31T16:00:00.000000Z,2009-12-30T16:00:00.000000Z,g500000000_r+0000008_c-0000004,8,-4,250000000000.0,265,4,-2,2130,base_500km,supported,3.2,True,True,True
C_DEV_2010_2014__OUTER,C_DEV_2010_2014,outer_fold_start,,2009-12-31T16:00:00.000000Z,2009-12-30T16:00:00.000000Z,g500000000_r+0000008_c-0000003,8,-3,250000000000.0,307,4,-2,2130,base_500km,supported,3.2,True,True,True
C_DEV_2010_2014__OUTER,C_DEV_2010_2014,outer_fold_start,,2009-12-31T16:00:00.000000Z,2009-12-30T16:00:00.000000Z,g500000000_r+0000008_c-0000002,8,-2,250000000000.0,456,4,-1,924,base_500km,supported,3.2,True,True,True
C_DEV_2010_2014__OUTER,C_DEV_2010_2014,outer_fold_start,,2009-12-31T16:00:00.000000Z,2009-12-30T16:00:00.000000Z,g500000000_r+0000008_c-0000001,8,-1,249425621182.58255,388,4,-1,924,base_500km,supported,3.2,True,True,True
C_DEV_2010_2014__OUTER,C_DEV_2010_2014,outer_fold_start,,2009-12-31T16:00:00.000000Z,2009-12-30T16:00:00.000000Z,g500000000_r+0000008_c+0000000,8,0,249737666957.76474,322,4,0,844,base_500km,supported,3.2,True,True,True
C_DEV_2010_2014__OUTER,C_DEV_2010_2014,outer_fold_start,,2009-12-31T16:00:00.000000Z,2009-12-30T16:00:00.000000Z,g500000000_r+0000008_c+0000001,8,1,250000000000.0,439,4,0,844,base_500km,supported,3.2,True,True,True
C_DEV_2010_2014__OUTER,C_DEV_2010_2014,outer_fold_start,,2009-12-31T16:00:00.000000Z,2009-12-30T16:00:00.000000Z,g500000000_r+0000008_c+0000002,8,2,140587143973.97015,1203,4,1,1588,base_500km,supported,3.6,True,True,True
C_DEV_2010_2014__OUTER,C_DEV_2010_2014,outer_fold_start,,2009-12-31T16:00:00.000000Z,2009-12-30T16:00:00.000000Z,g500000000_r+0000008_c+0000003,8,3,10562408419.369371,8,4,1,1588,parent_1000km,supported,3.6,True,True,True
C_DEV_2010_2014__OUTER,C_DEV_2010_2014,outer_fold_start,,2009-12-31T16:00:00.000000Z,2009-12-30T16:00:00.000000Z,g500000000_r+0000009_c-0000006,9,-6,19945588505.432407,572,4,-3,5091,base_500km,supported,3.2,True,True,True
C_DEV_2010_2014__OUTER,C_DEV_2010_2014,outer_fold_start,,2009-12-31T16:00:00.000000Z,2009-12-30T16:00:00.000000Z,g500000000_r+0000009_c-0000005,9,-5,121120255925.02194,2186,4,-3,5091,base_500km,supported,3.2,True,True,True
C_DEV_2010_2014__OUTER,C_DEV_2010_2014,outer_fold_start,,2009-12-31T16:00:00.000000Z,2009-12-30T16:00:00.000000Z,g500000000_r+0000009_c-0000004,9,-4,240075899126.91846,1093,4,-2,2130,base_500km,supported,3.2,True,True,True
C_DEV_2010_2014__OUTER,C_DEV_2010_2014,outer_fold_start,,2009-12-31T16:00:00.000000Z,2009-12-30T16:00:00.000000Z,g500000000_r+0000009_c-0000003,9,-3,244590302069.89362,465,4,-2,2130,base_500km,supported,3.3,True,True,True
C_DEV_2010_2014__OUTER,C_DEV_2010_2014,outer_fold_start,,2009-12-31T16:00:00.000000Z,2009-12-30T16:00:00.000000Z,g500000000_r+0000009_c-0000002,9,-2,130797167924.60342,77,4,-1,924,parent_1000km,supported,3.2,True,True,True
C_DEV_2010_2014__OUTER,C_DEV_2010_2014,outer_fold_start,,2009-12-31T16:00:00.000000Z,2009-12-30T16:00:00.000000Z,g500000000_r+0000009_c-0000001,9,-1,31100867482.53936,3,4,-1,924,parent_1000km,supported,3.2,True,True,True
C_DEV_2010_2014__OUTER,C_DEV_2010_2014,outer_fold_start,,2009-12-31T16:00:00.000000Z,2009-12-30T16:00:00.000000Z,g500000000_r+0000009_c+0000000,9,0,38512137110.20177,13,4,0,844,parent_1000km,supported,3.2,True,True,True
C_DEV_2010_2014__OUTER,C_DEV_2010_2014,outer_fold_start,,2009-12-31T16:00:00.000000Z,2009-12-30T16:00:00.000000Z,g500000000_r+0000009_c+0000001,9,1,211120881312.65228,70,4,0,844,parent_1000km,supported,3.2,True,True,True
C_DEV_2010_2014__OUTER,C_DEV_2010_2014,outer_fold_start,,2009-12-31T16:00:00.000000Z,2009-12-30T16:00:00.000000Z,g500000000_r+0000009_c+0000002,9,2,248472443280.00296,334,4,1,1588,base_500km,supported,3.2,True,True,True
C_DEV_2010_2014__OUTER,C_DEV_2010_2014,outer_fold_start,,2009-12-31T16:00:00.000000Z,2009-12-30T16:00:00.000000Z,g500000000_r+0000009_c+0000003,9,3,185305983054.86414,43,4,1,1588,parent_1000km,supported,3.6,True,True,True
C_DEV_2010_2014__OUTER,C_DEV_2010_2014,outer_fold_start,,2009-12-31T16:00:00.000000Z,2009-12-30T16:00:00.000000Z,g500000000_r+0000009_c+0000004,9,4,9425374546.9006,10,4,2,10,not_estimable,indeterminate,,True,False,False
C_DEV_2010_2014__OUTER,C_DEV_2010_2014,outer_fold_start,,2009-12-31T16:00:00.000000Z,2009-12-30T16:00:00.000000Z,g500000000_r+0000010_c-0000004,10,-4,78241710216.52547,191,5,-2,311,parent_1000km,supported,3.4,True,True,True
C_DEV_2010_2014__OUTER,C_DEV_2010_2014,outer_fold_start,,2009-12-31T16:00:00.000000Z,2009-12-30T16:00:00.000000Z,g500000000_r+0000010_c-0000003,10,-3,141046179553.0188,120,5,-2,311,parent_1000km,supported,3.4,True,True,True
C_DEV_2010_2014__OUTER,C_DEV_2010_2014,outer_fold_start,,2009-12-31T16:00:00.000000Z,2009-12-30T16:00:00.000000Z,g500000000_r+0000010_c+0000001,10,1,48227230349.25447,24,5,0,24,not_estimable,indeterminate,,True,False,False
C_DEV_2010_2014__OUTER,C_DEV_2010_2014,outer_fold_start,,2009-12-31T16:00:00.000000Z,2009-12-30T16:00:00.000000Z,g500000000_r+0000010_c+0000002,10,2,236920439817.02533,80,5,1,163,not_estimable,indeterminate,,True,False,False
C_DEV_2010_2014__OUTER,C_DEV_2010_2014,outer_fold_start,,2009-12-31T16:00:00.000000Z,2009-12-30T16:00:00.000000Z,g500000000_r+0000010_c+0000003,10,3,243084632671.1493,47,5,1,163,not_estimable,indeterminate,,True,False,False
C_DEV_2010_2014__OUTER,C_DEV_2010_2014,outer_fold_start,,2009-12-31T16:00:00.000000Z,2009-12-30T16:00:00.000000Z,g500000000_r+0000010_c+0000004,10,4,64022253970.34851,5,5,2,5,not_estimable,indeterminate,,True,False,False
C_DEV_2010_2014__OUTER,C_DEV_2010_2014,outer_fold_start,,2009-12-31T16:00:00.000000Z,2009-12-30T16:00:00.000000Z,g500000000_r+0000011_c+0000002,11,2,169786352112.4043,30,5,1,163,not_estimable,indeterminate,,True,False,False
C_DEV_2010_2014__OUTER,C_DEV_2010_2014,outer_fold_start,,2009-12-31T16:00:00.000000Z,2009-12-30T16:00:00.000000Z,g500000000_r+0000011_c+0000003,11,3,40973641596.34899,6,5,1,163,not_estimable,indeterminate,,True,False,False
C_DEV_2010_2014__OUTER,C_DEV_2010_2014,outer_fold_start,,2009-12-31T16:00:00.000000Z,2009-12-30T16:00:00.000000Z,g500000000_r+0000011_c+0000004,11,4,4581119547.796514,0,5,2,5,not_estimable,indeterminate,,True,False,False
C_DEV_2015_2019__I1,C_DEV_2015_2019,inner_block_start,I1,1999-12-31T16:00:00.000000Z,1999-12-30T16:00:00.000000Z,g500000000_r+0000004_c-0000002,4,-2,20961703964.393833,198,2,-1,2166,parent_1000km,supported,3.2,True,True,True
C_DEV_2015_2019__I1,C_DEV_2015_2019,inner_block_start,I1,1999-12-31T16:00:00.000000Z,1999-12-30T16:00:00.000000Z,g500000000_r+0000004_c-0000001,4,-1,90331151902.37128,487,2,-1,2166,base_500km,supported,3.2,True,True,True
C_DEV_2015_2019__I1,C_DEV_2015_2019,inner_block_start,I1,1999-12-31T16:00:00.000000Z,1999-12-30T16:00:00.000000Z,g500000000_r+0000004_c+0000000,4,0,98547006665.30876,49,2,0,194,not_estimable,indeterminate,,True,False,False
C_DEV_2015_2019__I1,C_DEV_2015_2019,inner_block_start,I1,1999-12-31T16:00:00.000000Z,1999-12-30T16:00:00.000000Z,g500000000_r+0000004_c+0000001,4,1,111974151311.93896,25,2,0,194,not_estimable,indeterminate,,True,False,False
C_DEV_2015_2019__I1,C_DEV_2015_2019,inner_block_start,I1,1999-12-31T16:00:00.000000Z,1999-12-30T16:00:00.000000Z,g500000000_r+0000004_c+0000002,4,2,13322759354.481386,4,2,1,62,not_estimable,indeterminate,,True,False,False
C_DEV_2015_2019__I1,C_DEV_2015_2019,inner_block_start,I1,1999-12-31T16:00:00.000000Z,1999-12-30T16:00:00.000000Z,g500000000_r+0000005_c-0000004,5,-4,201303005.47642165,1,2,-2,53,not_estimable,indeterminate,,True,False,False
C_DEV_2015_2019__I1,C_DEV_2015_2019,inner_block_start,I1,1999-12-31T16:00:00.000000Z,1999-12-30T16:00:00.000000Z,g500000000_r+0000005_c-0000003,5,-3,23419775399.026546,52,2,-2,53,not_estimable,indeterminate,,True,False,False
C_DEV_2015_2019__I1,C_DEV_2015_2019,inner_block_start,I1,1999-12-31T16:00:00.000000Z,1999-12-30T16:00:00.000000Z,g500000000_r+0000005_c-0000002,5,-2,88018439537.05296,623,2,-1,2166,base_500km,supported,3.6,True,True,True
C_DEV_2015_2019__I1,C_DEV_2015_2019,inner_block_start,I1,1999-12-31T16:00:00.000000Z,1999-12-30T16:00:00.000000Z,g500000000_r+0000005_c-0000001,5,-1,250000000000.0,858,2,-1,2166,base_500km,supported,3.2,True,True,True
C_DEV_2015_2019__I1,C_DEV_2015_2019,inner_block_start,I1,1999-12-31T16:00:00.000000Z,1999-12-30T16:00:00.000000Z,g500000000_r+0000005_c+0000000,5,0,250000000000.0,34,2,0,194,not_estimable,indeterminate,,True,False,False
C_DEV_2015_2019__I1,C_DEV_2015_2019,inner_block_start,I1,1999-12-31T16:00:00.000000Z,1999-12-30T16:00:00.000000Z,g500000000_r+0000005_c+0000001,5,1,250000000000.0,86,2,0,194,not_estimable,indeterminate,,True,False,False
C_DEV_2015_2019__I1,C_DEV_2015_2019,inner_block_start,I1,1999-12-31T16:00:00.000000Z,1999-12-30T16:00:00.000000Z,g500000000_r+0000005_c+0000002,5,2,196907565002.725,58,2,1,62,not_estimable,indeterminate,,True,False,False
C_DEV_2015_2019__I1,C_DEV_2015_2019,inner_block_start,I1,1999-12-31T16:00:00.000000Z,1999-12-30T16:00:00.000000Z,g500000000_r+0000005_c+0000003,5,3,671816831.7331845,0,2,1,62,not_estimable,indeterminate,,True,False,False
C_DEV_2015_2019__I1,C_DEV_2015_2019,inner_block_start,I1,1999-12-31T16:00:00.000000Z,1999-12-30T16:00:00.000000Z,g500000000_r+0000006_c-0000005,6,-5,26307687034.742226,2,3,-3,117,not_estimable,indeterminate,,True,False,False
C_DEV_2015_2019__I1,C_DEV_2015_2019,inner_block_start,I1,1999-12-31T16:00:00.000000Z,1999-12-30T16:00:00.000000Z,g500000000_r+0000006_c-0000004,6,-4,190320594398.8866,164,3,-2,539,parent_1000km,supported,3.2,True,True,True
C_DEV_2015_2019__I1,C_DEV_2015_2019,inner_block_start,I1,1999-12-31T16:00:00.000000Z,1999-12-30T16:00:00.000000Z,g500000000_r+0000006_c-0000003,6,-3,238853371056.8762,128,3,-2,539,parent_1000km,supported,3.2,True,True,True
C_DEV_2015_2019__I1,C_DEV_2015_2019,inner_block_start,I1,1999-12-31T16:00:00.000000Z,1999-12-30T16:00:00.000000Z,g500000000_r+0000006_c-0000002,6,-2,247672469161.56644,303,3,-1,1374,base_500km,supported,3.2,True,True,True
C_DEV_2015_2019__I1,C_DEV_2015_2019,inner_block_start,I1,1999-12-31T16:00:00.000000Z,1999-12-30T16:00:00.000000Z,g500000000_r+0000006_c-0000001,6,-1,250000000000.0,565,3,-1,1374,base_500km,supported,3.2,True,True,True
C_DEV_2015_2019__I1,C_DEV_2015_2019,inner_block_start,I1,1999-12-31T16:00:00.000000Z,1999-12-30T16:00:00.000000Z,g500000000_r+0000006_c+0000000,6,0,250000000000.0,51,3,0,297,parent_1000km,supported,3.2,True,True,True
C_DEV_2015_2019__I1,C_DEV_2015_2019,inner_block_start,I1,1999-12-31T16:00:00.000000Z,1999-12-30T16:00:00.000000Z,g500000000_r+0000006_c+0000001,6,1,250000000000.0,35,3,0,297,parent_1000km,supported,3.2,True,True,True
C_DEV_2015_2019__I1,C_DEV_2015_2019,inner_block_start,I1,1999-12-31T16:00:00.000000Z,1999-12-30T16:00:00.000000Z,g500000000_r+0000006_c+0000002,6,2,249287979377.55872,44,3,1,102,not_estimable,indeterminate,,True,False,False
C_DEV_2015_2019__I1,C_DEV_2015_2019,inner_block_start,I1,1999-12-31T16:00:00.000000Z,1999-12-30T16:00:00.000000Z,g500000000_r+0000006_c+0000003,6,3,32419323521.00597,6,3,1,102,not_estimable,indeterminate,,True,False,False
C_DEV_2015_2019__I1,C_DEV_2015_2019,inner_block_start,I1,1999-12-31T16:00:00.000000Z,1999-12-30T16:00:00.000000Z,g500000000_r+0000007_c-0000005,7,-5,186851169308.37936,115,3,-3,117,not_estimable,indeterminate,,True,False,False
C_DEV_2015_2019__I1,C_DEV_2015_2019,inner_block_start,I1,1999-12-31T16:00:00.000000Z,1999-12-30T16:00:00.000000Z,g500000000_r+0000007_c-0000004,7,-4,250000000000.0,95,3,-2,539,parent_1000km,supported,3.2,True,True,True
C_DEV_2015_2019__I1,C_DEV_2015_2019,inner_block_start,I1,1999-12-31T16:00:00.000000Z,1999-12-30T16:00:00.000000Z,g500000000_r+0000007_c-0000003,7,-3,250000000000.0,152,3,-2,539,parent_1000km,supported,3.2,True,True,True
C_DEV_2015_2019__I1,C_DEV_2015_2019,inner_block_start,I1,1999-12-31T16:00:00.000000Z,1999-12-30T16:00:00.000000Z,g500000000_r+0000007_c-0000002,7,-2,250000000000.0,195,3,-1,1374,parent_1000km,supported,3.2,True,True,True
C_DEV_2015_2019__I1,C_DEV_2015_2019,inner_block_start,I1,1999-12-31T16:00:00.000000Z,1999-12-30T16:00:00.000000Z,g500000000_r+0000007_c-0000001,7,-1,250000000000.0,311,3,-1,1374,base_500km,supported,3.2,True,True,True
C_DEV_2015_2019__I1,C_DEV_2015_2019,inner_block_start,I1,1999-12-31T16:00:00.000000Z,1999-12-30T16:00:00.000000Z,g500000000_r+0000007_c+0000000,7,0,250000000000.0,99,3,0,297,parent_1000km,supported,3.2,True,True,True
C_DEV_2015_2019__I1,C_DEV_2015_2019,inner_block_start,I1,1999-12-31T16:00:00.000000Z,1999-12-30T16:00:00.000000Z,g500000000_r+0000007_c+0000001,7,1,250000000000.0,112,3,0,297,parent_1000km,supported,3.2,True,True,True
C_DEV_2015_2019__I1,C_DEV_2015_2019,inner_block_start,I1,1999-12-31T16:00:00.000000Z,1999-12-30T16:00:00.000000Z,g500000000_r+0000007_c+0000002,7,2,191666483395.32416,52,3,1,102,not_estimable,indeterminate,,True,False,False
C_DEV_2015_2019__I1,C_DEV_2015_2019,inner_block_start,I1,1999-12-31T16:00:00.000000Z,1999-12-30T16:00:00.000000Z,g500000000_r+0000007_c+0000003,7,3,2298776648.082298,0,3,1,102,not_estimable,indeterminate,,True,False,False
C_DEV_2015_2019__I1,C_DEV_2015_2019,inner_block_start,I1,1999-12-31T16:00:00.000000Z,1999-12-30T16:00:00.000000Z,g500000000_r+0000008_c-0000006,8,-6,15385288772.278814,58,4,-3,3808,parent_1000km,supported,3.2,True,True,True
C_DEV_2015_2019__I1,C_DEV_2015_2019,inner_block_start,I1,1999-12-31T16:00:00.000000Z,1999-12-30T16:00:00.000000Z,g500000000_r+0000008_c-0000005,8,-5,232223638076.97324,1619,4,-3,3808,base_500km,supported,3.2,True,True,True
C_DEV_2015_2019__I1,C_DEV_2015_2019,inner_block_start,I1,1999-12-31T16:00:00.000000Z,1999-12-30T16:00:00.000000Z,g500000000_r+0000008_c-0000004,8,-4,250000000000.0,198,4,-2,1589,parent_1000km,supported,3.2,True,True,True
C_DEV_2015_2019__I1,C_DEV_2015_2019,inner_block_start,I1,1999-12-31T16:00:00.000000Z,1999-12-30T16:00:00.000000Z,g500000000_r+0000008_c-0000003,8,-3,250000000000.0,243,4,-2,1589,base_500km,supported,3.3,True,True,True
C_DEV_2015_2019__I1,C_DEV_2015_2019,inner_block_start,I1,1999-12-31T16:00:00.000000Z,1999-12-30T16:00:00.000000Z,g500000000_r+0000008_c-0000002,8,-2,250000000000.0,257,4,-1,594,base_500km,supported,3.2,True,True,True
C_DEV_2015_2019__I1,C_DEV_2015_2019,inner_block_start,I1,1999-12-31T16:00:00.000000Z,1999-12-30T16:00:00.000000Z,g500000000_r+0000008_c-0000001,8,-1,249425621182.58255,281,4,-1,594,base_500km,supported,3.2,True,True,True
C_DEV_2015_2019__I1,C_DEV_2015_2019,inner_block_start,I1,1999-12-31T16:00:00.000000Z,1999-12-30T16:00:00.000000Z,g500000000_r+0000008_c+0000000,8,0,249737666957.76474,274,4,0,731,base_500km,supported,3.2,True,True,True
C_DEV_2015_2019__I1,C_DEV_2015_2019,inner_block_start,I1,1999-12-31T16:00:00.000000Z,1999-12-30T16:00:00.000000Z,g500000000_r+0000008_c+0000001,8,1,250000000000.0,397,4,0,731,base_500km,supported,3.2,True,True,True
C_DEV_2015_2019__I1,C_DEV_2015_2019,inner_block_start,I1,1999-12-31T16:00:00.000000Z,1999-12-30T16:00:00.000000Z,g500000000_r+0000008_c+0000002,8,2,140587143973.97015,1162,4,1,1493,base_500km,supported,3.6,True,True,True
C_DEV_2015_2019__I1,C_DEV_2015_2019,inner_block_start,I1,1999-12-31T16:00:00.000000Z,1999-12-30T16:00:00.000000Z,g500000000_r+0000008_c+0000003,8,3,10562408419.369371,7,4,1,1493,parent_1000km,supported,3.6,True,True,True
C_DEV_2015_2019__I1,C_DEV_2015_2019,inner_block_start,I1,1999-12-31T16:00:00.000000Z,1999-12-30T16:00:00.000000Z,g500000000_r+0000009_c-0000006,9,-6,19945588505.432407,417,4,-3,3808,base_500km,supported,3.2,True,True,True
C_DEV_2015_2019__I1,C_DEV_2015_2019,inner_block_start,I1,1999-12-31T16:00:00.000000Z,1999-12-30T16:00:00.000000Z,g500000000_r+0000009_c-0000005,9,-5,121120255925.02194,1714,4,-3,3808,base_500km,supported,3.2,True,True,True
C_DEV_2015_2019__I1,C_DEV_2015_2019,inner_block_start,I1,1999-12-31T16:00:00.000000Z,1999-12-30T16:00:00.000000Z,g500000000_r+0000009_c-0000004,9,-4,240075899126.91846,815,4,-2,1589,base_500km,supported,3.2,True,True,True
C_DEV_2015_2019__I1,C_DEV_2015_2019,inner_block_start,I1,1999-12-31T16:00:00.000000Z,1999-12-30T16:00:00.000000Z,g500000000_r+0000009_c-0000003,9,-3,244590302069.89362,333,4,-2,1589,base_500km,supported,3.3,True,True,True
C_DEV_2015_2019__I1,C_DEV_2015_2019,inner_block_start,I1,1999-12-31T16:00:00.000000Z,1999-12-30T16:00:00.000000Z,g500000000_r+0000009_c-0000002,9,-2,130797167924.60342,54,4,-1,594,parent_1000km,supported,3.2,True,True,True
C_DEV_2015_2019__I1,C_DEV_2015_2019,inner_block_start,I1,1999-12-31T16:00:00.000000Z,1999-12-30T16:00:00.000000Z,g500000000_r+0000009_c-0000001,9,-1,31100867482.53936,2,4,-1,594,parent_1000km,supported,3.2,True,True,True
C_DEV_2015_2019__I1,C_DEV_2015_2019,inner_block_start,I1,1999-12-31T16:00:00.000000Z,1999-12-30T16:00:00.000000Z,g500000000_r+0000009_c+0000000,9,0,38512137110.20177,10,4,0,731,parent_1000km,supported,3.2,True,True,True
C_DEV_2015_2019__I1,C_DEV_2015_2019,inner_block_start,I1,1999-12-31T16:00:00.000000Z,1999-12-30T16:00:00.000000Z,g500000000_r+0000009_c+0000001,9,1,211120881312.65228,50,4,0,731,parent_1000km,supported,3.2,True,True,True
C_DEV_2015_2019__I1,C_DEV_2015_2019,inner_block_start,I1,1999-12-31T16:00:00.000000Z,1999-12-30T16:00:00.000000Z,g500000000_r+0000009_c+0000002,9,2,248472443280.00296,296,4,1,1493,base_500km,supported,3.2,True,True,True
C_DEV_2015_2019__I1,C_DEV_2015_2019,inner_block_start,I1,1999-12-31T16:00:00.000000Z,1999-12-30T16:00:00.000000Z,g500000000_r+0000009_c+0000003,9,3,185305983054.86414,28,4,1,1493,parent_1000km,supported,3.6,True,True,True
C_DEV_2015_2019__I1,C_DEV_2015_2019,inner_block_start,I1,1999-12-31T16:00:00.000000Z,1999-12-30T16:00:00.000000Z,g500000000_r+0000009_c+0000004,9,4,9425374546.9006,5,4,2,5,not_estimable,indeterminate,,True,False,False
C_DEV_2015_2019__I1,C_DEV_2015_2019,inner_block_start,I1,1999-12-31T16:00:00.000000Z,1999-12-30T16:00:00.000000Z,g500000000_r+0000010_c-0000004,10,-4,78241710216.52547,133,5,-2,226,parent_1000km,supported,3.3,True,True,True
C_DEV_2015_2019__I1,C_DEV_2015_2019,inner_block_start,I1,1999-12-31T16:00:00.000000Z,1999-12-30T16:00:00.000000Z,g500000000_r+0000010_c-0000003,10,-3,141046179553.0188,93,5,-2,226,parent_1000km,supported,3.3,True,True,True
C_DEV_2015_2019__I1,C_DEV_2015_2019,inner_block_start,I1,1999-12-31T16:00:00.000000Z,1999-12-30T16:00:00.000000Z,g500000000_r+0000010_c+0000001,10,1,48227230349.25447,20,5,0,20,not_estimable,indeterminate,,True,False,False
C_DEV_2015_2019__I1,C_DEV_2015_2019,inner_block_start,I1,1999-12-31T16:00:00.000000Z,1999-12-30T16:00:00.000000Z,g500000000_r+0000010_c+0000002,10,2,236920439817.02533,58,5,1,118,not_estimable,indeterminate,,True,False,False
C_DEV_2015_2019__I1,C_DEV_2015_2019,inner_block_start,I1,1999-12-31T16:00:00.000000Z,1999-12-30T16:00:00.000000Z,g500000000_r+0000010_c+0000003,10,3,243084632671.1493,38,5,1,118,not_estimable,indeterminate,,True,False,False
C_DEV_2015_2019__I1,C_DEV_2015_2019,inner_block_start,I1,1999-12-31T16:00:00.000000Z,1999-12-30T16:00:00.000000Z,g500000000_r+0000010_c+0000004,10,4,64022253970.34851,2,5,2,2,not_estimable,indeterminate,,True,False,False
C_DEV_2015_2019__I1,C_DEV_2015_2019,inner_block_start,I1,1999-12-31T16:00:00.000000Z,1999-12-30T16:00:00.000000Z,g500000000_r+0000011_c+0000002,11,2,169786352112.4043,18,5,1,118,not_estimable,indeterminate,,True,False,False
C_DEV_2015_2019__I1,C_DEV_2015_2019,inner_block_start,I1,1999-12-31T16:00:00.000000Z,1999-12-30T16:00:00.000000Z,g500000000_r+0000011_c+0000003,11,3,40973641596.34899,4,5,1,118,not_estimable,indeterminate,,True,False,False
C_DEV_2015_2019__I1,C_DEV_2015_2019,inner_block_start,I1,1999-12-31T16:00:00.000000Z,1999-12-30T16:00:00.000000Z,g500000000_r+0000011_c+0000004,11,4,4581119547.796514,0,5,2,2,not_estimable,indeterminate,,True,False,False
C_DEV_2015_2019__I2,C_DEV_2015_2019,inner_block_start,I2,2004-12-31T16:00:00.000000Z,2004-12-30T16:00:00.000000Z,g500000000_r+0000004_c-0000002,4,-2,20961703964.393833,209,2,-1,2457,base_500km,supported,3.2,True,True,True
C_DEV_2015_2019__I2,C_DEV_2015_2019,inner_block_start,I2,2004-12-31T16:00:00.000000Z,2004-12-30T16:00:00.000000Z,g500000000_r+0000004_c-0000001,4,-1,90331151902.37128,516,2,-1,2457,base_500km,supported,3.2,True,True,True
C_DEV_2015_2019__I2,C_DEV_2015_2019,inner_block_start,I2,2004-12-31T16:00:00.000000Z,2004-12-30T16:00:00.000000Z,g500000000_r+0000004_c+0000000,4,0,98547006665.30876,52,2,0,210,parent_1000km,supported,3.2,True,True,True
C_DEV_2015_2019__I2,C_DEV_2015_2019,inner_block_start,I2,2004-12-31T16:00:00.000000Z,2004-12-30T16:00:00.000000Z,g500000000_r+0000004_c+0000001,4,1,111974151311.93896,30,2,0,210,parent_1000km,supported,3.2,True,True,True
C_DEV_2015_2019__I2,C_DEV_2015_2019,inner_block_start,I2,2004-12-31T16:00:00.000000Z,2004-12-30T16:00:00.000000Z,g500000000_r+0000004_c+0000002,4,2,13322759354.481386,4,2,1,68,not_estimable,indeterminate,,True,False,False
C_DEV_2015_2019__I2,C_DEV_2015_2019,inner_block_start,I2,2004-12-31T16:00:00.000000Z,2004-12-30T16:00:00.000000Z,g500000000_r+0000005_c-0000004,5,-4,201303005.47642165,1,2,-2,65,not_estimable,indeterminate,,True,False,False
C_DEV_2015_2019__I2,C_DEV_2015_2019,inner_block_start,I2,2004-12-31T16:00:00.000000Z,2004-12-30T16:00:00.000000Z,g500000000_r+0000005_c-0000003,5,-3,23419775399.026546,64,2,-2,65,not_estimable,indeterminate,,True,False,False
C_DEV_2015_2019__I2,C_DEV_2015_2019,inner_block_start,I2,2004-12-31T16:00:00.000000Z,2004-12-30T16:00:00.000000Z,g500000000_r+0000005_c-0000002,5,-2,88018439537.05296,708,2,-1,2457,base_500km,supported,3.6,True,True,True
C_DEV_2015_2019__I2,C_DEV_2015_2019,inner_block_start,I2,2004-12-31T16:00:00.000000Z,2004-12-30T16:00:00.000000Z,g500000000_r+0000005_c-0000001,5,-1,250000000000.0,1024,2,-1,2457,base_500km,supported,3.2,True,True,True
C_DEV_2015_2019__I2,C_DEV_2015_2019,inner_block_start,I2,2004-12-31T16:00:00.000000Z,2004-12-30T16:00:00.000000Z,g500000000_r+0000005_c+0000000,5,0,250000000000.0,39,2,0,210,parent_1000km,supported,3.2,True,True,True
C_DEV_2015_2019__I2,C_DEV_2015_2019,inner_block_start,I2,2004-12-31T16:00:00.000000Z,2004-12-30T16:00:00.000000Z,g500000000_r+0000005_c+0000001,5,1,250000000000.0,89,2,0,210,parent_1000km,supported,3.2,True,True,True
C_DEV_2015_2019__I2,C_DEV_2015_2019,inner_block_start,I2,2004-12-31T16:00:00.000000Z,2004-12-30T16:00:00.000000Z,g500000000_r+0000005_c+0000002,5,2,196907565002.725,64,2,1,68,not_estimable,indeterminate,,True,False,False
C_DEV_2015_2019__I2,C_DEV_2015_2019,inner_block_start,I2,2004-12-31T16:00:00.000000Z,2004-12-30T16:00:00.000000Z,g500000000_r+0000005_c+0000003,5,3,671816831.7331845,0,2,1,68,not_estimable,indeterminate,,True,False,False
C_DEV_2015_2019__I2,C_DEV_2015_2019,inner_block_start,I2,2004-12-31T16:00:00.000000Z,2004-12-30T16:00:00.000000Z,g500000000_r+0000006_c-0000005,6,-5,26307687034.742226,16,3,-3,165,not_estimable,indeterminate,,True,False,False
C_DEV_2015_2019__I2,C_DEV_2015_2019,inner_block_start,I2,2004-12-31T16:00:00.000000Z,2004-12-30T16:00:00.000000Z,g500000000_r+0000006_c-0000004,6,-4,190320594398.8866,218,3,-2,780,base_500km,supported,3.2,True,True,True
C_DEV_2015_2019__I2,C_DEV_2015_2019,inner_block_start,I2,2004-12-31T16:00:00.000000Z,2004-12-30T16:00:00.000000Z,g500000000_r+0000006_c-0000003,6,-3,238853371056.8762,167,3,-2,780,parent_1000km,supported,3.2,True,True,True
C_DEV_2015_2019__I2,C_DEV_2015_2019,inner_block_start,I2,2004-12-31T16:00:00.000000Z,2004-12-30T16:00:00.000000Z,g500000000_r+0000006_c-0000002,6,-2,247672469161.56644,351,3,-1,1605,base_500km,supported,3.2,True,True,True
C_DEV_2015_2019__I2,C_DEV_2015_2019,inner_block_start,I2,2004-12-31T16:00:00.000000Z,2004-12-30T16:00:00.000000Z,g500000000_r+0000006_c-0000001,6,-1,250000000000.0,627,3,-1,1605,base_500km,supported,3.2,True,True,True
C_DEV_2015_2019__I2,C_DEV_2015_2019,inner_block_start,I2,2004-12-31T16:00:00.000000Z,2004-12-30T16:00:00.000000Z,g500000000_r+0000006_c+0000000,6,0,250000000000.0,63,3,0,338,parent_1000km,supported,3.2,True,True,True
C_DEV_2015_2019__I2,C_DEV_2015_2019,inner_block_start,I2,2004-12-31T16:00:00.000000Z,2004-12-30T16:00:00.000000Z,g500000000_r+0000006_c+0000001,6,1,250000000000.0,41,3,0,338,parent_1000km,supported,3.2,True,True,True
C_DEV_2015_2019__I2,C_DEV_2015_2019,inner_block_start,I2,2004-12-31T16:00:00.000000Z,2004-12-30T16:00:00.000000Z,g500000000_r+0000006_c+0000002,6,2,249287979377.55872,50,3,1,122,not_estimable,indeterminate,,True,False,False
C_DEV_2015_2019__I2,C_DEV_2015_2019,inner_block_start,I2,2004-12-31T16:00:00.000000Z,2004-12-30T16:00:00.000000Z,g500000000_r+0000006_c+0000003,6,3,32419323521.00597,6,3,1,122,not_estimable,indeterminate,,True,False,False
C_DEV_2015_2019__I2,C_DEV_2015_2019,inner_block_start,I2,2004-12-31T16:00:00.000000Z,2004-12-30T16:00:00.000000Z,g500000000_r+0000007_c-0000005,7,-5,186851169308.37936,149,3,-3,165,not_estimable,indeterminate,,True,False,False
C_DEV_2015_2019__I2,C_DEV_2015_2019,inner_block_start,I2,2004-12-31T16:00:00.000000Z,2004-12-30T16:00:00.000000Z,g500000000_r+0000007_c-0000004,7,-4,250000000000.0,117,3,-2,780,parent_1000km,supported,3.2,True,True,True
C_DEV_2015_2019__I2,C_DEV_2015_2019,inner_block_start,I2,2004-12-31T16:00:00.000000Z,2004-12-30T16:00:00.000000Z,g500000000_r+0000007_c-0000003,7,-3,250000000000.0,278,3,-2,780,base_500km,unsupported,4.5,False,False,False
C_DEV_2015_2019__I2,C_DEV_2015_2019,inner_block_start,I2,2004-12-31T16:00:00.000000Z,2004-12-30T16:00:00.000000Z,g500000000_r+0000007_c-0000002,7,-2,250000000000.0,246,3,-1,1605,base_500km,supported,3.2,True,True,True
C_DEV_2015_2019__I2,C_DEV_2015_2019,inner_block_start,I2,2004-12-31T16:00:00.000000Z,2004-12-30T16:00:00.000000Z,g500000000_r+0000007_c-0000001,7,-1,250000000000.0,381,3,-1,1605,base_500km,supported,3.2,True,True,True
C_DEV_2015_2019__I2,C_DEV_2015_2019,inner_block_start,I2,2004-12-31T16:00:00.000000Z,2004-12-30T16:00:00.000000Z,g500000000_r+0000007_c+0000000,7,0,250000000000.0,109,3,0,338,parent_1000km,supported,3.2,True,True,True
C_DEV_2015_2019__I2,C_DEV_2015_2019,inner_block_start,I2,2004-12-31T16:00:00.000000Z,2004-12-30T16:00:00.000000Z,g500000000_r+0000007_c+0000001,7,1,250000000000.0,125,3,0,338,parent_1000km,supported,3.2,True,True,True
C_DEV_2015_2019__I2,C_DEV_2015_2019,inner_block_start,I2,2004-12-31T16:00:00.000000Z,2004-12-30T16:00:00.000000Z,g500000000_r+0000007_c+0000002,7,2,191666483395.32416,66,3,1,122,not_estimable,indeterminate,,True,False,False
C_DEV_2015_2019__I2,C_DEV_2015_2019,inner_block_start,I2,2004-12-31T16:00:00.000000Z,2004-12-30T16:00:00.000000Z,g500000000_r+0000007_c+0000003,7,3,2298776648.082298,0,3,1,122,not_estimable,indeterminate,,True,False,False
C_DEV_2015_2019__I2,C_DEV_2015_2019,inner_block_start,I2,2004-12-31T16:00:00.000000Z,2004-12-30T16:00:00.000000Z,g500000000_r+0000008_c-0000006,8,-6,15385288772.278814,63,4,-3,4311,parent_1000km,supported,3.2,True,True,True
C_DEV_2015_2019__I2,C_DEV_2015_2019,inner_block_start,I2,2004-12-31T16:00:00.000000Z,2004-12-30T16:00:00.000000Z,g500000000_r+0000008_c-0000005,8,-5,232223638076.97324,1770,4,-3,4311,base_500km,supported,3.2,True,True,True
C_DEV_2015_2019__I2,C_DEV_2015_2019,inner_block_start,I2,2004-12-31T16:00:00.000000Z,2004-12-30T16:00:00.000000Z,g500000000_r+0000008_c-0000004,8,-4,250000000000.0,228,4,-2,1851,base_500km,supported,3.3,True,True,True
C_DEV_2015_2019__I2,C_DEV_2015_2019,inner_block_start,I2,2004-12-31T16:00:00.000000Z,2004-12-30T16:00:00.000000Z,g500000000_r+0000008_c-0000003,8,-3,250000000000.0,283,4,-2,1851,base_500km,supported,3.3,True,True,True
C_DEV_2015_2019__I2,C_DEV_2015_2019,inner_block_start,I2,2004-12-31T16:00:00.000000Z,2004-12-30T16:00:00.000000Z,g500000000_r+0000008_c-0000002,8,-2,250000000000.0,328,4,-1,746,base_500km,supported,3.2,True,True,True
C_DEV_2015_2019__I2,C_DEV_2015_2019,inner_block_start,I2,2004-12-31T16:00:00.000000Z,2004-12-30T16:00:00.000000Z,g500000000_r+0000008_c-0000001,8,-1,249425621182.58255,348,4,-1,746,base_500km,supported,3.2,True,True,True
C_DEV_2015_2019__I2,C_DEV_2015_2019,inner_block_start,I2,2004-12-31T16:00:00.000000Z,2004-12-30T16:00:00.000000Z,g500000000_r+0000008_c+0000000,8,0,249737666957.76474,304,4,0,802,base_500km,supported,3.2,True,True,True
C_DEV_2015_2019__I2,C_DEV_2015_2019,inner_block_start,I2,2004-12-31T16:00:00.000000Z,2004-12-30T16:00:00.000000Z,g500000000_r+0000008_c+0000001,8,1,250000000000.0,427,4,0,802,base_500km,supported,3.2,True,True,True
C_DEV_2015_2019__I2,C_DEV_2015_2019,inner_block_start,I2,2004-12-31T16:00:00.000000Z,2004-12-30T16:00:00.000000Z,g500000000_r+0000008_c+0000002,8,2,140587143973.97015,1191,4,1,1550,base_500km,supported,3.6,True,True,True
C_DEV_2015_2019__I2,C_DEV_2015_2019,inner_block_start,I2,2004-12-31T16:00:00.000000Z,2004-12-30T16:00:00.000000Z,g500000000_r+0000008_c+0000003,8,3,10562408419.369371,7,4,1,1550,parent_1000km,supported,3.6,True,True,True
C_DEV_2015_2019__I2,C_DEV_2015_2019,inner_block_start,I2,2004-12-31T16:00:00.000000Z,2004-12-30T16:00:00.000000Z,g500000000_r+0000009_c-0000006,9,-6,19945588505.432407,469,4,-3,4311,base_500km,supported,3.2,True,True,True
C_DEV_2015_2019__I2,C_DEV_2015_2019,inner_block_start,I2,2004-12-31T16:00:00.000000Z,2004-12-30T16:00:00.000000Z,g500000000_r+0000009_c-0000005,9,-5,121120255925.02194,2009,4,-3,4311,base_500km,supported,3.2,True,True,True
C_DEV_2015_2019__I2,C_DEV_2015_2019,inner_block_start,I2,2004-12-31T16:00:00.000000Z,2004-12-30T16:00:00.000000Z,g500000000_r+0000009_c-0000004,9,-4,240075899126.91846,941,4,-2,1851,base_500km,supported,3.2,True,True,True
C_DEV_2015_2019__I2,C_DEV_2015_2019,inner_block_start,I2,2004-12-31T16:00:00.000000Z,2004-12-30T16:00:00.000000Z,g500000000_r+0000009_c-0000003,9,-3,244590302069.89362,399,4,-2,1851,base_500km,supported,3.3,True,True,True
C_DEV_2015_2019__I2,C_DEV_2015_2019,inner_block_start,I2,2004-12-31T16:00:00.000000Z,2004-12-30T16:00:00.000000Z,g500000000_r+0000009_c-0000002,9,-2,130797167924.60342,67,4,-1,746,parent_1000km,supported,3.2,True,True,True
C_DEV_2015_2019__I2,C_DEV_2015_2019,inner_block_start,I2,2004-12-31T16:00:00.000000Z,2004-12-30T16:00:00.000000Z,g500000000_r+0000009_c-0000001,9,-1,31100867482.53936,3,4,-1,746,parent_1000km,supported,3.2,True,True,True
C_DEV_2015_2019__I2,C_DEV_2015_2019,inner_block_start,I2,2004-12-31T16:00:00.000000Z,2004-12-30T16:00:00.000000Z,g500000000_r+0000009_c+0000000,9,0,38512137110.20177,12,4,0,802,parent_1000km,supported,3.2,True,True,True
C_DEV_2015_2019__I2,C_DEV_2015_2019,inner_block_start,I2,2004-12-31T16:00:00.000000Z,2004-12-30T16:00:00.000000Z,g500000000_r+0000009_c+0000001,9,1,211120881312.65228,59,4,0,802,parent_1000km,supported,3.2,True,True,True
C_DEV_2015_2019__I2,C_DEV_2015_2019,inner_block_start,I2,2004-12-31T16:00:00.000000Z,2004-12-30T16:00:00.000000Z,g500000000_r+0000009_c+0000002,9,2,248472443280.00296,316,4,1,1550,base_500km,supported,3.2,True,True,True
C_DEV_2015_2019__I2,C_DEV_2015_2019,inner_block_start,I2,2004-12-31T16:00:00.000000Z,2004-12-30T16:00:00.000000Z,g500000000_r+0000009_c+0000003,9,3,185305983054.86414,36,4,1,1550,parent_1000km,supported,3.6,True,True,True
C_DEV_2015_2019__I2,C_DEV_2015_2019,inner_block_start,I2,2004-12-31T16:00:00.000000Z,2004-12-30T16:00:00.000000Z,g500000000_r+0000009_c+0000004,9,4,9425374546.9006,8,4,2,8,not_estimable,indeterminate,,True,False,False
C_DEV_2015_2019__I2,C_DEV_2015_2019,inner_block_start,I2,2004-12-31T16:00:00.000000Z,2004-12-30T16:00:00.000000Z,g500000000_r+0000010_c-0000004,10,-4,78241710216.52547,168,5,-2,273,parent_1000km,supported,3.3,True,True,True
C_DEV_2015_2019__I2,C_DEV_2015_2019,inner_block_start,I2,2004-12-31T16:00:00.000000Z,2004-12-30T16:00:00.000000Z,g500000000_r+0000010_c-0000003,10,-3,141046179553.0188,105,5,-2,273,parent_1000km,supported,3.3,True,True,True
C_DEV_2015_2019__I2,C_DEV_2015_2019,inner_block_start,I2,2004-12-31T16:00:00.000000Z,2004-12-30T16:00:00.000000Z,g500000000_r+0000010_c+0000001,10,1,48227230349.25447,23,5,0,23,not_estimable,indeterminate,,True,False,False
C_DEV_2015_2019__I2,C_DEV_2015_2019,inner_block_start,I2,2004-12-31T16:00:00.000000Z,2004-12-30T16:00:00.000000Z,g500000000_r+0000010_c+0000002,10,2,236920439817.02533,68,5,1,138,not_estimable,indeterminate,,True,False,False
C_DEV_2015_2019__I2,C_DEV_2015_2019,inner_block_start,I2,2004-12-31T16:00:00.000000Z,2004-12-30T16:00:00.000000Z,g500000000_r+0000010_c+0000003,10,3,243084632671.1493,40,5,1,138,not_estimable,indeterminate,,True,False,False
C_DEV_2015_2019__I2,C_DEV_2015_2019,inner_block_start,I2,2004-12-31T16:00:00.000000Z,2004-12-30T16:00:00.000000Z,g500000000_r+0000010_c+0000004,10,4,64022253970.34851,2,5,2,2,not_estimable,indeterminate,,True,False,False
C_DEV_2015_2019__I2,C_DEV_2015_2019,inner_block_start,I2,2004-12-31T16:00:00.000000Z,2004-12-30T16:00:00.000000Z,g500000000_r+0000011_c+0000002,11,2,169786352112.4043,24,5,1,138,not_estimable,indeterminate,,True,False,False
C_DEV_2015_2019__I2,C_DEV_2015_2019,inner_block_start,I2,2004-12-31T16:00:00.000000Z,2004-12-30T16:00:00.000000Z,g500000000_r+0000011_c+0000003,11,3,40973641596.34899,6,5,1,138,not_estimable,indeterminate,,True,False,False
C_DEV_2015_2019__I2,C_DEV_2015_2019,inner_block_start,I2,2004-12-31T16:00:00.000000Z,2004-12-30T16:00:00.000000Z,g500000000_r+0000011_c+0000004,11,4,4581119547.796514,0,5,2,2,not_estimable,indeterminate,,True,False,False
C_DEV_2015_2019__I3,C_DEV_2015_2019,inner_block_start,I3,2009-12-31T16:00:00.000000Z,2009-12-30T16:00:00.000000Z,g500000000_r+0000004_c-0000002,4,-2,20961703964.393833,215,2,-1,2751,base_500km,supported,3.2,True,True,True
C_DEV_2015_2019__I3,C_DEV_2015_2019,inner_block_start,I3,2009-12-31T16:00:00.000000Z,2009-12-30T16:00:00.000000Z,g500000000_r+0000004_c-0000001,4,-1,90331151902.37128,578,2,-1,2751,base_500km,supported,3.2,True,True,True
C_DEV_2015_2019__I3,C_DEV_2015_2019,inner_block_start,I3,2009-12-31T16:00:00.000000Z,2009-12-30T16:00:00.000000Z,g500000000_r+0000004_c+0000000,4,0,98547006665.30876,54,2,0,228,parent_1000km,supported,3.2,True,True,True
C_DEV_2015_2019__I3,C_DEV_2015_2019,inner_block_start,I3,2009-12-31T16:00:00.000000Z,2009-12-30T16:00:00.000000Z,g500000000_r+0000004_c+0000001,4,1,111974151311.93896,34,2,0,228,parent_1000km,supported,3.2,True,True,True
C_DEV_2015_2019__I3,C_DEV_2015_2019,inner_block_start,I3,2009-12-31T16:00:00.000000Z,2009-12-30T16:00:00.000000Z,g500000000_r+0000004_c+0000002,4,2,13322759354.481386,5,2,1,85,not_estimable,indeterminate,,True,False,False
C_DEV_2015_2019__I3,C_DEV_2015_2019,inner_block_start,I3,2009-12-31T16:00:00.000000Z,2009-12-30T16:00:00.000000Z,g500000000_r+0000005_c-0000004,5,-4,201303005.47642165,1,2,-2,80,not_estimable,indeterminate,,True,False,False
C_DEV_2015_2019__I3,C_DEV_2015_2019,inner_block_start,I3,2009-12-31T16:00:00.000000Z,2009-12-30T16:00:00.000000Z,g500000000_r+0000005_c-0000003,5,-3,23419775399.026546,79,2,-2,80,not_estimable,indeterminate,,True,False,False
C_DEV_2015_2019__I3,C_DEV_2015_2019,inner_block_start,I3,2009-12-31T16:00:00.000000Z,2009-12-30T16:00:00.000000Z,g500000000_r+0000005_c-0000002,5,-2,88018439537.05296,792,2,-1,2751,base_500km,supported,3.2,True,True,True
C_DEV_2015_2019__I3,C_DEV_2015_2019,inner_block_start,I3,2009-12-31T16:00:00.000000Z,2009-12-30T16:00:00.000000Z,g500000000_r+0000005_c-0000001,5,-1,250000000000.0,1166,2,-1,2751,base_500km,supported,3.2,True,True,True
C_DEV_2015_2019__I3,C_DEV_2015_2019,inner_block_start,I3,2009-12-31T16:00:00.000000Z,2009-12-30T16:00:00.000000Z,g500000000_r+0000005_c+0000000,5,0,250000000000.0,51,2,0,228,parent_1000km,supported,3.2,True,True,True
C_DEV_2015_2019__I3,C_DEV_2015_2019,inner_block_start,I3,2009-12-31T16:00:00.000000Z,2009-12-30T16:00:00.000000Z,g500000000_r+0000005_c+0000001,5,1,250000000000.0,89,2,0,228,parent_1000km,supported,3.2,True,True,True
C_DEV_2015_2019__I3,C_DEV_2015_2019,inner_block_start,I3,2009-12-31T16:00:00.000000Z,2009-12-30T16:00:00.000000Z,g500000000_r+0000005_c+0000002,5,2,196907565002.725,80,2,1,85,not_estimable,indeterminate,,True,False,False
C_DEV_2015_2019__I3,C_DEV_2015_2019,inner_block_start,I3,2009-12-31T16:00:00.000000Z,2009-12-30T16:00:00.000000Z,g500000000_r+0000005_c+0000003,5,3,671816831.7331845,0,2,1,85,not_estimable,indeterminate,,True,False,False
C_DEV_2015_2019__I3,C_DEV_2015_2019,inner_block_start,I3,2009-12-31T16:00:00.000000Z,2009-12-30T16:00:00.000000Z,g500000000_r+0000006_c-0000005,6,-5,26307687034.742226,82,3,-3,296,parent_1000km,supported,3.8,True,True,True
C_DEV_2015_2019__I3,C_DEV_2015_2019,inner_block_start,I3,2009-12-31T16:00:00.000000Z,2009-12-30T16:00:00.000000Z,g500000000_r+0000006_c-0000004,6,-4,190320594398.8866,254,3,-2,1045,base_500km,supported,3.2,True,True,True
C_DEV_2015_2019__I3,C_DEV_2015_2019,inner_block_start,I3,2009-12-31T16:00:00.000000Z,2009-12-30T16:00:00.000000Z,g500000000_r+0000006_c-0000003,6,-3,238853371056.8762,239,3,-2,1045,base_500km,supported,3.2,True,True,True
C_DEV_2015_2019__I3,C_DEV_2015_2019,inner_block_start,I3,2009-12-31T16:00:00.000000Z,2009-12-30T16:00:00.000000Z,g500000000_r+0000006_c-0000002,6,-2,247672469161.56644,400,3,-1,2553,base_500km,supported,3.2,True,True,True
C_DEV_2015_2019__I3,C_DEV_2015_2019,inner_block_start,I3,2009-12-31T16:00:00.000000Z,2009-12-30T16:00:00.000000Z,g500000000_r+0000006_c-0000001,6,-1,250000000000.0,1447,3,-1,2553,base_500km,supported,3.2,True,True,True
C_DEV_2015_2019__I3,C_DEV_2015_2019,inner_block_start,I3,2009-12-31T16:00:00.000000Z,2009-12-30T16:00:00.000000Z,g500000000_r+0000006_c+0000000,6,0,250000000000.0,306,3,0,627,base_500km,supported,3.2,True,True,True
C_DEV_2015_2019__I3,C_DEV_2015_2019,inner_block_start,I3,2009-12-31T16:00:00.000000Z,2009-12-30T16:00:00.000000Z,g500000000_r+0000006_c+0000001,6,1,250000000000.0,47,3,0,627,parent_1000km,supported,3.2,True,True,True
C_DEV_2015_2019__I3,C_DEV_2015_2019,inner_block_start,I3,2009-12-31T16:00:00.000000Z,2009-12-30T16:00:00.000000Z,g500000000_r+0000006_c+0000002,6,2,249287979377.55872,84,3,1,168,not_estimable,indeterminate,,True,False,False
C_DEV_2015_2019__I3,C_DEV_2015_2019,inner_block_start,I3,2009-12-31T16:00:00.000000Z,2009-12-30T16:00:00.000000Z,g500000000_r+0000006_c+0000003,6,3,32419323521.00597,6,3,1,168,not_estimable,indeterminate,,True,False,False
C_DEV_2015_2019__I3,C_DEV_2015_2019,inner_block_start,I3,2009-12-31T16:00:00.000000Z,2009-12-30T16:00:00.000000Z,g500000000_r+0000007_c-0000005,7,-5,186851169308.37936,214,3,-3,296,base_500km,supported,3.4,True,True,True
C_DEV_2015_2019__I3,C_DEV_2015_2019,inner_block_start,I3,2009-12-31T16:00:00.000000Z,2009-12-30T16:00:00.000000Z,g500000000_r+0000007_c-0000004,7,-4,250000000000.0,142,3,-2,1045,parent_1000km,supported,3.2,True,True,True
C_DEV_2015_2019__I3,C_DEV_2015_2019,inner_block_start,I3,2009-12-31T16:00:00.000000Z,2009-12-30T16:00:00.000000Z,g500000000_r+0000007_c-0000003,7,-3,250000000000.0,410,3,-2,1045,base_500km,supported,3.4,True,True,True
C_DEV_2015_2019__I3,C_DEV_2015_2019,inner_block_start,I3,2009-12-31T16:00:00.000000Z,2009-12-30T16:00:00.000000Z,g500000000_r+0000007_c-0000002,7,-2,250000000000.0,279,3,-1,2553,base_500km,supported,3.2,True,True,True
C_DEV_2015_2019__I3,C_DEV_2015_2019,inner_block_start,I3,2009-12-31T16:00:00.000000Z,2009-12-30T16:00:00.000000Z,g500000000_r+0000007_c-0000001,7,-1,250000000000.0,427,3,-1,2553,base_500km,supported,3.2,True,True,True
C_DEV_2015_2019__I3,C_DEV_2015_2019,inner_block_start,I3,2009-12-31T16:00:00.000000Z,2009-12-30T16:00:00.000000Z,g500000000_r+0000007_c+0000000,7,0,250000000000.0,131,3,0,627,parent_1000km,supported,3.2,True,True,True
C_DEV_2015_2019__I3,C_DEV_2015_2019,inner_block_start,I3,2009-12-31T16:00:00.000000Z,2009-12-30T16:00:00.000000Z,g500000000_r+0000007_c+0000001,7,1,250000000000.0,143,3,0,627,parent_1000km,supported,3.2,True,True,True
C_DEV_2015_2019__I3,C_DEV_2015_2019,inner_block_start,I3,2009-12-31T16:00:00.000000Z,2009-12-30T16:00:00.000000Z,g500000000_r+0000007_c+0000002,7,2,191666483395.32416,78,3,1,168,not_estimable,indeterminate,,True,False,False
C_DEV_2015_2019__I3,C_DEV_2015_2019,inner_block_start,I3,2009-12-31T16:00:00.000000Z,2009-12-30T16:00:00.000000Z,g500000000_r+0000007_c+0000003,7,3,2298776648.082298,0,3,1,168,not_estimable,indeterminate,,True,False,False
C_DEV_2015_2019__I3,C_DEV_2015_2019,inner_block_start,I3,2009-12-31T16:00:00.000000Z,2009-12-30T16:00:00.000000Z,g500000000_r+0000008_c-0000006,8,-6,15385288772.278814,73,4,-3,5091,parent_1000km,supported,3.2,True,True,True
C_DEV_2015_2019__I3,C_DEV_2015_2019,inner_block_start,I3,2009-12-31T16:00:00.000000Z,2009-12-30T16:00:00.000000Z,g500000000_r+0000008_c-0000005,8,-5,232223638076.97324,2260,4,-3,5091,base_500km,supported,3.2,True,True,True
C_DEV_2015_2019__I3,C_DEV_2015_2019,inner_block_start,I3,2009-12-31T16:00:00.000000Z,2009-12-30T16:00:00.000000Z,g500000000_r+0000008_c-0000004,8,-4,250000000000.0,265,4,-2,2130,base_500km,supported,3.2,True,True,True
C_DEV_2015_2019__I3,C_DEV_2015_2019,inner_block_start,I3,2009-12-31T16:00:00.000000Z,2009-12-30T16:00:00.000000Z,g500000000_r+0000008_c-0000003,8,-3,250000000000.0,307,4,-2,2130,base_500km,supported,3.2,True,True,True
C_DEV_2015_2019__I3,C_DEV_2015_2019,inner_block_start,I3,2009-12-31T16:00:00.000000Z,2009-12-30T16:00:00.000000Z,g500000000_r+0000008_c-0000002,8,-2,250000000000.0,456,4,-1,924,base_500km,supported,3.2,True,True,True
C_DEV_2015_2019__I3,C_DEV_2015_2019,inner_block_start,I3,2009-12-31T16:00:00.000000Z,2009-12-30T16:00:00.000000Z,g500000000_r+0000008_c-0000001,8,-1,249425621182.58255,388,4,-1,924,base_500km,supported,3.2,True,True,True
C_DEV_2015_2019__I3,C_DEV_2015_2019,inner_block_start,I3,2009-12-31T16:00:00.000000Z,2009-12-30T16:00:00.000000Z,g500000000_r+0000008_c+0000000,8,0,249737666957.76474,322,4,0,844,base_500km,supported,3.2,True,True,True
C_DEV_2015_2019__I3,C_DEV_2015_2019,inner_block_start,I3,2009-12-31T16:00:00.000000Z,2009-12-30T16:00:00.000000Z,g500000000_r+0000008_c+0000001,8,1,250000000000.0,439,4,0,844,base_500km,supported,3.2,True,True,True
C_DEV_2015_2019__I3,C_DEV_2015_2019,inner_block_start,I3,2009-12-31T16:00:00.000000Z,2009-12-30T16:00:00.000000Z,g500000000_r+0000008_c+0000002,8,2,140587143973.97015,1203,4,1,1588,base_500km,supported,3.6,True,True,True
C_DEV_2015_2019__I3,C_DEV_2015_2019,inner_block_start,I3,2009-12-31T16:00:00.000000Z,2009-12-30T16:00:00.000000Z,g500000000_r+0000008_c+0000003,8,3,10562408419.369371,8,4,1,1588,parent_1000km,supported,3.6,True,True,True
C_DEV_2015_2019__I3,C_DEV_2015_2019,inner_block_start,I3,2009-12-31T16:00:00.000000Z,2009-12-30T16:00:00.000000Z,g500000000_r+0000009_c-0000006,9,-6,19945588505.432407,572,4,-3,5091,base_500km,supported,3.2,True,True,True
C_DEV_2015_2019__I3,C_DEV_2015_2019,inner_block_start,I3,2009-12-31T16:00:00.000000Z,2009-12-30T16:00:00.000000Z,g500000000_r+0000009_c-0000005,9,-5,121120255925.02194,2186,4,-3,5091,base_500km,supported,3.2,True,True,True
C_DEV_2015_2019__I3,C_DEV_2015_2019,inner_block_start,I3,2009-12-31T16:00:00.000000Z,2009-12-30T16:00:00.000000Z,g500000000_r+0000009_c-0000004,9,-4,240075899126.91846,1093,4,-2,2130,base_500km,supported,3.2,True,True,True
C_DEV_2015_2019__I3,C_DEV_2015_2019,inner_block_start,I3,2009-12-31T16:00:00.000000Z,2009-12-30T16:00:00.000000Z,g500000000_r+0000009_c-0000003,9,-3,244590302069.89362,465,4,-2,2130,base_500km,supported,3.3,True,True,True
C_DEV_2015_2019__I3,C_DEV_2015_2019,inner_block_start,I3,2009-12-31T16:00:00.000000Z,2009-12-30T16:00:00.000000Z,g500000000_r+0000009_c-0000002,9,-2,130797167924.60342,77,4,-1,924,parent_1000km,supported,3.2,True,True,True
C_DEV_2015_2019__I3,C_DEV_2015_2019,inner_block_start,I3,2009-12-31T16:00:00.000000Z,2009-12-30T16:00:00.000000Z,g500000000_r+0000009_c-0000001,9,-1,31100867482.53936,3,4,-1,924,parent_1000km,supported,3.2,True,True,True
C_DEV_2015_2019__I3,C_DEV_2015_2019,inner_block_start,I3,2009-12-31T16:00:00.000000Z,2009-12-30T16:00:00.000000Z,g500000000_r+0000009_c+0000000,9,0,38512137110.20177,13,4,0,844,parent_1000km,supported,3.2,True,True,True
C_DEV_2015_2019__I3,C_DEV_2015_2019,inner_block_start,I3,2009-12-31T16:00:00.000000Z,2009-12-30T16:00:00.000000Z,g500000000_r+0000009_c+0000001,9,1,211120881312.65228,70,4,0,844,parent_1000km,supported,3.2,True,True,True
C_DEV_2015_2019__I3,C_DEV_2015_2019,inner_block_start,I3,2009-12-31T16:00:00.000000Z,2009-12-30T16:00:00.000000Z,g500000000_r+0000009_c+0000002,9,2,248472443280.00296,334,4,1,1588,base_500km,supported,3.2,True,True,True
C_DEV_2015_2019__I3,C_DEV_2015_2019,inner_block_start,I3,2009-12-31T16:00:00.000000Z,2009-12-30T16:00:00.000000Z,g500000000_r+0000009_c+0000003,9,3,185305983054.86414,43,4,1,1588,parent_1000km,supported,3.6,True,True,True
C_DEV_2015_2019__I3,C_DEV_2015_2019,inner_block_start,I3,2009-12-31T16:00:00.000000Z,2009-12-30T16:00:00.000000Z,g500000000_r+0000009_c+0000004,9,4,9425374546.9006,10,4,2,10,not_estimable,indeterminate,,True,False,False
C_DEV_2015_2019__I3,C_DEV_2015_2019,inner_block_start,I3,2009-12-31T16:00:00.000000Z,2009-12-30T16:00:00.000000Z,g500000000_r+0000010_c-0000004,10,-4,78241710216.52547,191,5,-2,311,parent_1000km,supported,3.4,True,True,True
C_DEV_2015_2019__I3,C_DEV_2015_2019,inner_block_start,I3,2009-12-31T16:00:00.000000Z,2009-12-30T16:00:00.000000Z,g500000000_r+0000010_c-0000003,10,-3,141046179553.0188,120,5,-2,311,parent_1000km,supported,3.4,True,True,True
C_DEV_2015_2019__I3,C_DEV_2015_2019,inner_block_start,I3,2009-12-31T16:00:00.000000Z,2009-12-30T16:00:00.000000Z,g500000000_r+0000010_c+0000001,10,1,48227230349.25447,24,5,0,24,not_estimable,indeterminate,,True,False,False
C_DEV_2015_2019__I3,C_DEV_2015_2019,inner_block_start,I3,2009-12-31T16:00:00.000000Z,2009-12-30T16:00:00.000000Z,g500000000_r+0000010_c+0000002,10,2,236920439817.02533,80,5,1,163,not_estimable,indeterminate,,True,False,False
C_DEV_2015_2019__I3,C_DEV_2015_2019,inner_block_start,I3,2009-12-31T16:00:00.000000Z,2009-12-30T16:00:00.000000Z,g500000000_r+0000010_c+0000003,10,3,243084632671.1493,47,5,1,163,not_estimable,indeterminate,,True,False,False
C_DEV_2015_2019__I3,C_DEV_2015_2019,inner_block_start,I3,2009-12-31T16:00:00.000000Z,2009-12-30T16:00:00.000000Z,g500000000_r+0000010_c+0000004,10,4,64022253970.34851,5,5,2,5,not_estimable,indeterminate,,True,False,False
C_DEV_2015_2019__I3,C_DEV_2015_2019,inner_block_start,I3,2009-12-31T16:00:00.000000Z,2009-12-30T16:00:00.000000Z,g500000000_r+0000011_c+0000002,11,2,169786352112.4043,30,5,1,163,not_estimable,indeterminate,,True,False,False
C_DEV_2015_2019__I3,C_DEV_2015_2019,inner_block_start,I3,2009-12-31T16:00:00.000000Z,2009-12-30T16:00:00.000000Z,g500000000_r+0000011_c+0000003,11,3,40973641596.34899,6,5,1,163,not_estimable,indeterminate,,True,False,False
C_DEV_2015_2019__I3,C_DEV_2015_2019,inner_block_start,I3,2009-12-31T16:00:00.000000Z,2009-12-30T16:00:00.000000Z,g500000000_r+0000011_c+0000004,11,4,4581119547.796514,0,5,2,5,not_estimable,indeterminate,,True,False,False
C_DEV_2015_2019__OUTER,C_DEV_2015_2019,outer_fold_start,,2014-12-31T16:00:00.000000Z,2014-12-30T16:00:00.000000Z,g500000000_r+0000004_c-0000002,4,-2,20961703964.393833,217,2,-1,3185,base_500km,supported,3.2,True,True,True
C_DEV_2015_2019__OUTER,C_DEV_2015_2019,outer_fold_start,,2014-12-31T16:00:00.000000Z,2014-12-30T16:00:00.000000Z,g500000000_r+0000004_c-0000001,4,-1,90331151902.37128,651,2,-1,3185,base_500km,supported,3.2,True,True,True
C_DEV_2015_2019__OUTER,C_DEV_2015_2019,outer_fold_start,,2014-12-31T16:00:00.000000Z,2014-12-30T16:00:00.000000Z,g500000000_r+0000004_c+0000000,4,0,98547006665.30876,57,2,0,252,parent_1000km,supported,3.2,True,True,True
C_DEV_2015_2019__OUTER,C_DEV_2015_2019,outer_fold_start,,2014-12-31T16:00:00.000000Z,2014-12-30T16:00:00.000000Z,g500000000_r+0000004_c+0000001,4,1,111974151311.93896,36,2,0,252,parent_1000km,supported,3.2,True,True,True
C_DEV_2015_2019__OUTER,C_DEV_2015_2019,outer_fold_start,,2014-12-31T16:00:00.000000Z,2014-12-30T16:00:00.000000Z,g500000000_r+0000004_c+0000002,4,2,13322759354.481386,5,2,1,95,not_estimable,indeterminate,,True,False,False
C_DEV_2015_2019__OUTER,C_DEV_2015_2019,outer_fold_start,,2014-12-31T16:00:00.000000Z,2014-12-30T16:00:00.000000Z,g500000000_r+0000005_c-0000004,5,-4,201303005.47642165,1,2,-2,87,not_estimable,indeterminate,,True,False,False
C_DEV_2015_2019__OUTER,C_DEV_2015_2019,outer_fold_start,,2014-12-31T16:00:00.000000Z,2014-12-30T16:00:00.000000Z,g500000000_r+0000005_c-0000003,5,-3,23419775399.026546,86,2,-2,87,not_estimable,indeterminate,,True,False,False
C_DEV_2015_2019__OUTER,C_DEV_2015_2019,outer_fold_start,,2014-12-31T16:00:00.000000Z,2014-12-30T16:00:00.000000Z,g500000000_r+0000005_c-0000002,5,-2,88018439537.05296,968,2,-1,3185,base_500km,supported,3.2,True,True,True
C_DEV_2015_2019__OUTER,C_DEV_2015_2019,outer_fold_start,,2014-12-31T16:00:00.000000Z,2014-12-30T16:00:00.000000Z,g500000000_r+0000005_c-0000001,5,-1,250000000000.0,1349,2,-1,3185,base_500km,supported,3.2,True,True,True
C_DEV_2015_2019__OUTER,C_DEV_2015_2019,outer_fold_start,,2014-12-31T16:00:00.000000Z,2014-12-30T16:00:00.000000Z,g500000000_r+0000005_c+0000000,5,0,250000000000.0,62,2,0,252,parent_1000km,supported,3.2,True,True,True
C_DEV_2015_2019__OUTER,C_DEV_2015_2019,outer_fold_start,,2014-12-31T16:00:00.000000Z,2014-12-30T16:00:00.000000Z,g500000000_r+0000005_c+0000001,5,1,250000000000.0,97,2,0,252,parent_1000km,supported,3.2,True,True,True
C_DEV_2015_2019__OUTER,C_DEV_2015_2019,outer_fold_start,,2014-12-31T16:00:00.000000Z,2014-12-30T16:00:00.000000Z,g500000000_r+0000005_c+0000002,5,2,196907565002.725,90,2,1,95,not_estimable,indeterminate,,True,False,False
C_DEV_2015_2019__OUTER,C_DEV_2015_2019,outer_fold_start,,2014-12-31T16:00:00.000000Z,2014-12-30T16:00:00.000000Z,g500000000_r+0000005_c+0000003,5,3,671816831.7331845,0,2,1,95,not_estimable,indeterminate,,True,False,False
C_DEV_2015_2019__OUTER,C_DEV_2015_2019,outer_fold_start,,2014-12-31T16:00:00.000000Z,2014-12-30T16:00:00.000000Z,g500000000_r+0000006_c-0000005,6,-5,26307687034.742226,89,3,-3,326,parent_1000km,unsupported,4.1,False,False,False
C_DEV_2015_2019__OUTER,C_DEV_2015_2019,outer_fold_start,,2014-12-31T16:00:00.000000Z,2014-12-30T16:00:00.000000Z,g500000000_r+0000006_c-0000004,6,-4,190320594398.8866,319,3,-2,1324,base_500km,supported,3.2,True,True,True
C_DEV_2015_2019__OUTER,C_DEV_2015_2019,outer_fold_start,,2014-12-31T16:00:00.000000Z,2014-12-30T16:00:00.000000Z,g500000000_r+0000006_c-0000003,6,-3,238853371056.8762,266,3,-2,1324,base_500km,supported,3.2,True,True,True
C_DEV_2015_2019__OUTER,C_DEV_2015_2019,outer_fold_start,,2014-12-31T16:00:00.000000Z,2014-12-30T16:00:00.000000Z,g500000000_r+0000006_c-0000002,6,-2,247672469161.56644,471,3,-1,3149,base_500km,supported,3.2,True,True,True
C_DEV_2015_2019__OUTER,C_DEV_2015_2019,outer_fold_start,,2014-12-31T16:00:00.000000Z,2014-12-30T16:00:00.000000Z,g500000000_r+0000006_c-0000001,6,-1,250000000000.0,1838,3,-1,3149,base_500km,supported,3.2,True,True,True
C_DEV_2015_2019__OUTER,C_DEV_2015_2019,outer_fold_start,,2014-12-31T16:00:00.000000Z,2014-12-30T16:00:00.000000Z,g500000000_r+0000006_c+0000000,6,0,250000000000.0,399,3,0,759,base_500km,supported,3.2,True,True,True
C_DEV_2015_2019__OUTER,C_DEV_2015_2019,outer_fold_start,,2014-12-31T16:00:00.000000Z,2014-12-30T16:00:00.000000Z,g500000000_r+0000006_c+0000001,6,1,250000000000.0,63,3,0,759,parent_1000km,supported,3.2,True,True,True
C_DEV_2015_2019__OUTER,C_DEV_2015_2019,outer_fold_start,,2014-12-31T16:00:00.000000Z,2014-12-30T16:00:00.000000Z,g500000000_r+0000006_c+0000002,6,2,249287979377.55872,111,3,1,208,parent_1000km,supported,3.2,True,True,True
C_DEV_2015_2019__OUTER,C_DEV_2015_2019,outer_fold_start,,2014-12-31T16:00:00.000000Z,2014-12-30T16:00:00.000000Z,g500000000_r+0000006_c+0000003,6,3,32419323521.00597,6,3,1,208,parent_1000km,supported,3.2,True,True,True
C_DEV_2015_2019__OUTER,C_DEV_2015_2019,outer_fold_start,,2014-12-31T16:00:00.000000Z,2014-12-30T16:00:00.000000Z,g500000000_r+0000007_c-0000005,7,-5,186851169308.37936,237,3,-3,326,base_500km,supported,4.0,True,True,True
C_DEV_2015_2019__OUTER,C_DEV_2015_2019,outer_fold_start,,2014-12-31T16:00:00.000000Z,2014-12-30T16:00:00.000000Z,g500000000_r+0000007_c-0000004,7,-4,250000000000.0,209,3,-2,1324,base_500km,supported,3.8,True,True,True
C_DEV_2015_2019__OUTER,C_DEV_2015_2019,outer_fold_start,,2014-12-31T16:00:00.000000Z,2014-12-30T16:00:00.000000Z,g500000000_r+0000007_c-0000003,7,-3,250000000000.0,530,3,-2,1324,base_500km,supported,3.4,True,True,True
C_DEV_2015_2019__OUTER,C_DEV_2015_2019,outer_fold_start,,2014-12-31T16:00:00.000000Z,2014-12-30T16:00:00.000000Z,g500000000_r+0000007_c-0000002,7,-2,250000000000.0,362,3,-1,3149,base_500km,supported,3.2,True,True,True
C_DEV_2015_2019__OUTER,C_DEV_2015_2019,outer_fold_start,,2014-12-31T16:00:00.000000Z,2014-12-30T16:00:00.000000Z,g500000000_r+0000007_c-0000001,7,-1,250000000000.0,478,3,-1,3149,base_500km,supported,3.2,True,True,True
C_DEV_2015_2019__OUTER,C_DEV_2015_2019,outer_fold_start,,2014-12-31T16:00:00.000000Z,2014-12-30T16:00:00.000000Z,g500000000_r+0000007_c+0000000,7,0,250000000000.0,138,3,0,759,parent_1000km,supported,3.2,True,True,True
C_DEV_2015_2019__OUTER,C_DEV_2015_2019,outer_fold_start,,2014-12-31T16:00:00.000000Z,2014-12-30T16:00:00.000000Z,g500000000_r+0000007_c+0000001,7,1,250000000000.0,159,3,0,759,parent_1000km,supported,3.2,True,True,True
C_DEV_2015_2019__OUTER,C_DEV_2015_2019,outer_fold_start,,2014-12-31T16:00:00.000000Z,2014-12-30T16:00:00.000000Z,g500000000_r+0000007_c+0000002,7,2,191666483395.32416,90,3,1,208,parent_1000km,supported,3.2,True,True,True
C_DEV_2015_2019__OUTER,C_DEV_2015_2019,outer_fold_start,,2014-12-31T16:00:00.000000Z,2014-12-30T16:00:00.000000Z,g500000000_r+0000007_c+0000003,7,3,2298776648.082298,1,3,1,208,parent_1000km,supported,3.2,True,True,True
C_DEV_2015_2019__OUTER,C_DEV_2015_2019,outer_fold_start,,2014-12-31T16:00:00.000000Z,2014-12-30T16:00:00.000000Z,g500000000_r+0000008_c-0000006,8,-6,15385288772.278814,87,4,-3,5473,parent_1000km,supported,3.2,True,True,True
C_DEV_2015_2019__OUTER,C_DEV_2015_2019,outer_fold_start,,2014-12-31T16:00:00.000000Z,2014-12-30T16:00:00.000000Z,g500000000_r+0000008_c-0000005,8,-5,232223638076.97324,2393,4,-3,5473,base_500km,supported,3.2,True,True,True
C_DEV_2015_2019__OUTER,C_DEV_2015_2019,outer_fold_start,,2014-12-31T16:00:00.000000Z,2014-12-30T16:00:00.000000Z,g500000000_r+0000008_c-0000004,8,-4,250000000000.0,421,4,-2,2585,base_500km,supported,3.2,True,True,True
C_DEV_2015_2019__OUTER,C_DEV_2015_2019,outer_fold_start,,2014-12-31T16:00:00.000000Z,2014-12-30T16:00:00.000000Z,g500000000_r+0000008_c-0000003,8,-3,250000000000.0,351,4,-2,2585,base_500km,supported,3.2,True,True,True
C_DEV_2015_2019__OUTER,C_DEV_2015_2019,outer_fold_start,,2014-12-31T16:00:00.000000Z,2014-12-30T16:00:00.000000Z,g500000000_r+0000008_c-0000002,8,-2,250000000000.0,508,4,-1,1049,base_500km,supported,3.2,True,True,True
C_DEV_2015_2019__OUTER,C_DEV_2015_2019,outer_fold_start,,2014-12-31T16:00:00.000000Z,2014-12-30T16:00:00.000000Z,g500000000_r+0000008_c-0000001,8,-1,249425621182.58255,449,4,-1,1049,base_500km,supported,3.2,True,True,True
C_DEV_2015_2019__OUTER,C_DEV_2015_2019,outer_fold_start,,2014-12-31T16:00:00.000000Z,2014-12-30T16:00:00.000000Z,g500000000_r+0000008_c+0000000,8,0,249737666957.76474,356,4,0,905,base_500km,supported,3.2,True,True,True
C_DEV_2015_2019__OUTER,C_DEV_2015_2019,outer_fold_start,,2014-12-31T16:00:00.000000Z,2014-12-30T16:00:00.000000Z,g500000000_r+0000008_c+0000001,8,1,250000000000.0,463,4,0,905,base_500km,supported,3.2,True,True,True
C_DEV_2015_2019__OUTER,C_DEV_2015_2019,outer_fold_start,,2014-12-31T16:00:00.000000Z,2014-12-30T16:00:00.000000Z,g500000000_r+0000008_c+0000002,8,2,140587143973.97015,1244,4,1,1681,base_500km,supported,3.6,True,True,True
C_DEV_2015_2019__OUTER,C_DEV_2015_2019,outer_fold_start,,2014-12-31T16:00:00.000000Z,2014-12-30T16:00:00.000000Z,g500000000_r+0000008_c+0000003,8,3,10562408419.369371,8,4,1,1681,parent_1000km,supported,3.6,True,True,True
C_DEV_2015_2019__OUTER,C_DEV_2015_2019,outer_fold_start,,2014-12-31T16:00:00.000000Z,2014-12-30T16:00:00.000000Z,g500000000_r+0000009_c-0000006,9,-6,19945588505.432407,629,4,-3,5473,base_500km,supported,3.2,True,True,True
C_DEV_2015_2019__OUTER,C_DEV_2015_2019,outer_fold_start,,2014-12-31T16:00:00.000000Z,2014-12-30T16:00:00.000000Z,g500000000_r+0000009_c-0000005,9,-5,121120255925.02194,2364,4,-3,5473,base_500km,supported,3.2,True,True,True
C_DEV_2015_2019__OUTER,C_DEV_2015_2019,outer_fold_start,,2014-12-31T16:00:00.000000Z,2014-12-30T16:00:00.000000Z,g500000000_r+0000009_c-0000004,9,-4,240075899126.91846,1279,4,-2,2585,base_500km,supported,3.2,True,True,True
C_DEV_2015_2019__OUTER,C_DEV_2015_2019,outer_fold_start,,2014-12-31T16:00:00.000000Z,2014-12-30T16:00:00.000000Z,g500000000_r+0000009_c-0000003,9,-3,244590302069.89362,534,4,-2,2585,base_500km,supported,3.3,True,True,True
C_DEV_2015_2019__OUTER,C_DEV_2015_2019,outer_fold_start,,2014-12-31T16:00:00.000000Z,2014-12-30T16:00:00.000000Z,g500000000_r+0000009_c-0000002,9,-2,130797167924.60342,89,4,-1,1049,parent_1000km,supported,3.2,True,True,True
C_DEV_2015_2019__OUTER,C_DEV_2015_2019,outer_fold_start,,2014-12-31T16:00:00.000000Z,2014-12-30T16:00:00.000000Z,g500000000_r+0000009_c-0000001,9,-1,31100867482.53936,3,4,-1,1049,parent_1000km,supported,3.2,True,True,True
C_DEV_2015_2019__OUTER,C_DEV_2015_2019,outer_fold_start,,2014-12-31T16:00:00.000000Z,2014-12-30T16:00:00.000000Z,g500000000_r+0000009_c+0000000,9,0,38512137110.20177,14,4,0,905,parent_1000km,supported,3.2,True,True,True
C_DEV_2015_2019__OUTER,C_DEV_2015_2019,outer_fold_start,,2014-12-31T16:00:00.000000Z,2014-12-30T16:00:00.000000Z,g500000000_r+0000009_c+0000001,9,1,211120881312.65228,72,4,0,905,parent_1000km,supported,3.2,True,True,True
C_DEV_2015_2019__OUTER,C_DEV_2015_2019,outer_fold_start,,2014-12-31T16:00:00.000000Z,2014-12-30T16:00:00.000000Z,g500000000_r+0000009_c+0000002,9,2,248472443280.00296,370,4,1,1681,base_500km,supported,3.2,True,True,True
C_DEV_2015_2019__OUTER,C_DEV_2015_2019,outer_fold_start,,2014-12-31T16:00:00.000000Z,2014-12-30T16:00:00.000000Z,g500000000_r+0000009_c+0000003,9,3,185305983054.86414,59,4,1,1681,parent_1000km,supported,3.6,True,True,True
C_DEV_2015_2019__OUTER,C_DEV_2015_2019,outer_fold_start,,2014-12-31T16:00:00.000000Z,2014-12-30T16:00:00.000000Z,g500000000_r+0000009_c+0000004,9,4,9425374546.9006,13,4,2,13,not_estimable,indeterminate,,True,False,False
C_DEV_2015_2019__OUTER,C_DEV_2015_2019,outer_fold_start,,2014-12-31T16:00:00.000000Z,2014-12-30T16:00:00.000000Z,g500000000_r+0000010_c-0000004,10,-4,78241710216.52547,203,5,-2,337,base_500km,supported,3.4,True,True,True
C_DEV_2015_2019__OUTER,C_DEV_2015_2019,outer_fold_start,,2014-12-31T16:00:00.000000Z,2014-12-30T16:00:00.000000Z,g500000000_r+0000010_c-0000003,10,-3,141046179553.0188,134,5,-2,337,parent_1000km,supported,3.4,True,True,True
C_DEV_2015_2019__OUTER,C_DEV_2015_2019,outer_fold_start,,2014-12-31T16:00:00.000000Z,2014-12-30T16:00:00.000000Z,g500000000_r+0000010_c+0000001,10,1,48227230349.25447,26,5,0,26,not_estimable,indeterminate,,True,False,False
C_DEV_2015_2019__OUTER,C_DEV_2015_2019,outer_fold_start,,2014-12-31T16:00:00.000000Z,2014-12-30T16:00:00.000000Z,g500000000_r+0000010_c+0000002,10,2,236920439817.02533,90,5,1,181,not_estimable,indeterminate,,True,False,False
C_DEV_2015_2019__OUTER,C_DEV_2015_2019,outer_fold_start,,2014-12-31T16:00:00.000000Z,2014-12-30T16:00:00.000000Z,g500000000_r+0000010_c+0000003,10,3,243084632671.1493,52,5,1,181,not_estimable,indeterminate,,True,False,False
C_DEV_2015_2019__OUTER,C_DEV_2015_2019,outer_fold_start,,2014-12-31T16:00:00.000000Z,2014-12-30T16:00:00.000000Z,g500000000_r+0000010_c+0000004,10,4,64022253970.34851,7,5,2,7,not_estimable,indeterminate,,True,False,False
C_DEV_2015_2019__OUTER,C_DEV_2015_2019,outer_fold_start,,2014-12-31T16:00:00.000000Z,2014-12-30T16:00:00.000000Z,g500000000_r+0000011_c+0000002,11,2,169786352112.4043,33,5,1,181,not_estimable,indeterminate,,True,False,False
C_DEV_2015_2019__OUTER,C_DEV_2015_2019,outer_fold_start,,2014-12-31T16:00:00.000000Z,2014-12-30T16:00:00.000000Z,g500000000_r+0000011_c+0000003,11,3,40973641596.34899,6,5,1,181,not_estimable,indeterminate,,True,False,False
C_DEV_2015_2019__OUTER,C_DEV_2015_2019,outer_fold_start,,2014-12-31T16:00:00.000000Z,2014-12-30T16:00:00.000000Z,g500000000_r+0000011_c+0000004,11,4,4581119547.796514,0,5,2,7,not_estimable,indeterminate,,True,False,False
